product_external_id,category_external_id
00-00000001,seo:primary-cells
00-00000007,seo:rechargeable-cells
КА-00000005,seo:rechargeable-cells
КА-00000006,seo:primary-cells
КА-00000007,seo:rechargeable-cells
КА-00000008,seo:primary-cells
КА-00000009,seo:primary-cells
КА-00000010,seo:primary-cells
КА-00000011,seo:rechargeable-cells
КА-00000022,seo:warehouse-equipment
КА-00000023,seo:rechargeable-cells
КА-00000024,seo:rechargeable-cells
КА-00000031,seo:primary-cells
КА-00000033,seo:warehouse-equipment
КА-00000034,seo:rechargeable-cells
КА-00000035,seo:rechargeable-cells
КА-00000039,seo:electronic-components
КА-00000040,seo:warehouse-equipment
КА-00000043,seo:rechargeable-cells
КА-00000044,seo:electronic-components
КА-00000045,seo:electronic-components
КА-00000046,seo:rechargeable-cells
КА-00000047,seo:primary-cells
КА-00000049,seo:primary-cells
КА-00000050,seo:rechargeable-cells
КА-00000052,seo:rechargeable-cells
КА-00000053,seo:warehouse-equipment
КА-00000054,seo:primary-cells
КА-00000057,seo:rechargeable-cells
КА-00000058,seo:rechargeable-cells
КА-00000060,seo:warehouse-equipment
КА-00000061,seo:rechargeable-cells
КА-00000062,seo:replacement-tools
КА-00000063,seo:rechargeable-cells
КА-00000064,seo:rechargeable-cells
КА-00000065,seo:electronic-components
КА-00000066,seo:rechargeable-cells
КА-00000067,seo:rechargeable-cells
КА-00000068,seo:electronic-components
КА-00000069,seo:electronic-components
КА-00000070,seo:electronic-components
КА-00000071,seo:electronic-components
КА-00000072,seo:electronic-components
КА-00000073,seo:warehouse-equipment
КА-00000074,seo:primary-cells
КА-00000075,seo:warehouse-equipment
КА-00000076,seo:warehouse-equipment
КА-00000077,seo:warehouse-equipment
КА-00000078,seo:primary-cells
КА-00000079,seo:rechargeable-cells
КА-00000081,seo:electronic-components
КА-00000082,seo:chargers
КА-00000083,seo:warehouse-equipment
КА-00000084,seo:warehouse-equipment
КА-00000085,seo:primary-cells
КА-00000086,seo:warehouse-equipment
КА-00000087,seo:warehouse-equipment
КА-00000103,seo:rechargeable-cells
КА-00000104,seo:warehouse-equipment
КА-00000105,seo:primary-cells
КА-00000106,seo:rechargeable-cells
КА-00000107,seo:rechargeable-cells
КА-00000109,seo:electronic-components
КА-00000110,seo:primary-cells
КА-00000111,seo:warehouse-equipment
КА-00000112,seo:electronic-components
КА-00000113,seo:warehouse-equipment
КА-00000114,seo:warehouse-equipment
КА-00000115,seo:chargers
КА-00000116,seo:rechargeable-cells
КА-00000117,seo:electronic-components
КА-00000121,seo:electronic-components
КА-00000122,seo:electronic-components
КА-00000125,seo:rechargeable-cells
КА-00000126,seo:rechargeable-cells
КА-00000127,seo:rechargeable-cells
КА-00000128,seo:warehouse-equipment
КА-00000129,seo:warehouse-equipment
КА-00000130,seo:primary-cells
КА-00000131,seo:primary-cells
КА-00000141,seo:rechargeable-cells
КА-00000178,seo:primary-cells
КА-00000179,seo:electronic-components
КА-00000197,seo:replacement-mobile
КА-00000205,seo:rechargeable-cells
КА-00000206,seo:chargers
КА-00000215,seo:rechargeable-cells
КА-00000216,seo:warehouse-equipment
КА-00000217,seo:warehouse-equipment
КА-00000218,seo:warehouse-equipment
КА-00000219,seo:rechargeable-cells
КА-00000220,seo:warehouse-equipment
КА-00000221,seo:primary-cells
КА-00000222,seo:rechargeable-cells
КА-00000225,seo:electronic-components
КА-00000226,seo:chargers
КА-00000231,seo:electronic-components
КА-00000232,seo:electronic-components
КА-00000238,seo:warehouse-equipment
КА-00000239,seo:warehouse-equipment
КА-00000240,seo:primary-cells
КА-00000241,seo:warehouse-equipment
КА-00000245,seo:rechargeable-cells
КА-00000246,seo:primary-cells
КА-00000247,seo:power-systems
КА-00000248,seo:warehouse-equipment
КА-00000249,seo:primary-cells
КА-00000250,seo:primary-cells
КА-00000251,seo:rechargeable-cells
КА-00000252,seo:rechargeable-cells
КА-00000253,seo:rechargeable-cells
КА-00000254,seo:chargers
КА-00000256,seo:replacement-mobile
КА-00000257,seo:rechargeable-cells
КА-00000258,seo:warehouse-equipment
КА-00000259,seo:rechargeable-cells
КА-00000260,seo:rechargeable-cells
КА-00000261,seo:rechargeable-cells
КА-00000265,seo:rechargeable-cells
КА-00000268,seo:electronic-components
КА-00000270,seo:rechargeable-cells
КА-00000271,seo:rechargeable-cells
КА-00000272,seo:rechargeable-cells
КА-00000273,seo:rechargeable-cells
КА-00000274,seo:warehouse-equipment
КА-00000275,seo:primary-cells
КА-00000276,seo:warehouse-equipment
КА-00000277,seo:rechargeable-cells
КА-00000300,seo:warehouse-equipment
КА-00000301,seo:primary-cells
КА-00000302,seo:rechargeable-cells
КА-00000303,seo:rechargeable-cells
КА-00000304,seo:warehouse-equipment
КА-00000305,seo:warehouse-equipment
КА-00000306,seo:warehouse-equipment
КА-00000307,seo:rechargeable-cells
КА-00000309,seo:rechargeable-cells
КА-00000310,seo:rechargeable-cells
КА-00000311,seo:rechargeable-cells
КА-00000312,seo:rechargeable-cells
КА-00000315,seo:warehouse-equipment
КА-00000316,seo:rechargeable-cells
КА-00000317,seo:rechargeable-cells
КА-00000318,seo:rechargeable-cells
КА-00000319,seo:rechargeable-cells
КА-00000320,seo:warehouse-equipment
КА-00000321,seo:rechargeable-cells
КА-00000322,seo:electronic-components
КА-00000323,seo:electronic-components
КА-00000324,seo:primary-cells
КА-00000326,seo:rechargeable-cells
КА-00000328,seo:rechargeable-cells
КА-00000329,seo:rechargeable-cells
КА-00000330,seo:warehouse-equipment
КА-00000331,seo:rechargeable-cells
КА-00000332,seo:rechargeable-cells
КА-00000333,seo:rechargeable-cells
КА-00000335,seo:rechargeable-cells
КА-00000336,seo:rechargeable-cells
КА-00000337,seo:rechargeable-cells
КА-00000338,seo:rechargeable-cells
КА-00000340,seo:rechargeable-cells
КА-00000341,seo:rechargeable-cells
КА-00000345,seo:rechargeable-cells
КА-00000346,seo:rechargeable-cells
КА-00000347,seo:rechargeable-cells
КА-00000348,seo:primary-cells
КА-00000349,seo:primary-cells
КА-00000350,seo:primary-cells
КА-00000351,seo:electronic-components
КА-00000352,seo:warehouse-equipment
КА-00000353,seo:electronic-components
КА-00000354,seo:replacement-mobile
КА-00000355,seo:electronic-components
КА-00000357,seo:rechargeable-cells
КА-00000366,seo:warehouse-equipment
КА-00000367,seo:rechargeable-cells
КА-00000368,seo:rechargeable-cells
КА-00000369,seo:rechargeable-cells
КА-00000370,seo:replacement-mobile
КА-00000371,seo:rechargeable-cells
КА-00000377,seo:rechargeable-cells
КА-00000385,seo:primary-cells
КА-00000386,seo:primary-cells
КА-00000387,seo:rechargeable-cells
КА-00000388,seo:rechargeable-cells
КА-00000389,seo:primary-cells
КА-00000403,seo:primary-cells
КА-00000404,seo:primary-cells
КА-00000408,seo:rechargeable-cells
КА-00000423,seo:rechargeable-cells
КА-00000424,seo:primary-cells
КА-00000425,seo:primary-cells
КА-00000427,seo:rechargeable-cells
КА-00000428,seo:primary-cells
КА-00000429,seo:rechargeable-cells
КА-00000430,seo:electronic-components
КА-00000431,seo:electronic-components
КА-00000432,seo:electronic-components
КА-00000433,seo:electronic-components
КА-00000437,seo:warehouse-equipment
КА-00000438,seo:warehouse-equipment
КА-00000439,seo:rechargeable-cells
КА-00000440,seo:replacement-mobile
КА-00000441,seo:primary-cells
КА-00000442,seo:rechargeable-cells
КА-00000444,seo:rechargeable-cells
КА-00000445,seo:primary-cells
КА-00000446,seo:warehouse-equipment
КА-00000447,seo:rechargeable-cells
КА-00000448,seo:warehouse-equipment
КА-00000449,seo:warehouse-equipment
КА-00000450,seo:primary-cells
КА-00000451,seo:warehouse-equipment
КА-00000452,seo:warehouse-equipment
КА-00000453,seo:warehouse-equipment
КА-00000454,seo:warehouse-equipment
КА-00000455,seo:warehouse-equipment
КА-00000456,seo:rechargeable-cells
КА-00000457,seo:rechargeable-cells
КА-00000458,seo:warehouse-equipment
КА-00000459,seo:warehouse-equipment
КА-00000460,seo:primary-cells
КА-00000461,seo:warehouse-equipment
КА-00000462,seo:warehouse-equipment
КА-00000463,seo:replacement-tools
КА-00000464,seo:warehouse-equipment
КА-00000465,seo:warehouse-equipment
КА-00000466,seo:warehouse-equipment
КА-00000467,seo:warehouse-equipment
КА-00000468,seo:primary-cells
КА-00000469,seo:rechargeable-cells
КА-00000470,seo:rechargeable-cells
КА-00000471,seo:rechargeable-cells
КА-00000472,seo:electronic-components
КА-00000473,seo:electronic-components
КА-00000474,seo:electronic-components
КА-00000475,seo:electronic-components
КА-00000476,seo:electronic-components
КА-00000477,seo:electronic-components
КА-00000478,seo:rechargeable-cells
КА-00000479,seo:rechargeable-cells
КА-00000480,seo:rechargeable-cells
КА-00000481,seo:rechargeable-cells
КА-00000482,seo:rechargeable-cells
КА-00000483,seo:rechargeable-cells
КА-00000484,seo:warehouse-equipment
КА-00000487,seo:rechargeable-cells
КА-00000488,seo:rechargeable-cells
КА-00000489,seo:rechargeable-cells
КА-00000491,seo:primary-cells
КА-00000492,seo:primary-cells
КА-00000493,seo:rechargeable-cells
КА-00000494,seo:warehouse-equipment
КА-00000495,seo:rechargeable-cells
КА-00000497,seo:rechargeable-cells
КА-00000498,seo:rechargeable-cells
КА-00000499,seo:rechargeable-cells
КА-00000502,seo:rechargeable-cells
КА-00000503,seo:rechargeable-cells
КА-00000504,seo:electronic-components
КА-00000505,seo:primary-cells
КА-00000509,seo:replacement-tools
КА-00000516,seo:electronic-components
КА-00000528,seo:warehouse-equipment
КА-00000532,seo:replacement-mobile
КА-00000538,seo:replacement-mobile
КА-00000539,seo:replacement-mobile
КА-00000540,seo:replacement-mobile
КА-00000548,seo:electronic-components
КА-00000557,seo:replacement-mobile
КА-00000558,seo:replacement-mobile
КА-00000583,seo:primary-cells
КА-00000605,seo:replacement-mobile
КА-00000611,seo:rechargeable-cells
КА-00000612,seo:rechargeable-cells
КА-00000613,seo:rechargeable-cells
КА-00000614,seo:warehouse-equipment
КА-00000615,seo:rechargeable-cells
КА-00000616,seo:rechargeable-cells
КА-00000617,seo:rechargeable-cells
КА-00000619,seo:warehouse-equipment
КА-00000620,seo:warehouse-equipment
КА-00000621,seo:primary-cells
КА-00000623,seo:replacement-photo
КА-00000625,seo:replacement-mobile
КА-00000629,seo:replacement-mobile
КА-00000632,seo:warehouse-equipment
КА-00000667,seo:electronic-components
КА-00000685,seo:warehouse-equipment
КА-00000687,seo:warehouse-equipment
КА-00000700,seo:rechargeable-cells
КА-00000703,seo:primary-cells
КА-00000704,seo:primary-cells
КА-00000705,seo:flashlights
КА-00000706,seo:flashlights
КА-00000722,seo:rechargeable-cells
КА-00000764,seo:rechargeable-cells
КА-00000771,seo:primary-cells
КА-00000777,seo:warehouse-equipment
КА-00000778,seo:replacement-laptops
КА-00000781,seo:rechargeable-cells
КА-00000838,seo:warehouse-equipment
КА-00000839,seo:chargers
КА-00000840,seo:warehouse-equipment
КА-00000841,seo:rechargeable-cells
КА-00000842,seo:rechargeable-cells
КА-00000843,seo:rechargeable-cells
КА-00000845,seo:rechargeable-cells
КА-00000846,seo:rechargeable-cells
КА-00000847,seo:replacement-mobile
КА-00000848,seo:electronic-components
КА-00000850,seo:rechargeable-cells
КА-00000854,seo:rechargeable-cells
КА-00000855,seo:rechargeable-cells
КА-00000856,seo:batteries-industrial
КА-00000857,seo:primary-cells
КА-00000858,seo:warehouse-equipment
КА-00000859,seo:replacement-tools
КА-00000860,seo:electronic-components
КА-00000861,seo:warehouse-equipment
КА-00000862,seo:warehouse-equipment
КА-00000865,seo:rechargeable-cells
КА-00000955,seo:replacement-mobile
КА-00000970,seo:warehouse-equipment
КА-00000971,seo:primary-cells
КА-00000972,seo:electronic-components
КА-00000973,seo:rechargeable-cells
КА-00000974,seo:warehouse-equipment
КА-00000975,seo:rechargeable-cells
КА-00000976,seo:warehouse-equipment
КА-00000977,seo:rechargeable-cells
КА-00000978,seo:primary-cells
КА-00000979,seo:primary-cells
КА-00000980,seo:rechargeable-cells
КА-00000981,seo:rechargeable-cells
КА-00000982,seo:primary-cells
КА-00000983,seo:warehouse-equipment
КА-00000984,seo:rechargeable-cells
КА-00000985,seo:warehouse-equipment
КА-00000986,seo:warehouse-equipment
КА-00000987,seo:warehouse-equipment
КА-00000988,seo:warehouse-equipment
КА-00000989,seo:warehouse-equipment
КА-00000990,seo:warehouse-equipment
КА-00000991,seo:warehouse-equipment
КА-00000992,seo:warehouse-equipment
КА-00000993,seo:warehouse-equipment
КА-00000994,seo:warehouse-equipment
КА-00000995,seo:warehouse-equipment
КА-00000996,seo:warehouse-equipment
КА-00000997,seo:warehouse-equipment
КА-00000998,seo:warehouse-equipment
КА-00000999,seo:replacement-tools
КА-00001000,seo:warehouse-equipment
КА-00001001,seo:warehouse-equipment
КА-00001002,seo:replacement-tools
КА-00001003,seo:warehouse-equipment
КА-00001004,seo:rechargeable-cells
КА-00001005,seo:warehouse-equipment
КА-00001006,seo:warehouse-equipment
КА-00001007,seo:warehouse-equipment
КА-00001008,seo:warehouse-equipment
КА-00001009,seo:primary-cells
КА-00001010,seo:warehouse-equipment
КА-00001011,seo:warehouse-equipment
КА-00001012,seo:warehouse-equipment
КА-00001013,seo:warehouse-equipment
КА-00001014,seo:warehouse-equipment
КА-00001019,seo:rechargeable-cells
КА-00001020,seo:warehouse-equipment
КА-00001021,seo:warehouse-equipment
КА-00001022,seo:flashlights
КА-00001024,seo:rechargeable-cells
КА-00001025,seo:chargers
КА-00001026,seo:rechargeable-cells
КА-00001027,seo:rechargeable-cells
КА-00001028,seo:rechargeable-cells
КА-00001029,seo:rechargeable-cells
КА-00001031,seo:primary-cells
КА-00001032,seo:primary-cells
КА-00001034,seo:replacement-mobile
КА-00001037,seo:warehouse-equipment
КА-00001038,seo:warehouse-equipment
КА-00001039,seo:primary-cells
КА-00001040,seo:primary-cells
КА-00001042,seo:rechargeable-cells
КА-00001043,seo:rechargeable-cells
КА-00001045,seo:electronic-components
КА-00001046,seo:chargers
КА-00001047,seo:primary-cells
КА-00001048,seo:primary-cells
КА-00001049,seo:warehouse-equipment
КА-00001058,seo:rechargeable-cells
КА-00001059,seo:primary-cells
КА-00001060,seo:primary-cells
КА-00001061,seo:primary-cells
КА-00001062,seo:warehouse-equipment
КА-00001063,seo:rechargeable-cells
КА-00001064,seo:rechargeable-cells
КА-00001065,seo:rechargeable-cells
КА-00001066,seo:rechargeable-cells
КА-00001067,seo:rechargeable-cells
КА-00001068,seo:primary-cells
КА-00001070,seo:primary-cells
КА-00001074,seo:chargers
КА-00001075,seo:rechargeable-cells
КА-00001079,seo:primary-cells
КА-00001080,seo:primary-cells
КА-00001083,seo:rechargeable-cells
КА-00001084,seo:warehouse-equipment
КА-00001085,seo:primary-cells
КА-00001086,seo:warehouse-equipment
КА-00001087,seo:electronic-components
КА-00001088,seo:rechargeable-cells
КА-00001089,seo:rechargeable-cells
КА-00001091,seo:primary-cells
КА-00001092,seo:warehouse-equipment
КА-00001094,seo:warehouse-equipment
КА-00001095,seo:warehouse-equipment
КА-00001096,seo:warehouse-equipment
КА-00001097,seo:rechargeable-cells
КА-00001098,seo:warehouse-equipment
КА-00001099,seo:primary-cells
КА-00001100,seo:warehouse-equipment
КА-00001101,seo:primary-cells
КА-00001102,seo:primary-cells
КА-00001104,seo:warehouse-equipment
КА-00001105,seo:warehouse-equipment
КА-00001106,seo:warehouse-equipment
КА-00001107,seo:rechargeable-cells
КА-00001108,seo:electronic-components
КА-00001109,seo:replacement-tools
КА-00001110,seo:rechargeable-cells
КА-00001116,seo:primary-cells
КА-00001136,seo:primary-cells
КА-00001141,seo:primary-cells
КА-00001142,seo:rechargeable-cells
КА-00001143,seo:electronic-components
КА-00001144,seo:rechargeable-cells
КА-00001145,seo:rechargeable-cells
КА-00001146,seo:rechargeable-cells
КА-00001147,seo:rechargeable-cells
КА-00001148,seo:rechargeable-cells
КА-00001149,seo:warehouse-equipment
КА-00001150,seo:warehouse-equipment
КА-00001151,seo:rechargeable-cells
КА-00001152,seo:rechargeable-cells
КА-00001153,seo:rechargeable-cells
КА-00001154,seo:rechargeable-cells
КА-00001155,seo:rechargeable-cells
КА-00001158,seo:primary-cells
КА-00001163,seo:warehouse-equipment
КА-00001166,seo:warehouse-equipment
КА-00001168,seo:rechargeable-cells
КА-00001169,seo:warehouse-equipment
КА-00001171,seo:rechargeable-cells
КА-00001173,seo:warehouse-equipment
КА-00001177,seo:rechargeable-cells
КА-00001180,seo:rechargeable-cells
КА-00001181,seo:electronic-components
КА-00001182,seo:warehouse-equipment
КА-00001183,seo:warehouse-equipment
КА-00001184,seo:warehouse-equipment
КА-00001185,seo:warehouse-equipment
КА-00001186,seo:warehouse-equipment
КА-00001187,seo:warehouse-equipment
КА-00001189,seo:rechargeable-cells
КА-00001190,seo:rechargeable-cells
КА-00001191,seo:primary-cells
КА-00001212,seo:primary-cells
КА-00001213,seo:chargers
КА-00001214,seo:chargers
КА-00001215,seo:warehouse-equipment
КА-00001216,seo:rechargeable-cells
КА-00001217,seo:rechargeable-cells
КА-00001218,seo:replacement-mobile
КА-00001219,seo:rechargeable-cells
КА-00001220,seo:rechargeable-cells
КА-00001221,seo:rechargeable-cells
КА-00001222,seo:rechargeable-cells
КА-00001223,seo:warehouse-equipment
КА-00001226,seo:rechargeable-cells
КА-00001239,seo:rechargeable-cells
КА-00001240,seo:electronic-components
КА-00001241,seo:warehouse-equipment
КА-00001242,seo:primary-cells
КА-00001243,seo:rechargeable-cells
КА-00001244,seo:primary-cells
КА-00001245,seo:warehouse-equipment
КА-00001247,seo:electronic-components
КА-00001248,seo:rechargeable-cells
КА-00001249,seo:rechargeable-cells
КА-00001250,seo:rechargeable-cells
КА-00001251,seo:rechargeable-cells
КА-00001252,seo:rechargeable-cells
КА-00001254,seo:chargers
КА-00001255,seo:rechargeable-cells
КА-00001256,seo:rechargeable-cells
КА-00001257,seo:warehouse-equipment
КА-00001259,seo:electronic-components
КА-00001260,seo:rechargeable-cells
КА-00001261,seo:warehouse-equipment
КА-00001262,seo:warehouse-equipment
КА-00001263,seo:rechargeable-cells
КА-00001264,seo:warehouse-equipment
КА-00001266,seo:electronic-components
КА-00001267,seo:electronic-components
КА-00001269,seo:warehouse-equipment
КА-00001271,seo:rechargeable-cells
КА-00001274,seo:rechargeable-cells
КА-00001275,seo:rechargeable-cells
КА-00001276,seo:rechargeable-cells
КА-00001277,seo:warehouse-equipment
КА-00001278,seo:rechargeable-cells
КА-00001279,seo:rechargeable-cells
КА-00001282,seo:rechargeable-cells
КА-00001283,seo:electronic-components
КА-00001285,seo:rechargeable-cells
КА-00001286,seo:power-systems
КА-00001293,seo:primary-cells
КА-00001294,seo:warehouse-equipment
КА-00001295,seo:warehouse-equipment
КА-00001296,seo:primary-cells
КА-00001297,seo:rechargeable-cells
КА-00001298,seo:rechargeable-cells
КА-00001299,seo:primary-cells
КА-00001300,seo:rechargeable-cells
КА-00001301,seo:rechargeable-cells
КА-00001302,seo:primary-cells
КА-00001303,seo:warehouse-equipment
КА-00001304,seo:rechargeable-cells
КА-00001305,seo:rechargeable-cells
КА-00001306,seo:rechargeable-cells
КА-00001307,seo:electronic-components
КА-00001308,seo:rechargeable-cells
КА-00001309,seo:warehouse-equipment
КА-00001310,seo:warehouse-equipment
КА-00001335,seo:rechargeable-cells
КА-00001336,seo:rechargeable-cells
КА-00001337,seo:rechargeable-cells
КА-00001338,seo:rechargeable-cells
КА-00001339,seo:primary-cells
КА-00001341,seo:warehouse-equipment
КА-00001342,seo:rechargeable-cells
КА-00001343,seo:warehouse-equipment
КА-00001344,seo:warehouse-equipment
КА-00001345,seo:warehouse-equipment
КА-00001347,seo:electronic-components
КА-00001348,seo:warehouse-equipment
КА-00001351,seo:rechargeable-cells
КА-00001354,seo:rechargeable-cells
КА-00001355,seo:warehouse-equipment
КА-00001356,seo:rechargeable-cells
КА-00001357,seo:rechargeable-cells
КА-00001358,seo:rechargeable-cells
КА-00001359,seo:warehouse-equipment
КА-00001360,seo:rechargeable-cells
КА-00001361,seo:rechargeable-cells
КА-00001362,seo:warehouse-equipment
КА-00001363,seo:rechargeable-cells
КА-00001364,seo:rechargeable-cells
КА-00001365,seo:rechargeable-cells
КА-00001366,seo:rechargeable-cells
КА-00001367,seo:rechargeable-cells
КА-00001368,seo:rechargeable-cells
КА-00001369,seo:rechargeable-cells
КА-00001370,seo:primary-cells
КА-00001371,seo:rechargeable-cells
КА-00001372,seo:primary-cells
КА-00001373,seo:rechargeable-cells
КА-00001374,seo:rechargeable-cells
КА-00001377,seo:warehouse-equipment
КА-00001378,seo:warehouse-equipment
КА-00001379,seo:warehouse-equipment
КА-00001380,seo:warehouse-equipment
КА-00001381,seo:rechargeable-cells
КА-00001382,seo:rechargeable-cells
КА-00001383,seo:primary-cells
КА-00001384,seo:replacement-photo
КА-00001385,seo:warehouse-equipment
КА-00001386,seo:rechargeable-cells
КА-00001387,seo:chargers
КА-00001388,seo:rechargeable-cells
КА-00001389,seo:warehouse-equipment
КА-00001390,seo:warehouse-equipment
КА-00001391,seo:rechargeable-cells
КА-00001392,seo:rechargeable-cells
КА-00001393,seo:primary-cells
КА-00001394,seo:warehouse-equipment
КА-00001395,seo:warehouse-equipment
КА-00001396,seo:rechargeable-cells
КА-00001397,seo:warehouse-equipment
КА-00001398,seo:warehouse-equipment
КА-00001399,seo:warehouse-equipment
КА-00001401,seo:warehouse-equipment
КА-00001403,seo:warehouse-equipment
КА-00001404,seo:warehouse-equipment
КА-00001405,seo:warehouse-equipment
КА-00001406,seo:rechargeable-cells
КА-00001407,seo:primary-cells
КА-00001408,seo:warehouse-equipment
КА-00001409,seo:warehouse-equipment
КА-00001410,seo:warehouse-equipment
КА-00001411,seo:warehouse-equipment
КА-00001412,seo:rechargeable-cells
КА-00001413,seo:rechargeable-cells
КА-00001415,seo:replacement-photo
КА-00001420,seo:power-systems
КА-00001424,seo:chargers
КА-00001425,seo:warehouse-equipment
КА-00001438,seo:rechargeable-cells
КА-00001439,seo:warehouse-equipment
КА-00001440,seo:rechargeable-cells
КА-00001441,seo:rechargeable-cells
КА-00001442,seo:rechargeable-cells
КА-00001443,seo:rechargeable-cells
КА-00001444,seo:rechargeable-cells
КА-00001453,seo:warehouse-equipment
КА-00001454,seo:rechargeable-cells
КА-00001455,seo:replacement-mobile
КА-00001458,seo:primary-cells
КА-00001459,seo:warehouse-equipment
КА-00001460,seo:primary-cells
КА-00001470,seo:rechargeable-cells
КА-00001471,seo:rechargeable-cells
КА-00001472,seo:primary-cells
КА-00001473,seo:primary-cells
КА-00001474,seo:rechargeable-cells
КА-00001475,seo:rechargeable-cells
КА-00001476,seo:warehouse-equipment
КА-00001477,seo:warehouse-equipment
КА-00001478,seo:primary-cells
КА-00001481,seo:rechargeable-cells
КА-00001482,seo:rechargeable-cells
КА-00001483,seo:replacement-photo
КА-00001484,seo:electronic-components
КА-00001485,seo:rechargeable-cells
КА-00001486,seo:warehouse-equipment
КА-00001489,seo:rechargeable-cells
КА-00001490,seo:power-systems
КА-00001491,seo:rechargeable-cells
КА-00001493,seo:chargers
КА-00001494,seo:replacement-tools
КА-00001497,seo:rechargeable-cells
КА-00001498,seo:warehouse-equipment
КА-00001499,seo:warehouse-equipment
КА-00001500,seo:rechargeable-cells
КА-00001501,seo:rechargeable-cells
КА-00001502,seo:rechargeable-cells
КА-00001505,seo:rechargeable-cells
КА-00001506,seo:primary-cells
КА-00001507,seo:rechargeable-cells
КА-00001509,seo:rechargeable-cells
КА-00001512,seo:rechargeable-cells
КА-00001513,seo:rechargeable-cells
КА-00001514,seo:rechargeable-cells
КА-00001522,seo:electronic-components
КА-00001540,seo:rechargeable-cells
КА-00001541,seo:rechargeable-cells
КА-00001542,seo:replacement-mobile
КА-00001543,seo:rechargeable-cells
КА-00001544,seo:rechargeable-cells
КА-00001549,seo:rechargeable-cells
КА-00001550,seo:warehouse-equipment
КА-00001551,seo:electronic-components
КА-00001552,seo:primary-cells
КА-00001553,seo:rechargeable-cells
КА-00001554,seo:warehouse-equipment
КА-00001555,seo:warehouse-equipment
КА-00001556,seo:primary-cells
КА-00001557,seo:primary-cells
КА-00001558,seo:primary-cells
КА-00001559,seo:primary-cells
КА-00001560,seo:primary-cells
КА-00001561,seo:electronic-components
КА-00001562,seo:electronic-components
КА-00001563,seo:primary-cells
КА-00001564,seo:primary-cells
КА-00001565,seo:primary-cells
КА-00001566,seo:primary-cells
КА-00001567,seo:primary-cells
КА-00001568,seo:rechargeable-cells
КА-00001569,seo:rechargeable-cells
КА-00001570,seo:primary-cells
КА-00001572,seo:primary-cells
КА-00001573,seo:primary-cells
КА-00001574,seo:warehouse-equipment
КА-00001575,seo:warehouse-equipment
КА-00001576,seo:warehouse-equipment
КА-00001577,seo:primary-cells
КА-00001578,seo:primary-cells
КА-00001579,seo:rechargeable-cells
КА-00001582,seo:primary-cells
КА-00001583,seo:primary-cells
КА-00001584,seo:primary-cells
КА-00001585,seo:rechargeable-cells
КА-00001587,seo:primary-cells
КА-00001588,seo:rechargeable-cells
КА-00001589,seo:rechargeable-cells
КА-00001590,seo:warehouse-equipment
КА-00001591,seo:primary-cells
КА-00001602,seo:rechargeable-cells
КА-00001605,seo:rechargeable-cells
КА-00001606,seo:rechargeable-cells
КА-00001608,seo:replacement-photo
КА-00001609,seo:replacement-photo
КА-00001612,seo:rechargeable-cells
КА-00001613,seo:rechargeable-cells
КА-00001614,seo:rechargeable-cells
КА-00001615,seo:rechargeable-cells
КА-00001616,seo:rechargeable-cells
КА-00001617,seo:rechargeable-cells
КА-00001618,seo:rechargeable-cells
КА-00001621,seo:rechargeable-cells
КА-00001622,seo:replacement-mobile
КА-00001623,seo:rechargeable-cells
КА-00001624,seo:rechargeable-cells
КА-00001625,seo:primary-cells
КА-00001626,seo:warehouse-equipment
КА-00001627,seo:rechargeable-cells
КА-00001628,seo:rechargeable-cells
КА-00001629,seo:primary-cells
КА-00001633,seo:primary-cells
КА-00001637,seo:warehouse-equipment
КА-00001638,seo:rechargeable-cells
КА-00001640,seo:replacement-mobile
КА-00001642,seo:electronic-components
КА-00001643,seo:electronic-components
КА-00001644,seo:replacement-mobile
КА-00001645,seo:rechargeable-cells
КА-00001646,seo:rechargeable-cells
КА-00001647,seo:rechargeable-cells
КА-00001648,seo:rechargeable-cells
КА-00001649,seo:rechargeable-cells
КА-00001651,seo:rechargeable-cells
КА-00001652,seo:rechargeable-cells
КА-00001653,seo:rechargeable-cells
КА-00001654,seo:warehouse-equipment
КА-00001655,seo:primary-cells
КА-00001656,seo:rechargeable-cells
КА-00001659,seo:replacement-photo
КА-00001660,seo:replacement-photo
КА-00001666,seo:primary-cells
КА-00001667,seo:primary-cells
КА-00001668,seo:electronic-components
КА-00001669,seo:electronic-components
КА-00001670,seo:electronic-components
КА-00001671,seo:primary-cells
КА-00001672,seo:rechargeable-cells
КА-00001691,seo:rechargeable-cells
КА-00001692,seo:primary-cells
КА-00001693,seo:rechargeable-cells
КА-00001694,seo:primary-cells
КА-00001695,seo:rechargeable-cells
КА-00001750,seo:warehouse-equipment
КА-00001751,seo:rechargeable-cells
КА-00001752,seo:warehouse-equipment
КА-00001753,seo:warehouse-equipment
КА-00001754,seo:warehouse-equipment
КА-00001755,seo:warehouse-equipment
КА-00001756,seo:primary-cells
КА-00001757,seo:rechargeable-cells
КА-00001758,seo:primary-cells
КА-00001759,seo:rechargeable-cells
КА-00001760,seo:rechargeable-cells
КА-00001761,seo:primary-cells
КА-00001762,seo:primary-cells
КА-00001763,seo:primary-cells
КА-00001764,seo:replacement-mobile
КА-00001765,seo:warehouse-equipment
КА-00001766,seo:warehouse-equipment
КА-00001767,seo:rechargeable-cells
КА-00001768,seo:primary-cells
КА-00001769,seo:rechargeable-cells
КА-00001770,seo:rechargeable-cells
КА-00001772,seo:warehouse-equipment
КА-00001791,seo:primary-cells
КА-00001792,seo:rechargeable-cells
КА-00001802,seo:replacement-mobile
КА-00001805,seo:warehouse-equipment
КА-00001806,seo:warehouse-equipment
КА-00001809,seo:warehouse-equipment
КА-00001810,seo:primary-cells
КА-00001818,seo:warehouse-equipment
КА-00001820,seo:primary-cells
КА-00001821,seo:primary-cells
КА-00001822,seo:primary-cells
КА-00001823,seo:warehouse-equipment
КА-00001824,seo:primary-cells
КА-00001826,seo:primary-cells
КА-00001827,seo:warehouse-equipment
КА-00001828,seo:warehouse-equipment
КА-00001830,seo:electronic-components
КА-00001831,seo:electronic-components
КА-00001832,seo:primary-cells
КА-00001833,seo:warehouse-equipment
КА-00001834,seo:rechargeable-cells
КА-00001835,seo:rechargeable-cells
КА-00001846,seo:batteries-ups
КА-00001847,seo:rechargeable-cells
КА-00001848,seo:warehouse-equipment
КА-00001851,seo:power-systems
КА-00001852,seo:rechargeable-cells
КА-00001854,seo:replacement-mobile
КА-00001855,seo:rechargeable-cells
КА-00001856,seo:rechargeable-cells
КА-00001857,seo:rechargeable-cells
КА-00001860,seo:rechargeable-cells
КА-00001861,seo:primary-cells
КА-00001862,seo:replacement-laptops
КА-00001863,seo:rechargeable-cells
КА-00001864,seo:rechargeable-cells
КА-00001870,seo:primary-cells
КА-00001873,seo:warehouse-equipment
КА-00001874,seo:warehouse-equipment
КА-00001875,seo:warehouse-equipment
КА-00001877,seo:rechargeable-cells
КА-00001878,seo:rechargeable-cells
КА-00001879,seo:primary-cells
КА-00001880,seo:warehouse-equipment
КА-00001881,seo:rechargeable-cells
КА-00001882,seo:primary-cells
КА-00001883,seo:primary-cells
КА-00001884,seo:rechargeable-cells
КА-00001885,seo:warehouse-equipment
КА-00001886,seo:primary-cells
КА-00001887,seo:primary-cells
КА-00001888,seo:warehouse-equipment
КА-00001889,seo:warehouse-equipment
КА-00001892,seo:rechargeable-cells
КА-00001893,seo:rechargeable-cells
КА-00001894,seo:rechargeable-cells
КА-00001895,seo:rechargeable-cells
КА-00001897,seo:electronic-components
КА-00001898,seo:warehouse-equipment
КА-00001899,seo:rechargeable-cells
КА-00001900,seo:rechargeable-cells
КА-00001901,seo:rechargeable-cells
КА-00001902,seo:rechargeable-cells
КА-00001903,seo:primary-cells
КА-00001904,seo:warehouse-equipment
КА-00001905,seo:rechargeable-cells
КА-00001906,seo:warehouse-equipment
КА-00001907,seo:warehouse-equipment
КА-00001908,seo:rechargeable-cells
КА-00001909,seo:replacement-photo
КА-00001911,seo:primary-cells
КА-00001912,seo:electronic-components
КА-00001913,seo:rechargeable-cells
КА-00001914,seo:primary-cells
КА-00001915,seo:warehouse-equipment
КА-00001916,seo:warehouse-equipment
КА-00001917,seo:rechargeable-cells
КА-00001918,seo:rechargeable-cells
КА-00001919,seo:primary-cells
КА-00001920,seo:rechargeable-cells
КА-00001922,seo:rechargeable-cells
КА-00001924,seo:primary-cells
КА-00001925,seo:rechargeable-cells
КА-00001926,seo:rechargeable-cells
КА-00001928,seo:primary-cells
КА-00001929,seo:rechargeable-cells
КА-00001930,seo:rechargeable-cells
КА-00001931,seo:rechargeable-cells
КА-00001932,seo:warehouse-equipment
КА-00001933,seo:rechargeable-cells
КА-00001934,seo:warehouse-equipment
КА-00001935,seo:warehouse-equipment
КА-00001937,seo:rechargeable-cells
КА-00001938,seo:rechargeable-cells
КА-00001939,seo:rechargeable-cells
КА-00001940,seo:rechargeable-cells
КА-00001941,seo:warehouse-equipment
КА-00001942,seo:replacement-tools
КА-00001943,seo:primary-cells
КА-00001944,seo:primary-cells
КА-00001945,seo:primary-cells
КА-00001946,seo:replacement-tools
КА-00001947,seo:primary-cells
КА-00001948,seo:primary-cells
КА-00001949,seo:primary-cells
КА-00001950,seo:primary-cells
КА-00001951,seo:primary-cells
КА-00001952,seo:primary-cells
КА-00001953,seo:rechargeable-cells
КА-00001954,seo:warehouse-equipment
КА-00001955,seo:rechargeable-cells
КА-00001956,seo:rechargeable-cells
КА-00001957,seo:primary-cells
КА-00001958,seo:rechargeable-cells
КА-00001959,seo:warehouse-equipment
КА-00001960,seo:warehouse-equipment
КА-00001961,seo:primary-cells
КА-00001963,seo:rechargeable-cells
КА-00001964,seo:rechargeable-cells
КА-00001966,seo:rechargeable-cells
КА-00001967,seo:rechargeable-cells
КА-00001972,seo:primary-cells
КА-00001974,seo:rechargeable-cells
КА-00001975,seo:electronic-components
КА-00001976,seo:rechargeable-cells
КА-00001977,seo:rechargeable-cells
КА-00001978,seo:rechargeable-cells
КА-00001979,seo:primary-cells
КА-00001980,seo:primary-cells
КА-00001981,seo:warehouse-equipment
КА-00001982,seo:primary-cells
КА-00001983,seo:warehouse-equipment
КА-00001984,seo:primary-cells
КА-00001985,seo:primary-cells
КА-00001986,seo:primary-cells
КА-00001990,seo:primary-cells
КА-00001991,seo:rechargeable-cells
КА-00001992,seo:warehouse-equipment
КА-00001993,seo:warehouse-equipment
КА-00001996,seo:chargers
КА-00001997,seo:warehouse-equipment
КА-00001998,seo:rechargeable-cells
КА-00001999,seo:electronic-components
КА-00002001,seo:electronic-components
КА-00002002,seo:rechargeable-cells
КА-00002003,seo:rechargeable-cells
КА-00002022,seo:rechargeable-cells
КА-00002023,seo:primary-cells
КА-00002025,seo:rechargeable-cells
КА-00002026,seo:rechargeable-cells
КА-00002028,seo:primary-cells
КА-00002029,seo:replacement-mobile
КА-00002030,seo:warehouse-equipment
КА-00002031,seo:warehouse-equipment
КА-00002034,seo:rechargeable-cells
КА-00002035,seo:primary-cells
КА-00002040,seo:warehouse-equipment
КА-00002041,seo:rechargeable-cells
КА-00002042,seo:rechargeable-cells
КА-00002043,seo:warehouse-equipment
КА-00002044,seo:rechargeable-cells
КА-00002045,seo:primary-cells
КА-00002048,seo:rechargeable-cells
КА-00002049,seo:warehouse-equipment
КА-00002050,seo:primary-cells
КА-00002051,seo:primary-cells
КА-00002052,seo:warehouse-equipment
КА-00002053,seo:rechargeable-cells
КА-00002054,seo:primary-cells
КА-00002055,seo:rechargeable-cells
КА-00002058,seo:electronic-components
КА-00002059,seo:electronic-components
КА-00002061,seo:rechargeable-cells
КА-00002062,seo:primary-cells
КА-00002063,seo:warehouse-equipment
КА-00002064,seo:rechargeable-cells
КА-00002065,seo:primary-cells
КА-00002066,seo:rechargeable-cells
КА-00002067,seo:rechargeable-cells
КА-00002071,seo:warehouse-equipment
КА-00002072,seo:warehouse-equipment
КА-00002073,seo:rechargeable-cells
КА-00002074,seo:rechargeable-cells
КА-00002075,seo:rechargeable-cells
КА-00002076,seo:rechargeable-cells
КА-00002078,seo:primary-cells
КА-00002079,seo:primary-cells
КА-00002080,seo:primary-cells
КА-00002081,seo:primary-cells
КА-00002082,seo:primary-cells
КА-00002083,seo:primary-cells
КА-00002084,seo:primary-cells
КА-00002085,seo:warehouse-equipment
КА-00002086,seo:electronic-components
КА-00002087,seo:chargers
КА-00002088,seo:rechargeable-cells
КА-00002089,seo:electronic-components
КА-00002092,seo:primary-cells
КА-00002093,seo:warehouse-equipment
КА-00002094,seo:rechargeable-cells
КА-00002095,seo:primary-cells
КА-00002101,seo:electronic-components
КА-00002103,seo:rechargeable-cells
КА-00002104,seo:replacement-mobile
КА-00002105,seo:rechargeable-cells
КА-00002106,seo:rechargeable-cells
КА-00002118,seo:rechargeable-cells
КА-00002119,seo:warehouse-equipment
КА-00002120,seo:warehouse-equipment
КА-00002122,seo:warehouse-equipment
КА-00002123,seo:warehouse-equipment
КА-00002125,seo:rechargeable-cells
КА-00002126,seo:rechargeable-cells
КА-00002127,seo:rechargeable-cells
КА-00002128,seo:warehouse-equipment
КА-00002129,seo:warehouse-equipment
КА-00002130,seo:rechargeable-cells
КА-00002131,seo:chargers
КА-00002132,seo:rechargeable-cells
КА-00002133,seo:rechargeable-cells
КА-00002134,seo:rechargeable-cells
КА-00002135,seo:electronic-components
КА-00002136,seo:electronic-components
КА-00002137,seo:electronic-components
КА-00002145,seo:warehouse-equipment
КА-00002146,seo:replacement-mobile
КА-00002148,seo:warehouse-equipment
КА-00002149,seo:warehouse-equipment
КА-00002151,seo:electronic-components
КА-00002152,seo:electronic-components
КА-00002153,seo:electronic-components
КА-00002154,seo:rechargeable-cells
КА-00002155,seo:electronic-components
КА-00002156,seo:electronic-components
КА-00002157,seo:electronic-components
КА-00002158,seo:electronic-components
КА-00002159,seo:primary-cells
КА-00002160,seo:rechargeable-cells
КА-00002161,seo:rechargeable-cells
КА-00002165,seo:electronic-components
КА-00002166,seo:rechargeable-cells
КА-00002167,seo:warehouse-equipment
КА-00002168,seo:warehouse-equipment
КА-00002169,seo:rechargeable-cells
КА-00002170,seo:warehouse-equipment
КА-00002174,seo:warehouse-equipment
КА-00002175,seo:rechargeable-cells
КА-00002176,seo:rechargeable-cells
КА-00002177,seo:electronic-components
КА-00002178,seo:warehouse-equipment
КА-00002179,seo:rechargeable-cells
КА-00002180,seo:rechargeable-cells
КА-00002181,seo:rechargeable-cells
КА-00002182,seo:warehouse-equipment
КА-00002183,seo:rechargeable-cells
КА-00002184,seo:warehouse-equipment
КА-00002191,seo:rechargeable-cells
КА-00002192,seo:rechargeable-cells
КА-00002193,seo:rechargeable-cells
КА-00002194,seo:rechargeable-cells
КА-00002195,seo:rechargeable-cells
КА-00002196,seo:warehouse-equipment
КА-00002197,seo:rechargeable-cells
КА-00002198,seo:rechargeable-cells
КА-00002202,seo:rechargeable-cells
КА-00002204,seo:primary-cells
КА-00002205,seo:electronic-components
КА-00002206,seo:warehouse-equipment
КА-00002207,seo:warehouse-equipment
КА-00002208,seo:warehouse-equipment
КА-00002209,seo:rechargeable-cells
КА-00002210,seo:warehouse-equipment
КА-00002211,seo:rechargeable-cells
КА-00002213,seo:primary-cells
КА-00002215,seo:warehouse-equipment
КА-00002216,seo:warehouse-equipment
КА-00002217,seo:rechargeable-cells
КА-00002218,seo:rechargeable-cells
КА-00002219,seo:rechargeable-cells
КА-00002237,seo:primary-cells
КА-00002238,seo:rechargeable-cells
КА-00002239,seo:primary-cells
КА-00002240,seo:rechargeable-cells
КА-00002241,seo:rechargeable-cells
КА-00002242,seo:rechargeable-cells
КА-00002244,seo:rechargeable-cells
КА-00002245,seo:rechargeable-cells
КА-00002246,seo:rechargeable-cells
КА-00002247,seo:primary-cells
КА-00002250,seo:rechargeable-cells
КА-00002267,seo:electronic-components
КА-00002268,seo:electronic-components
КА-00002269,seo:rechargeable-cells
КА-00002270,seo:electronic-components
КА-00002271,seo:rechargeable-cells
КА-00002272,seo:electronic-components
КА-00002273,seo:electronic-components
КА-00002274,seo:electronic-components
КА-00002275,seo:electronic-components
КА-00002276,seo:electronic-components
КА-00002277,seo:electronic-components
КА-00002278,seo:electronic-components
КА-00002279,seo:warehouse-equipment
КА-00002280,seo:electronic-components
КА-00002281,seo:electronic-components
КА-00002282,seo:electronic-components
КА-00002283,seo:warehouse-equipment
КА-00002284,seo:rechargeable-cells
КА-00002285,seo:rechargeable-cells
КА-00002286,seo:electronic-components
КА-00002287,seo:rechargeable-cells
КА-00002289,seo:chargers
КА-00002291,seo:rechargeable-cells
КА-00002292,seo:rechargeable-cells
КА-00002293,seo:primary-cells
КА-00002294,seo:primary-cells
КА-00002295,seo:rechargeable-cells
КА-00002296,seo:rechargeable-cells
КА-00002297,seo:primary-cells
КА-00002298,seo:rechargeable-cells
КА-00002299,seo:chargers
КА-00002300,seo:warehouse-equipment
КА-00002301,seo:warehouse-equipment
КА-00002302,seo:chargers
КА-00002303,seo:primary-cells
КА-00002304,seo:warehouse-equipment
КА-00002305,seo:primary-cells
КА-00002306,seo:rechargeable-cells
КА-00002308,seo:electronic-components
КА-00002309,seo:rechargeable-cells
КА-00002310,seo:warehouse-equipment
КА-00002311,seo:rechargeable-cells
КА-00002312,seo:electronic-components
КА-00002313,seo:electronic-components
КА-00002314,seo:electronic-components
КА-00002315,seo:warehouse-equipment
КА-00002317,seo:rechargeable-cells
КА-00002318,seo:rechargeable-cells
КА-00002319,seo:electronic-components
КА-00002320,seo:rechargeable-cells
КА-00002323,seo:replacement-mobile
КА-00002325,seo:rechargeable-cells
КА-00002326,seo:electronic-components
КА-00002327,seo:electronic-components
КА-00002328,seo:electronic-components
КА-00002329,seo:electronic-components
КА-00002330,seo:electronic-components
КА-00002331,seo:electronic-components
КА-00002332,seo:electronic-components
КА-00002333,seo:electronic-components
КА-00002334,seo:electronic-components
КА-00002335,seo:electronic-components
КА-00002336,seo:electronic-components
КА-00002337,seo:electronic-components
КА-00002338,seo:electronic-components
КА-00002339,seo:electronic-components
КА-00002344,seo:warehouse-equipment
КА-00002346,seo:warehouse-equipment
КА-00002347,seo:rechargeable-cells
КА-00002348,seo:rechargeable-cells
КА-00002350,seo:warehouse-equipment
КА-00002352,seo:rechargeable-cells
КА-00002353,seo:warehouse-equipment
КА-00002354,seo:rechargeable-cells
КА-00002355,seo:electronic-components
КА-00002356,seo:rechargeable-cells
КА-00002367,seo:batteries-ups
КА-00002368,seo:warehouse-equipment
КА-00002370,seo:primary-cells
КА-00002371,seo:rechargeable-cells
КА-00002372,seo:rechargeable-cells
КА-00002375,seo:warehouse-equipment
КА-00002376,seo:warehouse-equipment
КА-00002377,seo:rechargeable-cells
КА-00002378,seo:replacement-mobile
КА-00002379,seo:electronic-components
КА-00002380,seo:replacement-photo
КА-00002381,seo:rechargeable-cells
КА-00002382,seo:rechargeable-cells
КА-00002383,seo:rechargeable-cells
КА-00002384,seo:electronic-components
КА-00002385,seo:rechargeable-cells
КА-00002386,seo:rechargeable-cells
КА-00002388,seo:replacement-mobile
КА-00002389,seo:rechargeable-cells
КА-00002390,seo:replacement-mobile
КА-00002391,seo:rechargeable-cells
КА-00002401,seo:rechargeable-cells
КА-00002402,seo:rechargeable-cells
КА-00002403,seo:rechargeable-cells
КА-00002405,seo:electronic-components
КА-00002406,seo:electronic-components
КА-00002407,seo:rechargeable-cells
КА-00002408,seo:rechargeable-cells
КА-00002409,seo:rechargeable-cells
КА-00002410,seo:rechargeable-cells
КА-00002414,seo:rechargeable-cells
КА-00002426,seo:electronic-components
КА-00002427,seo:electronic-components
КА-00002428,seo:electronic-components
КА-00002429,seo:warehouse-equipment
КА-00002430,seo:rechargeable-cells
КА-00002431,seo:electronic-components
КА-00002432,seo:warehouse-equipment
КА-00002433,seo:warehouse-equipment
КА-00002434,seo:replacement-mobile
КА-00002435,seo:replacement-mobile
КА-00002436,seo:warehouse-equipment
КА-00002438,seo:rechargeable-cells
КА-00002440,seo:rechargeable-cells
КА-00002441,seo:rechargeable-cells
КА-00002442,seo:warehouse-equipment
КА-00002443,seo:warehouse-equipment
КА-00002444,seo:electronic-components
КА-00002445,seo:electronic-components
КА-00002446,seo:electronic-components
КА-00002447,seo:electronic-components
КА-00002449,seo:rechargeable-cells
КА-00002451,seo:primary-cells
КА-00002452,seo:replacement-mobile
КА-00002453,seo:replacement-mobile
КА-00002455,seo:primary-cells
КА-00002457,seo:rechargeable-cells
КА-00002458,seo:rechargeable-cells
КА-00002462,seo:replacement-mobile
КА-00002463,seo:rechargeable-cells
КА-00002466,seo:rechargeable-cells
КА-00002467,seo:rechargeable-cells
КА-00002478,seo:electronic-components
КА-00002479,seo:electronic-components
КА-00002480,seo:rechargeable-cells
КА-00002481,seo:rechargeable-cells
КА-00002482,seo:rechargeable-cells
КА-00002483,seo:warehouse-equipment
КА-00002484,seo:warehouse-equipment
КА-00002485,seo:rechargeable-cells
КА-00002486,seo:rechargeable-cells
КА-00002487,seo:primary-cells
КА-00002488,seo:batteries-ups
КА-00002489,seo:batteries-ups
КА-00002490,seo:primary-cells
КА-00002491,seo:rechargeable-cells
КА-00002492,seo:primary-cells
КА-00002504,seo:electronic-components
КА-00002505,seo:electronic-components
КА-00002506,seo:electronic-components
КА-00002507,seo:electronic-components
КА-00002508,seo:rechargeable-cells
КА-00002520,seo:rechargeable-cells
КА-00002521,seo:electronic-components
КА-00002522,seo:electronic-components
КА-00002523,seo:rechargeable-cells
КА-00002524,seo:replacement-mobile
КА-00002527,seo:rechargeable-cells
КА-00002528,seo:rechargeable-cells
КА-00002529,seo:electronic-components
КА-00002531,seo:warehouse-equipment
КА-00002533,seo:warehouse-equipment
КА-00002534,seo:power-systems
КА-00002535,seo:rechargeable-cells
КА-00002536,seo:rechargeable-cells
КА-00002537,seo:power-systems
КА-00002539,seo:replacement-photo
КА-00002540,seo:rechargeable-cells
КА-00002541,seo:rechargeable-cells
КА-00002542,seo:replacement-mobile
КА-00002543,seo:replacement-tools
КА-00002544,seo:rechargeable-cells
КА-00002546,seo:primary-cells
КА-00002547,seo:rechargeable-cells
КА-00002548,seo:warehouse-equipment
КА-00002549,seo:rechargeable-cells
КА-00002550,seo:rechargeable-cells
КА-00002551,seo:warehouse-equipment
КА-00002552,seo:warehouse-equipment
КА-00002555,seo:warehouse-equipment
КА-00002556,seo:rechargeable-cells
КА-00002557,seo:rechargeable-cells
КА-00002558,seo:warehouse-equipment
КА-00002559,seo:rechargeable-cells
КА-00002560,seo:warehouse-equipment
КА-00002561,seo:warehouse-equipment
КА-00002563,seo:warehouse-equipment
КА-00002564,seo:warehouse-equipment
КА-00002567,seo:rechargeable-cells
КА-00002568,seo:rechargeable-cells
КА-00002569,seo:primary-cells
КА-00002571,seo:primary-cells
КА-00002572,seo:primary-cells
КА-00002579,seo:power-systems
КА-00002581,seo:electronic-components
КА-00002587,seo:chargers
КА-00002589,seo:rechargeable-cells
КА-00002590,seo:power-systems
КА-00002591,seo:rechargeable-cells
КА-00002592,seo:primary-cells
КА-00002593,seo:rechargeable-cells
КА-00002594,seo:warehouse-equipment
КА-00002595,seo:warehouse-equipment
КА-00002596,seo:batteries-industrial
КА-00002597,seo:warehouse-equipment
КА-00002598,seo:electronic-components
КА-00002599,seo:warehouse-equipment
КА-00002600,seo:rechargeable-cells
КА-00002601,seo:warehouse-equipment
КА-00002602,seo:rechargeable-cells
КА-00002603,seo:warehouse-equipment
КА-00002604,seo:primary-cells
КА-00002605,seo:rechargeable-cells
КА-00002606,seo:rechargeable-cells
КА-00002607,seo:rechargeable-cells
КА-00002608,seo:primary-cells
КА-00002610,seo:rechargeable-cells
КА-00002611,seo:rechargeable-cells
КА-00002614,seo:primary-cells
КА-00002615,seo:rechargeable-cells
КА-00002617,seo:primary-cells
КА-00002618,seo:warehouse-equipment
КА-00002619,seo:warehouse-equipment
КА-00002620,seo:rechargeable-cells
КА-00002621,seo:rechargeable-cells
КА-00002622,seo:rechargeable-cells
КА-00002623,seo:warehouse-equipment
КА-00002624,seo:warehouse-equipment
КА-00002625,seo:rechargeable-cells
КА-00002626,seo:rechargeable-cells
КА-00002627,seo:rechargeable-cells
КА-00002628,seo:rechargeable-cells
КА-00002633,seo:electronic-components
КА-00002635,seo:replacement-mobile
КА-00002646,seo:primary-cells
КА-00002647,seo:rechargeable-cells
КА-00002648,seo:primary-cells
КА-00002649,seo:rechargeable-cells
КА-00002650,seo:rechargeable-cells
КА-00002651,seo:primary-cells
КА-00002652,seo:warehouse-equipment
КА-00002653,seo:warehouse-equipment
КА-00002654,seo:replacement-mobile
КА-00002655,seo:chargers
КА-00002656,seo:rechargeable-cells
КА-00002657,seo:rechargeable-cells
КА-00002658,seo:rechargeable-cells
КА-00002659,seo:rechargeable-cells
КА-00002660,seo:rechargeable-cells
КА-00002661,seo:rechargeable-cells
КА-00002662,seo:rechargeable-cells
КА-00002663,seo:rechargeable-cells
КА-00002665,seo:warehouse-equipment
КА-00002666,seo:rechargeable-cells
КА-00002667,seo:rechargeable-cells
КА-00002668,seo:warehouse-equipment
КА-00002669,seo:rechargeable-cells
КА-00002670,seo:warehouse-equipment
КА-00002671,seo:rechargeable-cells
КА-00002672,seo:rechargeable-cells
КА-00002673,seo:primary-cells
КА-00002674,seo:electronic-components
КА-00002675,seo:warehouse-equipment
КА-00002676,seo:chargers
КА-00002677,seo:warehouse-equipment
КА-00002679,seo:electronic-components
КА-00002680,seo:electronic-components
КА-00002681,seo:primary-cells
КА-00002682,seo:electronic-components
КА-00002683,seo:warehouse-equipment
КА-00002684,seo:warehouse-equipment
КА-00002686,seo:warehouse-equipment
КА-00002687,seo:rechargeable-cells
КА-00002688,seo:rechargeable-cells
КА-00002689,seo:rechargeable-cells
КА-00002690,seo:chargers
КА-00002691,seo:rechargeable-cells
КА-00002692,seo:warehouse-equipment
КА-00002693,seo:warehouse-equipment
КА-00002694,seo:rechargeable-cells
КА-00002695,seo:warehouse-equipment
КА-00002696,seo:rechargeable-cells
КА-00002697,seo:rechargeable-cells
КА-00002698,seo:rechargeable-cells
КА-00002699,seo:rechargeable-cells
КА-00002700,seo:rechargeable-cells
КА-00002701,seo:rechargeable-cells
КА-00002702,seo:rechargeable-cells
КА-00002703,seo:rechargeable-cells
КА-00002704,seo:rechargeable-cells
КА-00002705,seo:primary-cells
КА-00002733,seo:rechargeable-cells
КА-00002734,seo:rechargeable-cells
КА-00002735,seo:rechargeable-cells
КА-00002736,seo:rechargeable-cells
КА-00002737,seo:rechargeable-cells
КА-00002739,seo:electronic-components
КА-00002740,seo:primary-cells
КА-00002741,seo:warehouse-equipment
КА-00002742,seo:primary-cells
КА-00002746,seo:electronic-components
КА-00002747,seo:primary-cells
КА-00002750,seo:warehouse-equipment
КА-00002751,seo:primary-cells
КА-00002752,seo:rechargeable-cells
КА-00002753,seo:rechargeable-cells
КА-00002755,seo:warehouse-equipment
КА-00002756,seo:primary-cells
КА-00002764,seo:warehouse-equipment
КА-00002765,seo:rechargeable-cells
КА-00002766,seo:rechargeable-cells
КА-00002767,seo:rechargeable-cells
КА-00002768,seo:rechargeable-cells
КА-00002769,seo:rechargeable-cells
КА-00002770,seo:warehouse-equipment
КА-00002771,seo:rechargeable-cells
КА-00002772,seo:rechargeable-cells
КА-00002773,seo:warehouse-equipment
КА-00002774,seo:warehouse-equipment
КА-00002775,seo:power-systems
КА-00002776,seo:primary-cells
КА-00002777,seo:rechargeable-cells
КА-00002778,seo:rechargeable-cells
КА-00002779,seo:warehouse-equipment
КА-00002780,seo:rechargeable-cells
КА-00002782,seo:rechargeable-cells
КА-00002785,seo:rechargeable-cells
КА-00002786,seo:rechargeable-cells
КА-00002787,seo:rechargeable-cells
КА-00002793,seo:rechargeable-cells
КА-00002794,seo:rechargeable-cells
КА-00002795,seo:rechargeable-cells
КА-00002796,seo:rechargeable-cells
КА-00002797,seo:replacement-mobile
КА-00002798,seo:chargers
КА-00002800,seo:rechargeable-cells
КА-00002801,seo:primary-cells
КА-00002802,seo:primary-cells
КА-00002803,seo:warehouse-equipment
КА-00002804,seo:chargers
КА-00002805,seo:chargers
КА-00002806,seo:power-systems
КА-00002808,seo:primary-cells
КА-00002810,seo:rechargeable-cells
КА-00002813,seo:electronic-components
КА-00002814,seo:electronic-components
КА-00002817,seo:rechargeable-cells
КА-00002818,seo:rechargeable-cells
КА-00002820,seo:replacement-mobile
КА-00002821,seo:batteries-traction
КА-00002822,seo:rechargeable-cells
КА-00002823,seo:electronic-components
КА-00002829,seo:rechargeable-cells
КА-00002830,seo:rechargeable-cells
КА-00002831,seo:rechargeable-cells
КА-00002834,seo:rechargeable-cells
КА-00002835,seo:primary-cells
КА-00002836,seo:rechargeable-cells
КА-00002837,seo:primary-cells
КА-00002840,seo:rechargeable-cells
КА-00002841,seo:rechargeable-cells
КА-00002849,seo:electronic-components
КА-00002850,seo:warehouse-equipment
КА-00002851,seo:warehouse-equipment
КА-00002852,seo:replacement-laptops
КА-00002853,seo:replacement-laptops
КА-00002854,seo:replacement-laptops
КА-00002855,seo:primary-cells
КА-00002856,seo:rechargeable-cells
КА-00002858,seo:rechargeable-cells
КА-00002859,seo:primary-cells
КА-00002860,seo:primary-cells
КА-00002861,seo:rechargeable-cells
КА-00002862,seo:primary-cells
КА-00002863,seo:power-systems
КА-00002864,seo:warehouse-equipment
КА-00002865,seo:primary-cells
КА-00002866,seo:primary-cells
КА-00002867,seo:rechargeable-cells
КА-00002868,seo:primary-cells
КА-00002869,seo:rechargeable-cells
КА-00002870,seo:rechargeable-cells
КА-00002871,seo:replacement-tools
КА-00002872,seo:rechargeable-cells
КА-00002873,seo:rechargeable-cells
КА-00002874,seo:primary-cells
КА-00002875,seo:electronic-components
КА-00002877,seo:primary-cells
КА-00002878,seo:primary-cells
КА-00002880,seo:warehouse-equipment
КА-00002881,seo:warehouse-equipment
КА-00002882,seo:warehouse-equipment
КА-00002883,seo:warehouse-equipment
КА-00002884,seo:warehouse-equipment
КА-00002885,seo:warehouse-equipment
КА-00002887,seo:batteries-traction
КА-00002888,seo:rechargeable-cells
КА-00002889,seo:rechargeable-cells
КА-00002890,seo:replacement-laptops
КА-00002904,seo:rechargeable-cells
КА-00002905,seo:rechargeable-cells
КА-00002906,seo:batteries-industrial
КА-00002908,seo:batteries-ups
КА-00002911,seo:rechargeable-cells
КА-00002912,seo:rechargeable-cells
КА-00002913,seo:rechargeable-cells
КА-00002914,seo:replacement-photo
КА-00002915,seo:rechargeable-cells
КА-00002916,seo:rechargeable-cells
КА-00002920,seo:rechargeable-cells
КА-00002921,seo:rechargeable-cells
КА-00002922,seo:rechargeable-cells
КА-00002923,seo:warehouse-equipment
КА-00002924,seo:replacement-tools
КА-00002925,seo:warehouse-equipment
КА-00002926,seo:rechargeable-cells
КА-00002927,seo:rechargeable-cells
КА-00002928,seo:rechargeable-cells
КА-00002929,seo:rechargeable-cells
КА-00002930,seo:rechargeable-cells
КА-00002931,seo:electronic-components
КА-00002932,seo:warehouse-equipment
КА-00002933,seo:rechargeable-cells
КА-00002934,seo:warehouse-equipment
КА-00002935,seo:rechargeable-cells
КА-00002938,seo:rechargeable-cells
КА-00002939,seo:replacement-tools
КА-00002940,seo:replacement-mobile
КА-00002941,seo:warehouse-equipment
КА-00002942,seo:rechargeable-cells
КА-00002943,seo:primary-cells
КА-00002944,seo:rechargeable-cells
КА-00002945,seo:replacement-laptops
КА-00002950,seo:rechargeable-cells
КА-00002951,seo:rechargeable-cells
КА-00002952,seo:rechargeable-cells
КА-00002953,seo:warehouse-equipment
КА-00002954,seo:warehouse-equipment
КА-00002955,seo:warehouse-equipment
КА-00002956,seo:rechargeable-cells
КА-00002957,seo:rechargeable-cells
КА-00002958,seo:rechargeable-cells
КА-00002959,seo:primary-cells
КА-00002960,seo:rechargeable-cells
КА-00002961,seo:primary-cells
КА-00002962,seo:electronic-components
КА-00002964,seo:rechargeable-cells
КА-00002965,seo:primary-cells
КА-00002967,seo:rechargeable-cells
КА-00002968,seo:rechargeable-cells
КА-00002973,seo:chargers
КА-00002974,seo:primary-cells
КА-00002975,seo:rechargeable-cells
КА-00002976,seo:warehouse-equipment
КА-00002977,seo:warehouse-equipment
КА-00002978,seo:warehouse-equipment
КА-00002979,seo:rechargeable-cells
КА-00002980,seo:rechargeable-cells
КА-00002981,seo:replacement-mobile
КА-00002982,seo:primary-cells
КА-00002984,seo:primary-cells
КА-00002985,seo:primary-cells
КА-00002986,seo:power-systems
КА-00002988,seo:primary-cells
КА-00002989,seo:warehouse-equipment
КА-00002990,seo:warehouse-equipment
КА-00002991,seo:rechargeable-cells
КА-00002992,seo:warehouse-equipment
КА-00002996,seo:rechargeable-cells
КА-00002997,seo:warehouse-equipment
КА-00002998,seo:warehouse-equipment
КА-00002999,seo:warehouse-equipment
КА-00003000,seo:warehouse-equipment
КА-00003001,seo:rechargeable-cells
КА-00003002,seo:primary-cells
КА-00003004,seo:electronic-components
КА-00003005,seo:warehouse-equipment
КА-00003006,seo:warehouse-equipment
КА-00003007,seo:replacement-mobile
КА-00003008,seo:warehouse-equipment
КА-00003009,seo:rechargeable-cells
КА-00003010,seo:rechargeable-cells
КА-00003011,seo:chargers
КА-00003012,seo:chargers
КА-00003013,seo:primary-cells
КА-00003014,seo:replacement-tools
КА-00003015,seo:primary-cells
КА-00003016,seo:warehouse-equipment
КА-00003017,seo:warehouse-equipment
КА-00003018,seo:rechargeable-cells
КА-00003019,seo:primary-cells
КА-00003020,seo:rechargeable-cells
КА-00003021,seo:rechargeable-cells
КА-00003022,seo:rechargeable-cells
КА-00003023,seo:rechargeable-cells
КА-00003024,seo:primary-cells
КА-00003026,seo:rechargeable-cells
КА-00003030,seo:rechargeable-cells
КА-00003031,seo:rechargeable-cells
КА-00003032,seo:rechargeable-cells
КА-00003034,seo:electronic-components
КА-00003035,seo:warehouse-equipment
КА-00003036,seo:warehouse-equipment
КА-00003037,seo:replacement-laptops
КА-00003038,seo:primary-cells
КА-00003039,seo:primary-cells
КА-00003040,seo:rechargeable-cells
КА-00003041,seo:rechargeable-cells
КА-00003042,seo:rechargeable-cells
КА-00003043,seo:warehouse-equipment
КА-00003044,seo:rechargeable-cells
КА-00003045,seo:warehouse-equipment
КА-00003046,seo:rechargeable-cells
КА-00003047,seo:rechargeable-cells
КА-00003048,seo:rechargeable-cells
КА-00003049,seo:warehouse-equipment
КА-00003050,seo:rechargeable-cells
КА-00003051,seo:replacement-mobile
КА-00003052,seo:rechargeable-cells
КА-00003053,seo:rechargeable-cells
КА-00003054,seo:electronic-components
КА-00003057,seo:rechargeable-cells
КА-00003058,seo:warehouse-equipment
КА-00003059,seo:rechargeable-cells
КА-00003060,seo:warehouse-equipment
КА-00003061,seo:warehouse-equipment
КА-00003062,seo:warehouse-equipment
КА-00003063,seo:rechargeable-cells
КА-00003064,seo:warehouse-equipment
КА-00003065,seo:rechargeable-cells
КА-00003066,seo:warehouse-equipment
КА-00003067,seo:warehouse-equipment
КА-00003068,seo:warehouse-equipment
КА-00003069,seo:warehouse-equipment
КА-00003070,seo:electronic-components
КА-00003071,seo:warehouse-equipment
КА-00003072,seo:warehouse-equipment
КА-00003073,seo:warehouse-equipment
КА-00003074,seo:warehouse-equipment
КА-00003076,seo:electronic-components
КА-00003077,seo:electronic-components
КА-00003078,seo:electronic-components
КА-00003079,seo:rechargeable-cells
КА-00003080,seo:electronic-components
КА-00003081,seo:rechargeable-cells
КА-00003082,seo:rechargeable-cells
КА-00003084,seo:primary-cells
КА-00003086,seo:warehouse-equipment
КА-00003087,seo:warehouse-equipment
КА-00003088,seo:warehouse-equipment
КА-00003089,seo:warehouse-equipment
КА-00003090,seo:rechargeable-cells
КА-00003091,seo:primary-cells
КА-00003092,seo:rechargeable-cells
КА-00003093,seo:primary-cells
КА-00003095,seo:warehouse-equipment
КА-00003096,seo:warehouse-equipment
КА-00003097,seo:primary-cells
КА-00003098,seo:primary-cells
КА-00003099,seo:chargers
КА-00003100,seo:warehouse-equipment
КА-00003103,seo:electronic-components
КА-00003104,seo:electronic-components
КА-00003105,seo:electronic-components
КА-00003106,seo:electronic-components
КА-00003107,seo:electronic-components
КА-00003108,seo:electronic-components
КА-00003109,seo:electronic-components
КА-00003110,seo:electronic-components
КА-00003111,seo:electronic-components
КА-00003112,seo:electronic-components
КА-00003114,seo:rechargeable-cells
КА-00003115,seo:electronic-components
КА-00003116,seo:electronic-components
КА-00003117,seo:electronic-components
КА-00003118,seo:rechargeable-cells
КА-00003119,seo:rechargeable-cells
КА-00003120,seo:rechargeable-cells
КА-00003123,seo:replacement-photo
КА-00003124,seo:warehouse-equipment
КА-00003125,seo:rechargeable-cells
КА-00003129,seo:warehouse-equipment
КА-00003132,seo:rechargeable-cells
КА-00003136,seo:rechargeable-cells
КА-00003137,seo:rechargeable-cells
КА-00003139,seo:warehouse-equipment
КА-00003140,seo:replacement-mobile
КА-00003141,seo:rechargeable-cells
КА-00003142,seo:primary-cells
КА-00003143,seo:warehouse-equipment
КА-00003144,seo:rechargeable-cells
КА-00003145,seo:primary-cells
КА-00003146,seo:rechargeable-cells
КА-00003147,seo:warehouse-equipment
КА-00003148,seo:rechargeable-cells
КА-00003152,seo:warehouse-equipment
КА-00003153,seo:rechargeable-cells
КА-00003154,seo:electronic-components
КА-00003155,seo:electronic-components
КА-00003156,seo:electronic-components
КА-00003159,seo:rechargeable-cells
КА-00003160,seo:primary-cells
КА-00003163,seo:electronic-components
КА-00003164,seo:rechargeable-cells
КА-00003168,seo:rechargeable-cells
КА-00003169,seo:rechargeable-cells
КА-00003187,seo:rechargeable-cells
КА-00003188,seo:rechargeable-cells
КА-00003189,seo:rechargeable-cells
КА-00003190,seo:rechargeable-cells
КА-00003191,seo:rechargeable-cells
КА-00003196,seo:warehouse-equipment
КА-00003199,seo:primary-cells
КА-00003200,seo:rechargeable-cells
КА-00003201,seo:warehouse-equipment
КА-00003203,seo:rechargeable-cells
КА-00003206,seo:electronic-components
КА-00003207,seo:rechargeable-cells
КА-00003208,seo:primary-cells
КА-00003210,seo:warehouse-equipment
КА-00003211,seo:rechargeable-cells
КА-00003212,seo:rechargeable-cells
КА-00003213,seo:rechargeable-cells
КА-00003214,seo:electronic-components
КА-00003215,seo:electronic-components
КА-00003216,seo:rechargeable-cells
КА-00003217,seo:warehouse-equipment
КА-00003218,seo:rechargeable-cells
КА-00003219,seo:rechargeable-cells
КА-00003220,seo:rechargeable-cells
КА-00003223,seo:rechargeable-cells
КА-00003224,seo:rechargeable-cells
КА-00003225,seo:rechargeable-cells
КА-00003226,seo:rechargeable-cells
КА-00003227,seo:rechargeable-cells
КА-00003228,seo:rechargeable-cells
КА-00003229,seo:rechargeable-cells
КА-00003230,seo:warehouse-equipment
КА-00003231,seo:warehouse-equipment
КА-00003232,seo:warehouse-equipment
КА-00003233,seo:warehouse-equipment
КА-00003234,seo:warehouse-equipment
КА-00003235,seo:warehouse-equipment
КА-00003236,seo:primary-cells
КА-00003237,seo:rechargeable-cells
КА-00003238,seo:rechargeable-cells
КА-00003239,seo:electronic-components
КА-00003240,seo:warehouse-equipment
КА-00003241,seo:chargers
КА-00003242,seo:electronic-components
КА-00003243,seo:electronic-components
КА-00003244,seo:rechargeable-cells
КА-00003245,seo:primary-cells
КА-00003246,seo:rechargeable-cells
КА-00003247,seo:primary-cells
КА-00003248,seo:rechargeable-cells
КА-00003249,seo:rechargeable-cells
КА-00003250,seo:rechargeable-cells
КА-00003251,seo:rechargeable-cells
КА-00003264,seo:primary-cells
КА-00003265,seo:rechargeable-cells
КА-00003266,seo:rechargeable-cells
КА-00003267,seo:rechargeable-cells
КА-00003269,seo:rechargeable-cells
КА-00003270,seo:primary-cells
КА-00003271,seo:primary-cells
КА-00003272,seo:warehouse-equipment
КА-00003273,seo:replacement-laptops
КА-00003274,seo:replacement-laptops
КА-00003275,seo:replacement-laptops
КА-00003276,seo:replacement-tools
КА-00003277,seo:replacement-tools
КА-00003279,seo:rechargeable-cells
КА-00003280,seo:rechargeable-cells
КА-00003281,seo:rechargeable-cells
КА-00003283,seo:warehouse-equipment
КА-00003284,seo:rechargeable-cells
КА-00003285,seo:rechargeable-cells
КА-00003286,seo:rechargeable-cells
КА-00003290,seo:rechargeable-cells
КА-00003291,seo:rechargeable-cells
КА-00003292,seo:rechargeable-cells
КА-00003293,seo:flashlights
КА-00003294,seo:rechargeable-cells
КА-00003295,seo:warehouse-equipment
КА-00003296,seo:rechargeable-cells
КА-00003297,seo:rechargeable-cells
КА-00003298,seo:rechargeable-cells
КА-00003299,seo:rechargeable-cells
КА-00003300,seo:rechargeable-cells
КА-00003301,seo:rechargeable-cells
КА-00003302,seo:rechargeable-cells
КА-00003303,seo:warehouse-equipment
КА-00003304,seo:warehouse-equipment
КА-00003305,seo:rechargeable-cells
КА-00003306,seo:warehouse-equipment
КА-00003307,seo:rechargeable-cells
КА-00003308,seo:rechargeable-cells
КА-00003309,seo:rechargeable-cells
КА-00003310,seo:replacement-mobile
КА-00003312,seo:warehouse-equipment
КА-00003313,seo:rechargeable-cells
КА-00003314,seo:rechargeable-cells
КА-00003315,seo:rechargeable-cells
КА-00003316,seo:rechargeable-cells
КА-00003318,seo:chargers
КА-00003320,seo:primary-cells
КА-00003321,seo:rechargeable-cells
КА-00003322,seo:rechargeable-cells
КА-00003323,seo:warehouse-equipment
КА-00003324,seo:rechargeable-cells
КА-00003326,seo:rechargeable-cells
КА-00003327,seo:rechargeable-cells
КА-00003328,seo:rechargeable-cells
КА-00003329,seo:primary-cells
КА-00003330,seo:power-systems
КА-00003331,seo:rechargeable-cells
КА-00003332,seo:rechargeable-cells
КА-00003333,seo:rechargeable-cells
КА-00003334,seo:flashlights
КА-00003335,seo:rechargeable-cells
КА-00003336,seo:primary-cells
КА-00003337,seo:warehouse-equipment
КА-00003338,seo:flashlights
КА-00003339,seo:rechargeable-cells
КА-00003340,seo:rechargeable-cells
КА-00003341,seo:warehouse-equipment
КА-00003342,seo:primary-cells
КА-00003343,seo:rechargeable-cells
КА-00003344,seo:rechargeable-cells
КА-00003345,seo:warehouse-equipment
КА-00003346,seo:primary-cells
КА-00003347,seo:rechargeable-cells
КА-00003348,seo:flashlights
КА-00003349,seo:primary-cells
КА-00003350,seo:primary-cells
КА-00003351,seo:rechargeable-cells
КА-00003352,seo:rechargeable-cells
КА-00003353,seo:rechargeable-cells
КА-00003354,seo:rechargeable-cells
КА-00003355,seo:rechargeable-cells
КА-00003356,seo:rechargeable-cells
КА-00003357,seo:rechargeable-cells
КА-00003358,seo:rechargeable-cells
КА-00003359,seo:rechargeable-cells
КА-00003360,seo:rechargeable-cells
КА-00003361,seo:rechargeable-cells
КА-00003362,seo:rechargeable-cells
КА-00003363,seo:rechargeable-cells
КА-00003364,seo:rechargeable-cells
КА-00003365,seo:rechargeable-cells
КА-00003366,seo:rechargeable-cells
КА-00003367,seo:replacement-tools
КА-00003368,seo:replacement-tools
КА-00003369,seo:warehouse-equipment
КА-00003370,seo:rechargeable-cells
КА-00003371,seo:rechargeable-cells
КА-00003372,seo:rechargeable-cells
КА-00003373,seo:rechargeable-cells
КА-00003374,seo:primary-cells
КА-00003375,seo:rechargeable-cells
КА-00003376,seo:rechargeable-cells
КА-00003380,seo:flashlights
КА-00003381,seo:primary-cells
КА-00003382,seo:warehouse-equipment
КА-00003383,seo:warehouse-equipment
КА-00003384,seo:rechargeable-cells
КА-00003385,seo:primary-cells
КА-00003386,seo:warehouse-equipment
КА-00003387,seo:batteries-ups
КА-00003388,seo:rechargeable-cells
КА-00003389,seo:rechargeable-cells
КА-00003390,seo:rechargeable-cells
КА-00003391,seo:rechargeable-cells
КА-00003395,seo:rechargeable-cells
КА-00003396,seo:primary-cells
КА-00003397,seo:rechargeable-cells
КА-00003398,seo:rechargeable-cells
КА-00003400,seo:primary-cells
КА-00003401,seo:rechargeable-cells
КА-00003402,seo:rechargeable-cells
КА-00003403,seo:rechargeable-cells
КА-00003404,seo:rechargeable-cells
КА-00003405,seo:rechargeable-cells
КА-00003422,seo:rechargeable-cells
КА-00003423,seo:rechargeable-cells
КА-00003424,seo:primary-cells
КА-00003425,seo:rechargeable-cells
КА-00003426,seo:rechargeable-cells
КА-00003427,seo:rechargeable-cells
КА-00003428,seo:flashlights
КА-00003430,seo:warehouse-equipment
КА-00003431,seo:rechargeable-cells
КА-00003432,seo:warehouse-equipment
КА-00003433,seo:replacement-mobile
КА-00003435,seo:replacement-mobile
КА-00003437,seo:rechargeable-cells
КА-00003438,seo:electronic-components
КА-00003439,seo:electronic-components
КА-00003441,seo:warehouse-equipment
КА-00003442,seo:rechargeable-cells
КА-00003443,seo:primary-cells
КА-00003444,seo:rechargeable-cells
КА-00003445,seo:rechargeable-cells
КА-00003446,seo:rechargeable-cells
КА-00003447,seo:rechargeable-cells
КА-00003448,seo:primary-cells
КА-00003449,seo:primary-cells
КА-00003450,seo:primary-cells
КА-00003451,seo:primary-cells
КА-00003452,seo:replacement-mobile
КА-00003453,seo:primary-cells
КА-00003454,seo:rechargeable-cells
КА-00003455,seo:rechargeable-cells
КА-00003456,seo:rechargeable-cells
КА-00003457,seo:rechargeable-cells
КА-00003459,seo:flashlights
КА-00003460,seo:rechargeable-cells
КА-00003461,seo:replacement-tools
КА-00003462,seo:rechargeable-cells
КА-00003463,seo:primary-cells
КА-00003464,seo:rechargeable-cells
КА-00003466,seo:rechargeable-cells
КА-00003467,seo:electronic-components
КА-00003468,seo:rechargeable-cells
КА-00003469,seo:electronic-components
КА-00003470,seo:electronic-components
КА-00003472,seo:rechargeable-cells
КА-00003473,seo:primary-cells
КА-00003475,seo:primary-cells
КА-00003476,seo:replacement-tools
КА-00003477,seo:replacement-tools
КА-00003478,seo:primary-cells
КА-00003479,seo:primary-cells
КА-00003480,seo:primary-cells
КА-00003481,seo:rechargeable-cells
КА-00003482,seo:rechargeable-cells
КА-00003483,seo:primary-cells
КА-00003484,seo:rechargeable-cells
КА-00003489,seo:warehouse-equipment
КА-00003494,seo:replacement-mobile
КА-00003495,seo:rechargeable-cells
КА-00003496,seo:rechargeable-cells
КА-00003497,seo:replacement-mobile
КА-00003498,seo:replacement-mobile
КА-00003499,seo:rechargeable-cells
КА-00003500,seo:rechargeable-cells
КА-00003502,seo:rechargeable-cells
КА-00003503,seo:flashlights
КА-00003504,seo:rechargeable-cells
КА-00003505,seo:replacement-mobile
КА-00003506,seo:electronic-components
КА-00003507,seo:electronic-components
КА-00003508,seo:electronic-components
КА-00003509,seo:electronic-components
КА-00003510,seo:electronic-components
КА-00003511,seo:electronic-components
КА-00003512,seo:electronic-components
КА-00003513,seo:electronic-components
КА-00003514,seo:rechargeable-cells
КА-00003515,seo:rechargeable-cells
КА-00003516,seo:warehouse-equipment
КА-00003517,seo:rechargeable-cells
КА-00003518,seo:rechargeable-cells
КА-00003519,seo:primary-cells
КА-00003520,seo:primary-cells
КА-00003521,seo:replacement-mobile
КА-00003522,seo:rechargeable-cells
КА-00003523,seo:rechargeable-cells
КА-00003525,seo:rechargeable-cells
КА-00003526,seo:warehouse-equipment
КА-00003527,seo:rechargeable-cells
КА-00003529,seo:primary-cells
КА-00003530,seo:rechargeable-cells
КА-00003531,seo:electronic-components
КА-00003534,seo:primary-cells
КА-00003535,seo:primary-cells
КА-00003536,seo:primary-cells
КА-00003537,seo:rechargeable-cells
КА-00003538,seo:primary-cells
КА-00003539,seo:rechargeable-cells
КА-00003540,seo:rechargeable-cells
КА-00003542,seo:replacement-mobile
КА-00003543,seo:warehouse-equipment
КА-00003545,seo:rechargeable-cells
КА-00003546,seo:rechargeable-cells
КА-00003547,seo:replacement-mobile
КА-00003548,seo:rechargeable-cells
КА-00003549,seo:primary-cells
КА-00003550,seo:primary-cells
КА-00003551,seo:primary-cells
КА-00003552,seo:rechargeable-cells
КА-00003553,seo:electronic-components
КА-00003554,seo:rechargeable-cells
КА-00003556,seo:power-systems
КА-00003557,seo:rechargeable-cells
КА-00003559,seo:rechargeable-cells
КА-00003560,seo:rechargeable-cells
КА-00003563,seo:electronic-components
КА-00003564,seo:rechargeable-cells
КА-00003565,seo:primary-cells
КА-00003566,seo:rechargeable-cells
КА-00003567,seo:power-systems
КА-00003568,seo:chargers
КА-00003569,seo:primary-cells
КА-00003570,seo:rechargeable-cells
КА-00003577,seo:primary-cells
КА-00003578,seo:rechargeable-cells
КА-00003579,seo:rechargeable-cells
КА-00003582,seo:rechargeable-cells
КА-00003583,seo:electronic-components
КА-00003584,seo:electronic-components
КА-00003585,seo:electronic-components
КА-00003586,seo:electronic-components
КА-00003587,seo:electronic-components
КА-00003588,seo:electronic-components
КА-00003590,seo:electronic-components
КА-00003591,seo:electronic-components
КА-00003592,seo:rechargeable-cells
КА-00003593,seo:batteries-traction
КА-00003594,seo:electronic-components
КА-00003595,seo:rechargeable-cells
КА-00003596,seo:rechargeable-cells
КА-00003597,seo:primary-cells
КА-00003598,seo:rechargeable-cells
КА-00003599,seo:rechargeable-cells
КА-00003603,seo:electronic-components
КА-00003604,seo:electronic-components
КА-00003605,seo:electronic-components
КА-00003606,seo:electronic-components
КА-00003607,seo:electronic-components
КА-00003608,seo:electronic-components
КА-00003609,seo:electronic-components
КА-00003610,seo:electronic-components
КА-00003611,seo:electronic-components
КА-00003612,seo:electronic-components
КА-00003613,seo:electronic-components
КА-00003614,seo:electronic-components
КА-00003615,seo:electronic-components
КА-00003616,seo:electronic-components
КА-00003617,seo:rechargeable-cells
КА-00003618,seo:rechargeable-cells
КА-00003620,seo:rechargeable-cells
КА-00003621,seo:rechargeable-cells
КА-00003623,seo:batteries-traction
КА-00003624,seo:batteries-traction
КА-00003625,seo:rechargeable-cells
КА-00003627,seo:rechargeable-cells
КА-00003628,seo:rechargeable-cells
КА-00003629,seo:rechargeable-cells
КА-00003630,seo:replacement-mobile
КА-00003631,seo:rechargeable-cells
КА-00003632,seo:primary-cells
КА-00003633,seo:primary-cells
КА-00003636,seo:primary-cells
КА-00003637,seo:rechargeable-cells
КА-00003638,seo:rechargeable-cells
КА-00003639,seo:rechargeable-cells
КА-00003640,seo:rechargeable-cells
КА-00003641,seo:rechargeable-cells
КА-00003642,seo:replacement-mobile
КА-00003644,seo:rechargeable-cells
КА-00003645,seo:rechargeable-cells
КА-00003646,seo:primary-cells
КА-00003647,seo:rechargeable-cells
КА-00003648,seo:rechargeable-cells
КА-00003649,seo:rechargeable-cells
КА-00003654,seo:rechargeable-cells
КА-00003655,seo:rechargeable-cells
КА-00003656,seo:rechargeable-cells
КА-00003657,seo:rechargeable-cells
КА-00003658,seo:rechargeable-cells
КА-00003659,seo:rechargeable-cells
КА-00003661,seo:rechargeable-cells
КА-00003664,seo:warehouse-equipment
КА-00003667,seo:electronic-components
КА-00003668,seo:rechargeable-cells
КА-00003669,seo:rechargeable-cells
КА-00003670,seo:rechargeable-cells
КА-00003671,seo:rechargeable-cells
КА-00003672,seo:rechargeable-cells
КА-00003673,seo:rechargeable-cells
КА-00003674,seo:rechargeable-cells
КА-00003675,seo:rechargeable-cells
КА-00003676,seo:rechargeable-cells
КА-00003677,seo:primary-cells
КА-00003678,seo:electronic-components
КА-00003679,seo:rechargeable-cells
КА-00003680,seo:rechargeable-cells
КА-00003681,seo:rechargeable-cells
КА-00003682,seo:rechargeable-cells
КА-00003683,seo:rechargeable-cells
КА-00003684,seo:primary-cells
КА-00003685,seo:power-systems
КА-00003686,seo:power-systems
КА-00003688,seo:rechargeable-cells
КА-00003689,seo:rechargeable-cells
КА-00003690,seo:primary-cells
КА-00003692,seo:rechargeable-cells
КА-00003693,seo:rechargeable-cells
КА-00003694,seo:replacement-mobile
КА-00003695,seo:rechargeable-cells
КА-00003696,seo:rechargeable-cells
КА-00003697,seo:rechargeable-cells
КА-00003698,seo:rechargeable-cells
КА-00003699,seo:batteries-ups
КА-00003700,seo:primary-cells
КА-00003701,seo:rechargeable-cells
КА-00003703,seo:electronic-components
КА-00003704,seo:primary-cells
КА-00003705,seo:rechargeable-cells
КА-00003706,seo:primary-cells
КА-00003707,seo:rechargeable-cells
КА-00003709,seo:rechargeable-cells
КА-00003710,seo:batteries-ups
КА-00003711,seo:rechargeable-cells
КА-00003712,seo:rechargeable-cells
КА-00003713,seo:rechargeable-cells
КА-00003714,seo:rechargeable-cells
КА-00003715,seo:rechargeable-cells
КА-00003716,seo:rechargeable-cells
КА-00003717,seo:replacement-mobile
КА-00003719,seo:primary-cells
КА-00003720,seo:rechargeable-cells
КА-00003722,seo:rechargeable-cells
КА-00003724,seo:rechargeable-cells
КА-00003730,seo:power-systems
КА-00003731,seo:rechargeable-cells
КА-00003732,seo:rechargeable-cells
КА-00003733,seo:rechargeable-cells
КА-00003734,seo:replacement-photo
КА-00003735,seo:rechargeable-cells
КА-00003736,seo:rechargeable-cells
КА-00003737,seo:rechargeable-cells
КА-00003738,seo:primary-cells
КА-00003739,seo:rechargeable-cells
КА-00003740,seo:rechargeable-cells
КА-00003742,seo:rechargeable-cells
КА-00003743,seo:rechargeable-cells
КА-00003744,seo:rechargeable-cells
КА-00003746,seo:primary-cells
КА-00003747,seo:primary-cells
КА-00003748,seo:batteries-ups
КА-00003749,seo:replacement-mobile
КА-00003750,seo:rechargeable-cells
КА-00003751,seo:rechargeable-cells
КА-00003753,seo:rechargeable-cells
КА-00003754,seo:rechargeable-cells
КА-00003755,seo:rechargeable-cells
КА-00003756,seo:rechargeable-cells
КА-00003757,seo:primary-cells
КА-00003758,seo:primary-cells
КА-00003759,seo:primary-cells
КА-00003760,seo:primary-cells
КА-00003761,seo:rechargeable-cells
КА-00003762,seo:primary-cells
КА-00003765,seo:primary-cells
КА-00003766,seo:rechargeable-cells
КА-00003767,seo:rechargeable-cells
КА-00003768,seo:primary-cells
КА-00003769,seo:primary-cells
КА-00003770,seo:rechargeable-cells
КА-00003771,seo:rechargeable-cells
КА-00003772,seo:primary-cells
КА-00003773,seo:primary-cells
КА-00003774,seo:primary-cells
КА-00003775,seo:primary-cells
КА-00003776,seo:primary-cells
КА-00003777,seo:primary-cells
КА-00003778,seo:rechargeable-cells
КА-00003780,seo:rechargeable-cells
КА-00003781,seo:chargers
КА-00003782,seo:rechargeable-cells
КА-00003783,seo:primary-cells
КА-00003784,seo:primary-cells
КА-00003785,seo:electronic-components
КА-00003786,seo:primary-cells
КА-00003787,seo:rechargeable-cells
КА-00003788,seo:electronic-components
КА-00003789,seo:rechargeable-cells
КА-00003790,seo:rechargeable-cells
КА-00003791,seo:rechargeable-cells
КА-00003792,seo:rechargeable-cells
КА-00003793,seo:rechargeable-cells
КА-00003795,seo:rechargeable-cells
КА-00003796,seo:primary-cells
КА-00003797,seo:primary-cells
КА-00003798,seo:rechargeable-cells
КА-00003799,seo:primary-cells
КА-00003800,seo:primary-cells
КА-00003801,seo:primary-cells
КА-00003802,seo:primary-cells
КА-00003803,seo:primary-cells
КА-00003804,seo:primary-cells
КА-00003805,seo:rechargeable-cells
КА-00003808,seo:electronic-components
КА-00003809,seo:electronic-components
КА-00003810,seo:rechargeable-cells
КА-00003811,seo:rechargeable-cells
КА-00003812,seo:rechargeable-cells
КА-00003814,seo:rechargeable-cells
КА-00003815,seo:primary-cells
КА-00003816,seo:rechargeable-cells
КА-00003817,seo:electronic-components
КА-00003819,seo:electronic-components
КА-00003821,seo:replacement-tools
КА-00003822,seo:rechargeable-cells
КА-00003823,seo:primary-cells
КА-00003824,seo:rechargeable-cells
КА-00003825,seo:rechargeable-cells
КА-00003826,seo:electronic-components
КА-00003827,seo:electronic-components
КА-00003828,seo:rechargeable-cells
КА-00003829,seo:rechargeable-cells
КА-00003830,seo:rechargeable-cells
КА-00003832,seo:rechargeable-cells
КА-00003833,seo:rechargeable-cells
КА-00003834,seo:rechargeable-cells
КА-00003835,seo:primary-cells
КА-00003836,seo:rechargeable-cells
КА-00003837,seo:primary-cells
КА-00003839,seo:electronic-components
КА-00003840,seo:power-systems
КА-00003841,seo:rechargeable-cells
КА-00003843,seo:rechargeable-cells
КА-00003844,seo:rechargeable-cells
КА-00003845,seo:primary-cells
КА-00003846,seo:rechargeable-cells
КА-00003847,seo:rechargeable-cells
КА-00003848,seo:rechargeable-cells
КА-00003852,seo:rechargeable-cells
КА-00003853,seo:chargers
КА-00003854,seo:rechargeable-cells
КА-00003855,seo:rechargeable-cells
КА-00003856,seo:rechargeable-cells
КА-00003858,seo:rechargeable-cells
КА-00003859,seo:rechargeable-cells
КА-00003860,seo:primary-cells
КА-00003861,seo:rechargeable-cells
КА-00003862,seo:rechargeable-cells
КА-00003863,seo:rechargeable-cells
КА-00003864,seo:rechargeable-cells
КА-00003865,seo:rechargeable-cells
КА-00003866,seo:rechargeable-cells
КА-00003867,seo:rechargeable-cells
КА-00003868,seo:rechargeable-cells
КА-00003869,seo:primary-cells
КА-00003870,seo:rechargeable-cells
КА-00003871,seo:rechargeable-cells
КА-00003872,seo:primary-cells
КА-00003873,seo:rechargeable-cells
КА-00003874,seo:electronic-components
КА-00003875,seo:electronic-components
КА-00003876,seo:electronic-components
КА-00003877,seo:electronic-components
КА-00003878,seo:electronic-components
КА-00003879,seo:electronic-components
КА-00003880,seo:electronic-components
КА-00003881,seo:electronic-components
КА-00003882,seo:electronic-components
КА-00003883,seo:batteries-ups
КА-00003884,seo:rechargeable-cells
КА-00003885,seo:rechargeable-cells
КА-00003886,seo:rechargeable-cells
КА-00003887,seo:power-systems
КА-00003888,seo:rechargeable-cells
КА-00003889,seo:rechargeable-cells
КА-00003890,seo:rechargeable-cells
КА-00003891,seo:rechargeable-cells
КА-00003892,seo:rechargeable-cells
КА-00003893,seo:rechargeable-cells
КА-00003898,seo:rechargeable-cells
КА-00003901,seo:rechargeable-cells
КА-00003905,seo:replacement-tools
КА-00003906,seo:rechargeable-cells
КА-00003907,seo:rechargeable-cells
КА-00003908,seo:rechargeable-cells
КА-00003909,seo:rechargeable-cells
КА-00003910,seo:rechargeable-cells
КА-00003911,seo:rechargeable-cells
КА-00003912,seo:rechargeable-cells
КА-00003913,seo:primary-cells
КА-00003914,seo:power-systems
КА-00003915,seo:replacement-mobile
КА-00003916,seo:rechargeable-cells
КА-00003917,seo:primary-cells
КА-00003918,seo:rechargeable-cells
КА-00003919,seo:rechargeable-cells
КА-00003920,seo:rechargeable-cells
КА-00003921,seo:rechargeable-cells
КА-00003922,seo:rechargeable-cells
КА-00003923,seo:rechargeable-cells
КА-00003924,seo:primary-cells
КА-00003925,seo:primary-cells
КА-00003926,seo:primary-cells
КА-00003927,seo:replacement-mobile
КА-00003928,seo:replacement-mobile
КА-00003929,seo:primary-cells
КА-00003930,seo:rechargeable-cells
КА-00003932,seo:rechargeable-cells
КА-00003933,seo:rechargeable-cells
КА-00003934,seo:rechargeable-cells
КА-00003937,seo:rechargeable-cells
КА-00003940,seo:rechargeable-cells
КА-00003941,seo:rechargeable-cells
КА-00003942,seo:primary-cells
КА-00003943,seo:rechargeable-cells
КА-00003944,seo:batteries-ups
КА-00003945,seo:batteries-ups
КА-00003946,seo:rechargeable-cells
КА-00003947,seo:replacement-tools
КА-00003948,seo:rechargeable-cells
КА-00003949,seo:primary-cells
КА-00003950,seo:primary-cells
КА-00003951,seo:rechargeable-cells
КА-00003953,seo:replacement-mobile
КА-00003954,seo:rechargeable-cells
КА-00003955,seo:replacement-tools
КА-00003956,seo:batteries-ups
КА-00003957,seo:replacement-tools
КА-00003958,seo:rechargeable-cells
КА-00003959,seo:rechargeable-cells
КА-00003960,seo:electronic-components
КА-00003961,seo:electronic-components
КА-00003962,seo:rechargeable-cells
КА-00003963,seo:rechargeable-cells
КА-00003964,seo:electronic-components
КА-00003965,seo:rechargeable-cells
КА-00003966,seo:rechargeable-cells
КА-00003967,seo:rechargeable-cells
КА-00003968,seo:primary-cells
КА-00003969,seo:rechargeable-cells
КА-00003971,seo:rechargeable-cells
КА-00003973,seo:rechargeable-cells
КА-00003975,seo:rechargeable-cells
КА-00003976,seo:rechargeable-cells
КА-00003977,seo:rechargeable-cells
КА-00003978,seo:electronic-components
КА-00003979,seo:electronic-components
КА-00003980,seo:replacement-mobile
КА-00003983,seo:power-systems
КА-00003984,seo:rechargeable-cells
КА-00003985,seo:rechargeable-cells
КА-00003986,seo:primary-cells
КА-00003987,seo:rechargeable-cells
КА-00003988,seo:rechargeable-cells
КА-00003989,seo:chargers
КА-00003990,seo:rechargeable-cells
КА-00003991,seo:power-systems
КА-00003992,seo:primary-cells
КА-00003993,seo:primary-cells
КА-00003994,seo:rechargeable-cells
КА-00003995,seo:batteries-ups
КА-00003997,seo:power-systems
КА-00003999,seo:rechargeable-cells
КА-00004000,seo:rechargeable-cells
КА-00004001,seo:primary-cells
КА-00004002,seo:rechargeable-cells
КА-00004007,seo:replacement-mobile
КА-00004008,seo:rechargeable-cells
КА-00004009,seo:rechargeable-cells
КА-00004010,seo:primary-cells
КА-00004011,seo:rechargeable-cells
КА-00004012,seo:rechargeable-cells
КА-00004013,seo:rechargeable-cells
КА-00004014,seo:primary-cells
КА-00004015,seo:rechargeable-cells
КА-00004016,seo:rechargeable-cells
КА-00004017,seo:rechargeable-cells
КА-00004018,seo:primary-cells
КА-00004019,seo:rechargeable-cells
КА-00004021,seo:rechargeable-cells
КА-00004022,seo:rechargeable-cells
КА-00004023,seo:rechargeable-cells
КА-00004024,seo:rechargeable-cells
КА-00004025,seo:rechargeable-cells
КА-00004026,seo:electronic-components
КА-00004027,seo:electronic-components
КА-00004028,seo:electronic-components
КА-00004029,seo:electronic-components
КА-00004030,seo:electronic-components
КА-00004031,seo:electronic-components
КА-00004032,seo:rechargeable-cells
КА-00004033,seo:rechargeable-cells
КА-00004034,seo:chargers
КА-00004035,seo:power-systems
КА-00004036,seo:primary-cells
КА-00004037,seo:primary-cells
КА-00004039,seo:rechargeable-cells
КА-00004040,seo:rechargeable-cells
КА-00004041,seo:rechargeable-cells
КА-00004042,seo:rechargeable-cells
КА-00004043,seo:electronic-components
КА-00004044,seo:electronic-components
КА-00004045,seo:electronic-components
КА-00004046,seo:electronic-components
КА-00004050,seo:power-systems
КА-00004051,seo:electronic-components
КА-00004052,seo:electronic-components
КА-00004053,seo:electronic-components
КА-00004054,seo:electronic-components
КА-00004056,seo:electronic-components
КА-00004057,seo:electronic-components
КА-00004059,seo:electronic-components
КА-00004071,seo:electronic-components
КА-00004074,seo:electronic-components
КА-00004076,seo:rechargeable-cells
КА-00004082,seo:rechargeable-cells
КА-00004088,seo:rechargeable-cells
КА-00004089,seo:rechargeable-cells
КА-00004090,seo:rechargeable-cells
КА-00004091,seo:rechargeable-cells
КА-00004092,seo:rechargeable-cells
КА-00004093,seo:rechargeable-cells
КА-00004094,seo:rechargeable-cells
КА-00004095,seo:replacement-tools
КА-00004096,seo:rechargeable-cells
КА-00004097,seo:rechargeable-cells
КА-00004098,seo:rechargeable-cells
КА-00004099,seo:electronic-components
КА-00004100,seo:electronic-components
КА-00004101,seo:electronic-components
КА-00004102,seo:electronic-components
КА-00004103,seo:electronic-components
КА-00004104,seo:electronic-components
КА-00004105,seo:electronic-components
КА-00004106,seo:electronic-components
КА-00004107,seo:electronic-components
КА-00004108,seo:electronic-components
КА-00004109,seo:rechargeable-cells
КА-00004110,seo:rechargeable-cells
КА-00004111,seo:rechargeable-cells
КА-00004112,seo:batteries-ups
КА-00004113,seo:batteries-ups
КА-00004114,seo:rechargeable-cells
КА-00004115,seo:rechargeable-cells
КА-00004116,seo:electronic-components
КА-00004117,seo:electronic-components
КА-00004118,seo:primary-cells
КА-00004119,seo:rechargeable-cells
КА-00004120,seo:rechargeable-cells
КА-00004121,seo:rechargeable-cells
КА-00004122,seo:primary-cells
КА-00004123,seo:primary-cells
КА-00004124,seo:rechargeable-cells
КА-00004125,seo:primary-cells
КА-00004126,seo:electronic-components
КА-00004127,seo:rechargeable-cells
КА-00004129,seo:rechargeable-cells
КА-00004130,seo:rechargeable-cells
КА-00004131,seo:rechargeable-cells
КА-00004132,seo:replacement-tools
КА-00004134,seo:rechargeable-cells
КА-00004135,seo:replacement-mobile
КА-00004136,seo:primary-cells
КА-00004137,seo:primary-cells
КА-00004138,seo:primary-cells
КА-00004139,seo:rechargeable-cells
КА-00004140,seo:rechargeable-cells
КА-00004141,seo:rechargeable-cells
КА-00004142,seo:rechargeable-cells
КА-00004143,seo:rechargeable-cells
КА-00004144,seo:rechargeable-cells
КА-00004145,seo:primary-cells
КА-00004146,seo:primary-cells
КА-00004147,seo:rechargeable-cells
КА-00004148,seo:electronic-components
КА-00004149,seo:rechargeable-cells
КА-00004150,seo:power-systems
КА-00004151,seo:power-systems
КА-00004155,seo:power-systems
КА-00004157,seo:rechargeable-cells
КА-00004158,seo:rechargeable-cells
КА-00004159,seo:rechargeable-cells
КА-00004160,seo:rechargeable-cells
КА-00004161,seo:primary-cells
КА-00004164,seo:primary-cells
КА-00004165,seo:rechargeable-cells
КА-00004166,seo:rechargeable-cells
КА-00004167,seo:rechargeable-cells
КА-00004168,seo:replacement-laptops
КА-00004169,seo:primary-cells
КА-00004170,seo:power-systems
КА-00004171,seo:rechargeable-cells
КА-00004172,seo:rechargeable-cells
КА-00004173,seo:rechargeable-cells
КА-00004174,seo:rechargeable-cells
КА-00004175,seo:primary-cells
КА-00004176,seo:rechargeable-cells
КА-00004177,seo:rechargeable-cells
КА-00004180,seo:rechargeable-cells
КА-00004182,seo:electronic-components
КА-00004183,seo:electronic-components
КА-00004184,seo:electronic-components
КА-00004185,seo:electronic-components
КА-00004186,seo:electronic-components
КА-00004189,seo:electronic-components
КА-00004190,seo:electronic-components
КА-00004191,seo:electronic-components
КА-00004192,seo:electronic-components
КА-00004193,seo:electronic-components
КА-00004194,seo:electronic-components
КА-00004195,seo:electronic-components
КА-00004198,seo:electronic-components
КА-00004199,seo:electronic-components
КА-00004201,seo:electronic-components
КА-00004202,seo:rechargeable-cells
КА-00004203,seo:electronic-components
КА-00004204,seo:electronic-components
КА-00004205,seo:electronic-components
КА-00004206,seo:electronic-components
КА-00004207,seo:batteries-ups
КА-00004208,seo:rechargeable-cells
КА-00004209,seo:rechargeable-cells
КА-00004210,seo:rechargeable-cells
КА-00004211,seo:rechargeable-cells
КА-00004212,seo:chargers
КА-00004213,seo:rechargeable-cells
КА-00004214,seo:rechargeable-cells
КА-00004215,seo:electronic-components
КА-00004216,seo:rechargeable-cells
КА-00004218,seo:rechargeable-cells
КА-00004219,seo:rechargeable-cells
КА-00004220,seo:primary-cells
КА-00004221,seo:rechargeable-cells
КА-00004222,seo:replacement-mobile
КА-00004223,seo:replacement-mobile
КА-00004224,seo:replacement-mobile
КА-00004225,seo:rechargeable-cells
КА-00004226,seo:power-systems
КА-00004227,seo:rechargeable-cells
КА-00004231,seo:primary-cells
КА-00004232,seo:rechargeable-cells
КА-00004233,seo:rechargeable-cells
КА-00004234,seo:rechargeable-cells
КА-00004235,seo:rechargeable-cells
КА-00004236,seo:electronic-components
КА-00004238,seo:rechargeable-cells
КА-00004239,seo:replacement-mobile
КА-00004240,seo:replacement-mobile
КА-00004241,seo:rechargeable-cells
КА-00004242,seo:power-systems
КА-00004243,seo:primary-cells
КА-00004244,seo:electronic-components
КА-00004248,seo:electronic-components
КА-00004249,seo:rechargeable-cells
КА-00004250,seo:rechargeable-cells
КА-00004251,seo:electronic-components
КА-00004252,seo:rechargeable-cells
КА-00004253,seo:replacement-mobile
КА-00004254,seo:replacement-mobile
КА-00004255,seo:rechargeable-cells
КА-00004256,seo:rechargeable-cells
КА-00004257,seo:primary-cells
КА-00004258,seo:primary-cells
КА-00004259,seo:primary-cells
КА-00004260,seo:rechargeable-cells
КА-00004261,seo:rechargeable-cells
КА-00004262,seo:rechargeable-cells
КА-00004263,seo:replacement-mobile
КА-00004264,seo:rechargeable-cells
КА-00004265,seo:rechargeable-cells
КА-00004266,seo:rechargeable-cells
КА-00004267,seo:replacement-mobile
КА-00004269,seo:rechargeable-cells
КА-00004270,seo:rechargeable-cells
КА-00004271,seo:primary-cells
КА-00004272,seo:primary-cells
КА-00004273,seo:primary-cells
КА-00004274,seo:rechargeable-cells
КА-00004276,seo:rechargeable-cells
КА-00004277,seo:rechargeable-cells
КА-00004278,seo:rechargeable-cells
КА-00004279,seo:rechargeable-cells
КА-00004280,seo:primary-cells
КА-00004281,seo:primary-cells
КА-00004282,seo:rechargeable-cells
КА-00004283,seo:primary-cells
КА-00004286,seo:rechargeable-cells
КА-00004287,seo:primary-cells
КА-00004288,seo:electronic-components
КА-00004289,seo:electronic-components
КА-00004290,seo:rechargeable-cells
КА-00004291,seo:rechargeable-cells
КА-00004292,seo:rechargeable-cells
КА-00004294,seo:rechargeable-cells
КА-00004295,seo:primary-cells
КА-00004296,seo:rechargeable-cells
КА-00004297,seo:rechargeable-cells
КА-00004298,seo:rechargeable-cells
КА-00004299,seo:replacement-tools
КА-00004300,seo:rechargeable-cells
КА-00004301,seo:primary-cells
КА-00004302,seo:rechargeable-cells
КА-00004303,seo:rechargeable-cells
КА-00004304,seo:rechargeable-cells
КА-00004305,seo:primary-cells
КА-00004306,seo:primary-cells
КА-00004311,seo:primary-cells
КА-00004312,seo:rechargeable-cells
КА-00004314,seo:rechargeable-cells
КА-00004315,seo:primary-cells
КА-00004316,seo:primary-cells
КА-00004317,seo:primary-cells
КА-00004318,seo:primary-cells
КА-00004319,seo:power-systems
КА-00004331,seo:rechargeable-cells
КА-00004332,seo:rechargeable-cells
КА-00004334,seo:rechargeable-cells
КА-00004335,seo:rechargeable-cells
КА-00004336,seo:rechargeable-cells
КА-00004337,seo:primary-cells
КА-00004338,seo:rechargeable-cells
КА-00004339,seo:rechargeable-cells
КА-00004341,seo:rechargeable-cells
КА-00004344,seo:batteries-ups
КА-00004345,seo:primary-cells
КА-00004346,seo:rechargeable-cells
КА-00004347,seo:rechargeable-cells
КА-00004348,seo:replacement-tools
КА-00004349,seo:rechargeable-cells
КА-00004350,seo:rechargeable-cells
КА-00004351,seo:primary-cells
КА-00004352,seo:rechargeable-cells
КА-00004353,seo:rechargeable-cells
КА-00004354,seo:primary-cells
КА-00004355,seo:rechargeable-cells
КА-00004356,seo:rechargeable-cells
КА-00004357,seo:replacement-mobile
КА-00004358,seo:batteries-ups
КА-00004359,seo:primary-cells
КА-00004360,seo:electronic-components
КА-00004361,seo:electronic-components
КА-00004362,seo:electronic-components
КА-00004363,seo:rechargeable-cells
КА-00004364,seo:rechargeable-cells
КА-00004365,seo:rechargeable-cells
КА-00004366,seo:batteries-ups
КА-00004367,seo:power-systems
КА-00004368,seo:rechargeable-cells
КА-00004369,seo:rechargeable-cells
КА-00004370,seo:rechargeable-cells
КА-00004371,seo:rechargeable-cells
КА-00004372,seo:rechargeable-cells
КА-00004373,seo:rechargeable-cells
КА-00004374,seo:replacement-mobile
КА-00004375,seo:chargers
КА-00004376,seo:rechargeable-cells
КА-00004378,seo:batteries-traction
КА-00004380,seo:rechargeable-cells
КА-00004381,seo:rechargeable-cells
КА-00004382,seo:rechargeable-cells
КА-00004383,seo:chargers
КА-00004384,seo:replacement-tools
КА-00004385,seo:primary-cells
КА-00004386,seo:replacement-laptops
КА-00004387,seo:rechargeable-cells
КА-00004388,seo:rechargeable-cells
КА-00004389,seo:rechargeable-cells
КА-00004390,seo:rechargeable-cells
КА-00004391,seo:rechargeable-cells
КА-00004392,seo:rechargeable-cells
КА-00004393,seo:rechargeable-cells
КА-00004394,seo:batteries-traction
КА-00004395,seo:rechargeable-cells
КА-00004396,seo:rechargeable-cells
КА-00004399,seo:rechargeable-cells
КА-00004400,seo:rechargeable-cells
КА-00004401,seo:rechargeable-cells
КА-00004402,seo:primary-cells
КА-00004403,seo:primary-cells
КА-00004405,seo:primary-cells
КА-00004406,seo:power-systems
КА-00004407,seo:primary-cells
КА-00004408,seo:rechargeable-cells
КА-00004410,seo:primary-cells
КА-00004411,seo:primary-cells
КА-00004412,seo:rechargeable-cells
КА-00004413,seo:primary-cells
КА-00004419,seo:primary-cells
КА-00004420,seo:rechargeable-cells
КА-00004421,seo:primary-cells
КА-00004422,seo:rechargeable-cells
КА-00004423,seo:rechargeable-cells
КА-00004424,seo:rechargeable-cells
КА-00004425,seo:rechargeable-cells
КА-00004426,seo:rechargeable-cells
КА-00004427,seo:rechargeable-cells
КА-00004428,seo:chargers
КА-00004430,seo:rechargeable-cells
КА-00004431,seo:primary-cells
КА-00004433,seo:replacement-tools
КА-00004435,seo:primary-cells
КА-00004436,seo:rechargeable-cells
КА-00004437,seo:replacement-tools
КА-00004438,seo:primary-cells
КА-00004439,seo:rechargeable-cells
КА-00004440,seo:primary-cells
КА-00004441,seo:primary-cells
КА-00004442,seo:primary-cells
КА-00004443,seo:primary-cells
КА-00004444,seo:rechargeable-cells
КА-00004445,seo:rechargeable-cells
КА-00004446,seo:rechargeable-cells
КА-00004447,seo:rechargeable-cells
КА-00004448,seo:rechargeable-cells
КА-00004449,seo:rechargeable-cells
КА-00004450,seo:rechargeable-cells
КА-00004451,seo:rechargeable-cells
КА-00004452,seo:rechargeable-cells
КА-00004453,seo:chargers
КА-00004454,seo:primary-cells
КА-00004455,seo:primary-cells
КА-00004456,seo:rechargeable-cells
КА-00004458,seo:rechargeable-cells
КА-00004462,seo:electronic-components
КА-00004463,seo:electronic-components
КА-00004464,seo:electronic-components
КА-00004465,seo:primary-cells
КА-00004466,seo:rechargeable-cells
КА-00004467,seo:replacement-mobile
КА-00004468,seo:rechargeable-cells
КА-00004469,seo:electronic-components
КА-00004478,seo:rechargeable-cells
КА-00004479,seo:rechargeable-cells
КА-00004480,seo:electronic-components
КА-00004482,seo:primary-cells
КА-00004483,seo:primary-cells
КА-00004484,seo:rechargeable-cells
КА-00004485,seo:rechargeable-cells
КА-00004487,seo:primary-cells
КА-00004488,seo:primary-cells
КА-00004490,seo:primary-cells
КА-00004502,seo:rechargeable-cells
КА-00004503,seo:rechargeable-cells
КА-00004504,seo:power-systems
КА-00004505,seo:replacement-mobile
КА-00004506,seo:rechargeable-cells
КА-00004507,seo:rechargeable-cells
КА-00004509,seo:replacement-laptops
КА-00004510,seo:replacement-laptops
КА-00004511,seo:rechargeable-cells
КА-00004512,seo:electronic-components
КА-00004513,seo:primary-cells
КА-00004514,seo:primary-cells
КА-00004516,seo:rechargeable-cells
КА-00004517,seo:electronic-components
КА-00004518,seo:rechargeable-cells
КА-00004519,seo:primary-cells
КА-00004520,seo:electronic-components
КА-00004521,seo:power-systems
КА-00004522,seo:rechargeable-cells
КА-00004523,seo:power-systems
КА-00004531,seo:rechargeable-cells
КА-00004532,seo:primary-cells
КА-00004536,seo:electronic-components
КА-00004537,seo:rechargeable-cells
КА-00004538,seo:rechargeable-cells
КА-00004539,seo:rechargeable-cells
КА-00004540,seo:primary-cells
КА-00004541,seo:rechargeable-cells
КА-00004543,seo:rechargeable-cells
КА-00004544,seo:rechargeable-cells
КА-00004545,seo:primary-cells
КА-00004546,seo:rechargeable-cells
КА-00004547,seo:rechargeable-cells
КА-00004548,seo:primary-cells
КА-00004549,seo:primary-cells
КА-00004550,seo:rechargeable-cells
КА-00004551,seo:electronic-components
КА-00004552,seo:rechargeable-cells
КА-00004553,seo:rechargeable-cells
КА-00004554,seo:rechargeable-cells
КА-00004555,seo:rechargeable-cells
КА-00004556,seo:chargers
КА-00004558,seo:electronic-components
КА-00004559,seo:electronic-components
КА-00004560,seo:electronic-components
КА-00004561,seo:electronic-components
КА-00004562,seo:electronic-components
КА-00004563,seo:primary-cells
КА-00004564,seo:rechargeable-cells
КА-00004565,seo:warehouse-equipment
КА-00004568,seo:rechargeable-cells
КА-00004569,seo:primary-cells
КА-00004570,seo:rechargeable-cells
КА-00004571,seo:replacement-laptops
КА-00004575,seo:rechargeable-cells
КА-00004576,seo:replacement-tools
КА-00004577,seo:rechargeable-cells
КА-00004578,seo:primary-cells
КА-00004579,seo:rechargeable-cells
КА-00004580,seo:electronic-components
КА-00004581,seo:electronic-components
КА-00004582,seo:electronic-components
КА-00004583,seo:rechargeable-cells
КА-00004584,seo:primary-cells
КА-00004585,seo:primary-cells
КА-00004586,seo:rechargeable-cells
КА-00004587,seo:rechargeable-cells
КА-00004588,seo:primary-cells
КА-00004589,seo:rechargeable-cells
КА-00004590,seo:rechargeable-cells
КА-00004591,seo:rechargeable-cells
КА-00004592,seo:electronic-components
КА-00004593,seo:electronic-components
КА-00004595,seo:primary-cells
КА-00004596,seo:rechargeable-cells
КА-00004597,seo:replacement-laptops
КА-00004598,seo:replacement-laptops
КА-00004599,seo:replacement-laptops
КА-00004602,seo:primary-cells
КА-00004603,seo:replacement-laptops
КА-00004604,seo:primary-cells
КА-00004606,seo:replacement-laptops
КА-00004607,seo:primary-cells
КА-00004608,seo:rechargeable-cells
КА-00004611,seo:primary-cells
КА-00004612,seo:electronic-components
КА-00004613,seo:primary-cells
КА-00004615,seo:replacement-laptops
КА-00004616,seo:replacement-laptops
КА-00004617,seo:rechargeable-cells
КА-00004618,seo:rechargeable-cells
КА-00004619,seo:rechargeable-cells
КА-00004620,seo:primary-cells
КА-00004621,seo:electronic-components
КА-00004622,seo:replacement-mobile
КА-00004623,seo:rechargeable-cells
КА-00004624,seo:primary-cells
КА-00004633,seo:electronic-components
КА-00004634,seo:electronic-components
КА-00004635,seo:rechargeable-cells
КА-00004636,seo:rechargeable-cells
КА-00004637,seo:electronic-components
КА-00004638,seo:rechargeable-cells
КА-00004643,seo:rechargeable-cells
КА-00004644,seo:rechargeable-cells
КА-00004645,seo:rechargeable-cells
КА-00004646,seo:rechargeable-cells
КА-00004648,seo:warehouse-equipment
КА-00004649,seo:rechargeable-cells
КА-00004653,seo:rechargeable-cells
КА-00004654,seo:rechargeable-cells
КА-00004655,seo:rechargeable-cells
КА-00004656,seo:rechargeable-cells
КА-00004657,seo:rechargeable-cells
КА-00004658,seo:rechargeable-cells
КА-00004666,seo:primary-cells
КА-00004667,seo:rechargeable-cells
КА-00004668,seo:primary-cells
КА-00004669,seo:primary-cells
КА-00004670,seo:rechargeable-cells
КА-00004671,seo:rechargeable-cells
КА-00004672,seo:rechargeable-cells
КА-00004673,seo:rechargeable-cells
КА-00004674,seo:rechargeable-cells
КА-00004675,seo:replacement-mobile
КА-00004678,seo:rechargeable-cells
КА-00004679,seo:rechargeable-cells
КА-00004680,seo:rechargeable-cells
КА-00004681,seo:rechargeable-cells
КА-00004688,seo:rechargeable-cells
КА-00004689,seo:rechargeable-cells
КА-00004691,seo:rechargeable-cells
КА-00004692,seo:rechargeable-cells
КА-00004693,seo:rechargeable-cells
КА-00004694,seo:rechargeable-cells
КА-00004695,seo:rechargeable-cells
КА-00004696,seo:primary-cells
КА-00004697,seo:rechargeable-cells
КА-00004699,seo:batteries-traction
КА-00004700,seo:rechargeable-cells
КА-00004702,seo:rechargeable-cells
КА-00004703,seo:chargers
КА-00004705,seo:rechargeable-cells
КА-00004707,seo:batteries-ups
КА-00004709,seo:rechargeable-cells
КА-00004710,seo:rechargeable-cells
КА-00004711,seo:rechargeable-cells
КА-00004712,seo:primary-cells
КА-00004714,seo:electronic-components
КА-00004716,seo:chargers
КА-00004717,seo:rechargeable-cells
КА-00004718,seo:rechargeable-cells
КА-00004719,seo:electronic-components
КА-00004720,seo:rechargeable-cells
КА-00004721,seo:batteries-traction
КА-00004722,seo:rechargeable-cells
КА-00004725,seo:power-systems
КА-00004726,seo:primary-cells
КА-00004727,seo:primary-cells
КА-00004728,seo:chargers
КА-00004729,seo:rechargeable-cells
КА-00004730,seo:replacement-laptops
КА-00004731,seo:replacement-laptops
КА-00004733,seo:rechargeable-cells
КА-00004734,seo:chargers
КА-00004735,seo:rechargeable-cells
КА-00004736,seo:rechargeable-cells
КА-00004737,seo:primary-cells
КА-00004738,seo:rechargeable-cells
КА-00004739,seo:rechargeable-cells
КА-00004740,seo:rechargeable-cells
КА-00004741,seo:warehouse-equipment
КА-00004744,seo:electronic-components
КА-00004745,seo:batteries-traction
КА-00004746,seo:batteries-traction
КА-00004747,seo:primary-cells
КА-00004749,seo:electronic-components
КА-00004750,seo:electronic-components
КА-00004751,seo:electronic-components
КА-00004752,seo:rechargeable-cells
КА-00004753,seo:replacement-mobile
КА-00004754,seo:rechargeable-cells
КА-00004755,seo:replacement-mobile
КА-00004756,seo:rechargeable-cells
КА-00004757,seo:rechargeable-cells
КА-00004758,seo:rechargeable-cells
КА-00004759,seo:replacement-mobile
КА-00004760,seo:rechargeable-cells
КА-00004761,seo:rechargeable-cells
КА-00004762,seo:rechargeable-cells
КА-00004763,seo:rechargeable-cells
КА-00004764,seo:warehouse-equipment
КА-00004765,seo:warehouse-equipment
КА-00004767,seo:rechargeable-cells
КА-00004768,seo:rechargeable-cells
КА-00004771,seo:electronic-components
КА-00004774,seo:electronic-components
КА-00004775,seo:primary-cells
КА-00004776,seo:rechargeable-cells
КА-00004778,seo:electronic-components
КА-00004781,seo:primary-cells
КА-00004782,seo:rechargeable-cells
КА-00004783,seo:rechargeable-cells
КА-00004792,seo:rechargeable-cells
КА-00004793,seo:primary-cells
КА-00004794,seo:electronic-components
КА-00004801,seo:electronic-components
КА-00004802,seo:electronic-components
КА-00004803,seo:electronic-components
КА-00004804,seo:rechargeable-cells
КА-00004805,seo:rechargeable-cells
КА-00004811,seo:rechargeable-cells
КА-00004812,seo:chargers
КА-00004813,seo:power-systems
КА-00004816,seo:chargers
КА-00004818,seo:rechargeable-cells
КА-00004820,seo:primary-cells
КА-00004821,seo:rechargeable-cells
КА-00004822,seo:rechargeable-cells
КА-00004823,seo:batteries-traction
КА-00004824,seo:rechargeable-cells
КА-00004825,seo:rechargeable-cells
КА-00004826,seo:rechargeable-cells
КА-00004827,seo:rechargeable-cells
КА-00004828,seo:rechargeable-cells
КА-00004829,seo:rechargeable-cells
КА-00004830,seo:rechargeable-cells
КА-00004831,seo:rechargeable-cells
КА-00004832,seo:batteries-traction
КА-00004834,seo:electronic-components
КА-00004836,seo:rechargeable-cells
КА-00004837,seo:replacement-photo
КА-00004843,seo:rechargeable-cells
КА-00004844,seo:rechargeable-cells
КА-00004846,seo:rechargeable-cells
КА-00004847,seo:primary-cells
КА-00004848,seo:primary-cells
КА-00004849,seo:rechargeable-cells
КА-00004850,seo:primary-cells
КА-00004851,seo:primary-cells
КА-00004852,seo:rechargeable-cells
КА-00004853,seo:rechargeable-cells
КА-00004854,seo:rechargeable-cells
КА-00004855,seo:rechargeable-cells
КА-00004856,seo:replacement-mobile
КА-00004857,seo:rechargeable-cells
КА-00004858,seo:rechargeable-cells
КА-00004859,seo:chargers
КА-00004860,seo:rechargeable-cells
КА-00004861,seo:primary-cells
КА-00004862,seo:primary-cells
КА-00004863,seo:batteries-ups
КА-00004864,seo:rechargeable-cells
КА-00004866,seo:electronic-components
КА-00004869,seo:rechargeable-cells
КА-00004870,seo:rechargeable-cells
КА-00004871,seo:replacement-photo
КА-00004872,seo:rechargeable-cells
КА-00004873,seo:primary-cells
КА-00004874,seo:primary-cells
КА-00004875,seo:rechargeable-cells
КА-00004876,seo:rechargeable-cells
КА-00004877,seo:rechargeable-cells
КА-00004878,seo:rechargeable-cells
КА-00004879,seo:rechargeable-cells
КА-00004884,seo:rechargeable-cells
КА-00004885,seo:rechargeable-cells
КА-00004886,seo:electronic-components
КА-00004887,seo:rechargeable-cells
КА-00004888,seo:primary-cells
КА-00004889,seo:batteries-ups
КА-00004890,seo:rechargeable-cells
КА-00004891,seo:rechargeable-cells
КА-00004892,seo:rechargeable-cells
КА-00004893,seo:chargers
КА-00004894,seo:electronic-components
КА-00004895,seo:rechargeable-cells
КА-00004896,seo:rechargeable-cells
КА-00004898,seo:rechargeable-cells
КА-00004900,seo:rechargeable-cells
КА-00004901,seo:batteries-ups
КА-00004902,seo:batteries-ups
КА-00004903,seo:rechargeable-cells
КА-00004904,seo:rechargeable-cells
КА-00004905,seo:rechargeable-cells
КА-00004906,seo:rechargeable-cells
КА-00004907,seo:rechargeable-cells
КА-00004908,seo:rechargeable-cells
КА-00004909,seo:rechargeable-cells
КА-00004910,seo:rechargeable-cells
КА-00004913,seo:chargers
КА-00004914,seo:rechargeable-cells
КА-00004923,seo:rechargeable-cells
КА-00004925,seo:rechargeable-cells
КА-00004927,seo:electronic-components
КА-00004928,seo:rechargeable-cells
КА-00004929,seo:rechargeable-cells
КА-00004931,seo:primary-cells
КА-00004933,seo:rechargeable-cells
КА-00004934,seo:primary-cells
КА-00004938,seo:rechargeable-cells
КА-00004940,seo:rechargeable-cells
КА-00004943,seo:rechargeable-cells
КА-00004944,seo:rechargeable-cells
КА-00004947,seo:primary-cells
КА-00004948,seo:rechargeable-cells
КА-00004949,seo:primary-cells
КА-00004950,seo:rechargeable-cells
КА-00004958,seo:rechargeable-cells
КА-00004959,seo:primary-cells
КА-00004960,seo:rechargeable-cells
КА-00004961,seo:primary-cells
КА-00004962,seo:rechargeable-cells
КА-00004968,seo:rechargeable-cells
КА-00004969,seo:primary-cells
КА-00004970,seo:rechargeable-cells
КА-00004971,seo:rechargeable-cells
КА-00004972,seo:rechargeable-cells
КА-00004973,seo:primary-cells
КА-00004974,seo:rechargeable-cells
КА-00004975,seo:rechargeable-cells
КА-00004977,seo:replacement-mobile
КА-00004978,seo:rechargeable-cells
КА-00004979,seo:rechargeable-cells
КА-00004980,seo:rechargeable-cells
КА-00004981,seo:rechargeable-cells
КА-00004983,seo:primary-cells
КА-00004984,seo:rechargeable-cells
КА-00004985,seo:rechargeable-cells
КА-00004986,seo:rechargeable-cells
КА-00004987,seo:primary-cells
КА-00004988,seo:primary-cells
КА-00004993,seo:electronic-components
КА-00004994,seo:electronic-components
КА-00004995,seo:electronic-components
КА-00004996,seo:rechargeable-cells
КА-00004997,seo:rechargeable-cells
КА-00004999,seo:chargers
КА-00005000,seo:primary-cells
КА-00005001,seo:primary-cells
КА-00005010,seo:rechargeable-cells
КА-00005012,seo:electronic-components
КА-00005013,seo:electronic-components
КА-00005014,seo:primary-cells
КА-00005015,seo:primary-cells
КА-00005016,seo:electronic-components
КА-00005018,seo:rechargeable-cells
КА-00005021,seo:primary-cells
КА-00005022,seo:primary-cells
КА-00005023,seo:rechargeable-cells
КА-00005024,seo:primary-cells
КА-00005025,seo:chargers
КА-00005026,seo:primary-cells
КА-00005027,seo:primary-cells
КА-00005028,seo:primary-cells
КА-00005029,seo:batteries-traction
КА-00005030,seo:rechargeable-cells
КА-00005031,seo:primary-cells
КА-00005032,seo:primary-cells
КА-00005033,seo:primary-cells
КА-00005034,seo:primary-cells
КА-00005036,seo:power-systems
КА-00005038,seo:electronic-components
КА-00005039,seo:electronic-components
КА-00005040,seo:electronic-components
КА-00005041,seo:rechargeable-cells
КА-00005043,seo:electronic-components
КА-00005044,seo:rechargeable-cells
КА-00005045,seo:primary-cells
КА-00005046,seo:primary-cells
КА-00005048,seo:primary-cells
КА-00005049,seo:rechargeable-cells
КА-00005050,seo:rechargeable-cells
КА-00005051,seo:rechargeable-cells
КА-00005052,seo:rechargeable-cells
КА-00005053,seo:rechargeable-cells
КА-00005054,seo:rechargeable-cells
КА-00005055,seo:rechargeable-cells
КА-00005056,seo:rechargeable-cells
КА-00005057,seo:rechargeable-cells
КА-00005058,seo:rechargeable-cells
КА-00005059,seo:rechargeable-cells
КА-00005060,seo:rechargeable-cells
КА-00005061,seo:primary-cells
КА-00005062,seo:rechargeable-cells
КА-00005064,seo:primary-cells
КА-00005065,seo:primary-cells
КА-00005066,seo:rechargeable-cells
КА-00005068,seo:primary-cells
КА-00005069,seo:rechargeable-cells
КА-00005071,seo:primary-cells
КА-00005072,seo:primary-cells
КА-00005073,seo:rechargeable-cells
КА-00005074,seo:rechargeable-cells
КА-00005075,seo:rechargeable-cells
КА-00005076,seo:rechargeable-cells
КА-00005077,seo:replacement-mobile
КА-00005079,seo:chargers
КА-00005080,seo:chargers
КА-00005084,seo:primary-cells
КА-00005085,seo:primary-cells
КА-00005086,seo:primary-cells
КА-00005090,seo:primary-cells
КА-00005091,seo:primary-cells
КА-00005092,seo:primary-cells
КА-00005093,seo:replacement-mobile
КА-00005094,seo:primary-cells
КА-00005095,seo:primary-cells
КА-00005100,seo:rechargeable-cells
КА-00005101,seo:rechargeable-cells
КА-00005102,seo:batteries-traction
КА-00005107,seo:power-systems
КА-00005108,seo:rechargeable-cells
КА-00005109,seo:primary-cells
КА-00005110,seo:primary-cells
КА-00005111,seo:power-systems
КА-00005113,seo:replacement-tools
КА-00005114,seo:rechargeable-cells
КА-00005115,seo:primary-cells
КА-00005116,seo:rechargeable-cells
КА-00005117,seo:electronic-components
КА-00005118,seo:electronic-components
КА-00005119,seo:rechargeable-cells
КА-00005120,seo:rechargeable-cells
КА-00005121,seo:primary-cells
КА-00005122,seo:electronic-components
КА-00005123,seo:rechargeable-cells
КА-00005124,seo:rechargeable-cells
КА-00005125,seo:rechargeable-cells
КА-00005126,seo:rechargeable-cells
КА-00005127,seo:rechargeable-cells
КА-00005128,seo:primary-cells
КА-00005129,seo:chargers
КА-00005130,seo:rechargeable-cells
КА-00005131,seo:rechargeable-cells
КА-00005132,seo:rechargeable-cells
КА-00005133,seo:primary-cells
КА-00005134,seo:rechargeable-cells
КА-00005135,seo:rechargeable-cells
КА-00005136,seo:rechargeable-cells
КА-00005137,seo:rechargeable-cells
КА-00005139,seo:rechargeable-cells
КА-00005141,seo:rechargeable-cells
КА-00005142,seo:rechargeable-cells
КА-00005144,seo:primary-cells
КА-00005145,seo:primary-cells
КА-00005146,seo:primary-cells
КА-00005147,seo:primary-cells
КА-00005148,seo:rechargeable-cells
КА-00005149,seo:primary-cells
КА-00005150,seo:rechargeable-cells
КА-00005161,seo:rechargeable-cells
КА-00005162,seo:primary-cells
КА-00005163,seo:rechargeable-cells
КА-00005164,seo:rechargeable-cells
КА-00005166,seo:batteries-ups
КА-00005167,seo:primary-cells
КА-00005168,seo:primary-cells
КА-00005169,seo:rechargeable-cells
КА-00005170,seo:rechargeable-cells
КА-00005171,seo:chargers
КА-00005172,seo:rechargeable-cells
КА-00005174,seo:rechargeable-cells
КА-00005178,seo:electronic-components
КА-00005179,seo:rechargeable-cells
КА-00005180,seo:rechargeable-cells
КА-00005181,seo:rechargeable-cells
КА-00005182,seo:rechargeable-cells
КА-00005183,seo:primary-cells
КА-00005184,seo:primary-cells
КА-00005185,seo:rechargeable-cells
КА-00005186,seo:rechargeable-cells
КА-00005187,seo:rechargeable-cells
КА-00005188,seo:primary-cells
КА-00005189,seo:primary-cells
КА-00005190,seo:rechargeable-cells
КА-00005192,seo:batteries-traction
КА-00005194,seo:rechargeable-cells
КА-00005196,seo:rechargeable-cells
КА-00005198,seo:primary-cells
КА-00005199,seo:primary-cells
КА-00005200,seo:rechargeable-cells
КА-00005201,seo:chargers
КА-00005202,seo:rechargeable-cells
КА-00005204,seo:rechargeable-cells
КА-00005205,seo:rechargeable-cells
КА-00005207,seo:electronic-components
КА-00005208,seo:electronic-components
КА-00005209,seo:rechargeable-cells
КА-00005210,seo:primary-cells
КА-00005211,seo:electronic-components
КА-00005212,seo:rechargeable-cells
КА-00005213,seo:rechargeable-cells
КА-00005214,seo:primary-cells
КА-00005215,seo:rechargeable-cells
КА-00005216,seo:rechargeable-cells
КА-00005217,seo:rechargeable-cells
КА-00005218,seo:rechargeable-cells
КА-00005219,seo:rechargeable-cells
КА-00005220,seo:rechargeable-cells
КА-00005221,seo:primary-cells
КА-00005222,seo:primary-cells
КА-00005223,seo:electronic-components
КА-00005224,seo:primary-cells
КА-00005228,seo:replacement-mobile
КА-00005229,seo:replacement-mobile
КА-00005230,seo:replacement-mobile
КА-00005231,seo:rechargeable-cells
КА-00005232,seo:rechargeable-cells
КА-00005233,seo:rechargeable-cells
КА-00005234,seo:rechargeable-cells
КА-00005238,seo:rechargeable-cells
КА-00005239,seo:electronic-components
КА-00005240,seo:rechargeable-cells
КА-00005241,seo:rechargeable-cells
КА-00005243,seo:replacement-mobile
КА-00005244,seo:rechargeable-cells
КА-00005245,seo:rechargeable-cells
КА-00005246,seo:rechargeable-cells
КА-00005247,seo:replacement-mobile
КА-00005248,seo:electronic-components
КА-00005250,seo:rechargeable-cells
КА-00005251,seo:primary-cells
КА-00005252,seo:rechargeable-cells
КА-00005253,seo:rechargeable-cells
КА-00005254,seo:primary-cells
КА-00005255,seo:primary-cells
КА-00005256,seo:primary-cells
КА-00005257,seo:rechargeable-cells
КА-00005258,seo:primary-cells
КА-00005259,seo:electronic-components
КА-00005260,seo:primary-cells
КА-00005261,seo:rechargeable-cells
КА-00005262,seo:rechargeable-cells
КА-00005263,seo:rechargeable-cells
КА-00005264,seo:primary-cells
КА-00005265,seo:rechargeable-cells
КА-00005266,seo:rechargeable-cells
КА-00005268,seo:rechargeable-cells
КА-00005269,seo:primary-cells
КА-00005270,seo:electronic-components
КА-00005271,seo:primary-cells
КА-00005272,seo:primary-cells
КА-00005273,seo:primary-cells
КА-00005274,seo:electronic-components
КА-00005276,seo:rechargeable-cells
КА-00005279,seo:rechargeable-cells
КА-00005290,seo:rechargeable-cells
КА-00005291,seo:rechargeable-cells
КА-00005292,seo:rechargeable-cells
КА-00005293,seo:rechargeable-cells
КА-00005294,seo:rechargeable-cells
КА-00005295,seo:rechargeable-cells
КА-00005296,seo:primary-cells
КА-00005298,seo:rechargeable-cells
КА-00005299,seo:electronic-components
КА-00005300,seo:electronic-components
КА-00005301,seo:electronic-components
КА-00005303,seo:rechargeable-cells
КА-00005304,seo:primary-cells
КА-00005305,seo:primary-cells
КА-00005306,seo:primary-cells
КА-00005307,seo:rechargeable-cells
КА-00005308,seo:rechargeable-cells
КА-00005309,seo:rechargeable-cells
КА-00005310,seo:power-systems
КА-00005311,seo:rechargeable-cells
КА-00005320,seo:rechargeable-cells
КА-00005321,seo:rechargeable-cells
КА-00005324,seo:rechargeable-cells
КА-00005325,seo:rechargeable-cells
КА-00005338,seo:rechargeable-cells
КА-00005339,seo:rechargeable-cells
КА-00005340,seo:primary-cells
КА-00005341,seo:primary-cells
КА-00005342,seo:primary-cells
КА-00005343,seo:primary-cells
КА-00005344,seo:primary-cells
КА-00005345,seo:primary-cells
КА-00005347,seo:rechargeable-cells
КА-00005349,seo:rechargeable-cells
КА-00005350,seo:rechargeable-cells
КА-00005351,seo:rechargeable-cells
КА-00005352,seo:rechargeable-cells
КА-00005353,seo:power-systems
КА-00005354,seo:rechargeable-cells
КА-00005355,seo:rechargeable-cells
КА-00005356,seo:rechargeable-cells
КА-00005357,seo:chargers
КА-00005360,seo:rechargeable-cells
КА-00005361,seo:rechargeable-cells
КА-00005363,seo:primary-cells
КА-00005364,seo:rechargeable-cells
КА-00005365,seo:chargers
КА-00005366,seo:power-systems
КА-00005367,seo:rechargeable-cells
КА-00005368,seo:rechargeable-cells
КА-00005369,seo:rechargeable-cells
КА-00005370,seo:rechargeable-cells
КА-00005371,seo:rechargeable-cells
КА-00005375,seo:rechargeable-cells
КА-00005376,seo:power-systems
КА-00005378,seo:rechargeable-cells
КА-00005381,seo:electronic-components
КА-00005384,seo:electronic-components
КА-00005385,seo:electronic-components
КА-00005387,seo:rechargeable-cells
КА-00005388,seo:rechargeable-cells
КА-00005389,seo:rechargeable-cells
КА-00005390,seo:rechargeable-cells
КА-00005391,seo:rechargeable-cells
КА-00005416,seo:primary-cells
КА-00005420,seo:electronic-components
КА-00005421,seo:rechargeable-cells
КА-00005427,seo:replacement-tools
КА-00005429,seo:primary-cells
КА-00005431,seo:rechargeable-cells
КА-00005432,seo:rechargeable-cells
КА-00005434,seo:primary-cells
КА-00005435,seo:rechargeable-cells
КА-00005436,seo:rechargeable-cells
КА-00005437,seo:primary-cells
КА-00005438,seo:rechargeable-cells
КА-00005439,seo:electronic-components
КА-00005440,seo:primary-cells
КА-00005441,seo:primary-cells
КА-00005442,seo:rechargeable-cells
КА-00005444,seo:chargers
КА-00005446,seo:primary-cells
КА-00005450,seo:warehouse-equipment
КА-00005451,seo:rechargeable-cells
КА-00005452,seo:chargers
КА-00005453,seo:rechargeable-cells
КА-00005454,seo:rechargeable-cells
КА-00005455,seo:rechargeable-cells
КА-00005456,seo:primary-cells
КА-00005457,seo:primary-cells
КА-00005459,seo:rechargeable-cells
КА-00005460,seo:rechargeable-cells
КА-00005461,seo:rechargeable-cells
КА-00005462,seo:rechargeable-cells
КА-00005463,seo:rechargeable-cells
КА-00005464,seo:rechargeable-cells
КА-00005465,seo:rechargeable-cells
КА-00005466,seo:rechargeable-cells
КА-00005467,seo:rechargeable-cells
КА-00005471,seo:power-systems
КА-00005472,seo:power-systems
КА-00005473,seo:warehouse-equipment
КА-00005476,seo:rechargeable-cells
КА-00005477,seo:rechargeable-cells
КА-00005478,seo:rechargeable-cells
КА-00005479,seo:rechargeable-cells
КА-00005483,seo:rechargeable-cells
КА-00005484,seo:rechargeable-cells
КА-00005488,seo:rechargeable-cells
КА-00005489,seo:rechargeable-cells
КА-00005491,seo:primary-cells
КА-00005493,seo:rechargeable-cells
КА-00005494,seo:rechargeable-cells
КА-00005495,seo:primary-cells
КА-00005496,seo:rechargeable-cells
КА-00005497,seo:power-systems
КА-00005498,seo:rechargeable-cells
КА-00005500,seo:warehouse-equipment
КА-00005501,seo:electronic-components
КА-00005502,seo:chargers
КА-00005504,seo:primary-cells
КА-00005505,seo:rechargeable-cells
КА-00005506,seo:rechargeable-cells
КА-00005507,seo:rechargeable-cells
КА-00005508,seo:power-systems
КА-00005509,seo:chargers
КА-00005510,seo:primary-cells
КА-00005511,seo:rechargeable-cells
КА-00005512,seo:rechargeable-cells
КА-00005513,seo:rechargeable-cells
КА-00005514,seo:rechargeable-cells
КА-00005515,seo:rechargeable-cells
КА-00005517,seo:primary-cells
КА-00005518,seo:primary-cells
КА-00005519,seo:electronic-components
КА-00005520,seo:electronic-components
КА-00005521,seo:primary-cells
КА-00005522,seo:primary-cells
КА-00005523,seo:rechargeable-cells
КА-00005524,seo:batteries-ups
КА-00005525,seo:power-systems
КА-00005526,seo:rechargeable-cells
КА-00005527,seo:rechargeable-cells
КА-00005528,seo:rechargeable-cells
КА-00005529,seo:rechargeable-cells
КА-00005530,seo:rechargeable-cells
КА-00005531,seo:electronic-components
КА-00005534,seo:rechargeable-cells
КА-00005535,seo:batteries-traction
КА-00005536,seo:replacement-mobile
КА-00005537,seo:rechargeable-cells
КА-00005538,seo:rechargeable-cells
КА-00005539,seo:primary-cells
КА-00005540,seo:electronic-components
КА-00005541,seo:rechargeable-cells
КА-00005542,seo:rechargeable-cells
КА-00005543,seo:electronic-components
КА-00005544,seo:electronic-components
КА-00005552,seo:batteries-industrial
КА-00005559,seo:rechargeable-cells
КА-00005560,seo:rechargeable-cells
КА-00005562,seo:primary-cells
КА-00005563,seo:rechargeable-cells
КА-00005564,seo:power-systems
КА-00005565,seo:primary-cells
КА-00005568,seo:electronic-components
КА-00005570,seo:primary-cells
КА-00005571,seo:primary-cells
КА-00005572,seo:rechargeable-cells
КА-00005573,seo:primary-cells
КА-00005578,seo:rechargeable-cells
КА-00005579,seo:primary-cells
КА-00005580,seo:primary-cells
КА-00005581,seo:rechargeable-cells
КА-00005582,seo:primary-cells
КА-00005583,seo:warehouse-equipment
КА-00005584,seo:rechargeable-cells
КА-00005585,seo:electronic-components
КА-00005586,seo:electronic-components
КА-00005587,seo:electronic-components
КА-00005588,seo:electronic-components
КА-00005589,seo:electronic-components
КА-00005590,seo:electronic-components
КА-00005591,seo:electronic-components
КА-00005592,seo:electronic-components
КА-00005593,seo:electronic-components
КА-00005594,seo:electronic-components
КА-00005595,seo:rechargeable-cells
КА-00005597,seo:rechargeable-cells
КА-00005598,seo:primary-cells
КА-00005599,seo:rechargeable-cells
КА-00005600,seo:electronic-components
КА-00005601,seo:primary-cells
КА-00005602,seo:rechargeable-cells
КА-00005604,seo:warehouse-equipment
КА-00005605,seo:rechargeable-cells
КА-00005606,seo:batteries-ups
КА-00005607,seo:rechargeable-cells
КА-00005608,seo:rechargeable-cells
КА-00005609,seo:primary-cells
КА-00005612,seo:rechargeable-cells
КА-00005613,seo:primary-cells
КА-00005614,seo:primary-cells
КА-00005615,seo:rechargeable-cells
КА-00005616,seo:rechargeable-cells
КА-00005617,seo:rechargeable-cells
КА-00005618,seo:rechargeable-cells
КА-00005619,seo:rechargeable-cells
КА-00005620,seo:rechargeable-cells
КА-00005621,seo:rechargeable-cells
КА-00005623,seo:batteries-traction
КА-00005624,seo:rechargeable-cells
КА-00005625,seo:rechargeable-cells
КА-00005626,seo:warehouse-equipment
КА-00005627,seo:warehouse-equipment
КА-00005628,seo:rechargeable-cells
КА-00005629,seo:primary-cells
КА-00005630,seo:primary-cells
КА-00005631,seo:rechargeable-cells
КА-00005632,seo:chargers
КА-00005633,seo:power-systems
КА-00005634,seo:power-systems
КА-00005636,seo:batteries-ups
КА-00005637,seo:rechargeable-cells
КА-00005639,seo:rechargeable-cells
КА-00005642,seo:rechargeable-cells
КА-00005644,seo:primary-cells
КА-00005645,seo:rechargeable-cells
КА-00005646,seo:replacement-mobile
КА-00005647,seo:rechargeable-cells
КА-00005648,seo:replacement-mobile
КА-00005649,seo:rechargeable-cells
КА-00005650,seo:rechargeable-cells
КА-00005651,seo:rechargeable-cells
КА-00005652,seo:rechargeable-cells
КА-00005653,seo:electronic-components
КА-00005654,seo:electronic-components
КА-00005657,seo:power-systems
КА-00005658,seo:power-systems
КА-00005659,seo:rechargeable-cells
КА-00005660,seo:rechargeable-cells
КА-00005661,seo:replacement-tools
КА-00005662,seo:replacement-tools
КА-00005663,seo:replacement-tools
КА-00005664,seo:rechargeable-cells
КА-00005665,seo:rechargeable-cells
КА-00005666,seo:electronic-components
КА-00005667,seo:electronic-components
КА-00005678,seo:electronic-components
КА-00005679,seo:electronic-components
КА-00005680,seo:rechargeable-cells
КА-00005682,seo:batteries-traction
КА-00005683,seo:batteries-traction
КА-00005684,seo:chargers
КА-00005685,seo:rechargeable-cells
КА-00005686,seo:rechargeable-cells
КА-00005687,seo:rechargeable-cells
КА-00005688,seo:rechargeable-cells
КА-00005689,seo:rechargeable-cells
КА-00005690,seo:rechargeable-cells
КА-00005691,seo:primary-cells
КА-00005692,seo:rechargeable-cells
КА-00005695,seo:rechargeable-cells
КА-00005696,seo:rechargeable-cells
КА-00005697,seo:primary-cells
КА-00005698,seo:rechargeable-cells
КА-00005699,seo:rechargeable-cells
КА-00005700,seo:rechargeable-cells
КА-00005701,seo:rechargeable-cells
КА-00005702,seo:primary-cells
КА-00005707,seo:rechargeable-cells
КА-00005709,seo:rechargeable-cells
КА-00005710,seo:primary-cells
КА-00005711,seo:warehouse-equipment
КА-00005712,seo:power-systems
КА-00005713,seo:rechargeable-cells
КА-00005714,seo:replacement-mobile
КА-00005715,seo:rechargeable-cells
КА-00005716,seo:electronic-components
КА-00005717,seo:rechargeable-cells
КА-00005718,seo:rechargeable-cells
КА-00005719,seo:rechargeable-cells
КА-00005720,seo:rechargeable-cells
КА-00005721,seo:rechargeable-cells
КА-00005731,seo:rechargeable-cells
КА-00005732,seo:rechargeable-cells
КА-00005733,seo:batteries-ups
КА-00005734,seo:batteries-ups
КА-00005736,seo:rechargeable-cells
КА-00005737,seo:primary-cells
КА-00005739,seo:primary-cells
КА-00005740,seo:primary-cells
КА-00005741,seo:primary-cells
КА-00005742,seo:rechargeable-cells
КА-00005743,seo:warehouse-equipment
КА-00005744,seo:rechargeable-cells
КА-00005745,seo:chargers
КА-00005746,seo:rechargeable-cells
КА-00005747,seo:electronic-components
КА-00005748,seo:electronic-components
КА-00005749,seo:electronic-components
КА-00005753,seo:rechargeable-cells
КА-00005755,seo:batteries-ups
КА-00005756,seo:batteries-ups
КА-00005757,seo:rechargeable-cells
КА-00005759,seo:warehouse-equipment
КА-00005761,seo:primary-cells
КА-00005763,seo:power-systems
КА-00005764,seo:rechargeable-cells
КА-00005765,seo:warehouse-equipment
КА-00005766,seo:primary-cells
КА-00005767,seo:primary-cells
КА-00005768,seo:rechargeable-cells
КА-00005769,seo:rechargeable-cells
КА-00005770,seo:rechargeable-cells
КА-00005771,seo:rechargeable-cells
КА-00005772,seo:rechargeable-cells
КА-00005773,seo:rechargeable-cells
КА-00005774,seo:rechargeable-cells
КА-00005775,seo:electronic-components
КА-00005778,seo:rechargeable-cells
КА-00005779,seo:rechargeable-cells
КА-00005780,seo:rechargeable-cells
КА-00005781,seo:replacement-mobile
КА-00005807,seo:rechargeable-cells
КА-00005809,seo:electronic-components
КА-00005814,seo:primary-cells
КА-00005815,seo:batteries-traction
КА-00005816,seo:rechargeable-cells
КА-00005817,seo:primary-cells
КА-00005818,seo:primary-cells
КА-00005819,seo:rechargeable-cells
КА-00005820,seo:rechargeable-cells
КА-00005821,seo:rechargeable-cells
КА-00005822,seo:rechargeable-cells
КА-00005823,seo:rechargeable-cells
КА-00005824,seo:rechargeable-cells
КА-00005825,seo:rechargeable-cells
КА-00005826,seo:rechargeable-cells
КА-00005827,seo:primary-cells
КА-00005828,seo:rechargeable-cells
КА-00005829,seo:rechargeable-cells
КА-00005830,seo:rechargeable-cells
КА-00005841,seo:electronic-components
КА-00005843,seo:replacement-mobile
КА-00005850,seo:rechargeable-cells
КА-00005851,seo:rechargeable-cells
КА-00005853,seo:primary-cells
КА-00005854,seo:chargers
КА-00005865,seo:electronic-components
КА-00005866,seo:electronic-components
КА-00005871,seo:rechargeable-cells
КА-00005877,seo:power-systems
КА-00005878,seo:rechargeable-cells
КА-00005879,seo:rechargeable-cells
КА-00005880,seo:rechargeable-cells
КА-00005881,seo:rechargeable-cells
КА-00005882,seo:primary-cells
КА-00005884,seo:primary-cells
КА-00005888,seo:warehouse-equipment
КА-00005890,seo:rechargeable-cells
КА-00005891,seo:primary-cells
КА-00005892,seo:batteries-traction
КА-00005893,seo:chargers
КА-00005894,seo:warehouse-equipment
КА-00005895,seo:chargers
КА-00005896,seo:rechargeable-cells
КА-00005897,seo:chargers
КА-00005898,seo:rechargeable-cells
КА-00005899,seo:rechargeable-cells
КА-00005900,seo:chargers
КА-00005901,seo:rechargeable-cells
КА-00005902,seo:rechargeable-cells
КА-00005903,seo:rechargeable-cells
КА-00005904,seo:rechargeable-cells
КА-00005905,seo:rechargeable-cells
КА-00005906,seo:chargers
КА-00005907,seo:rechargeable-cells
КА-00005908,seo:rechargeable-cells
КА-00005910,seo:rechargeable-cells
КА-00005911,seo:rechargeable-cells
КА-00005912,seo:rechargeable-cells
КА-00005914,seo:primary-cells
КА-00005915,seo:rechargeable-cells
КА-00005916,seo:rechargeable-cells
КА-00005917,seo:rechargeable-cells
КА-00005918,seo:rechargeable-cells
КА-00005919,seo:rechargeable-cells
КА-00005921,seo:rechargeable-cells
КА-00005922,seo:primary-cells
КА-00005923,seo:replacement-mobile
КА-00005924,seo:rechargeable-cells
КА-00005925,seo:electronic-components
КА-00005926,seo:primary-cells
КА-00005943,seo:chargers
КА-00005944,seo:rechargeable-cells
КА-00005945,seo:rechargeable-cells
КА-00005951,seo:primary-cells
КА-00005952,seo:primary-cells
КА-00005953,seo:rechargeable-cells
КА-00005954,seo:rechargeable-cells
КА-00005955,seo:rechargeable-cells
КА-00005956,seo:rechargeable-cells
КА-00005957,seo:primary-cells
КА-00005958,seo:primary-cells
КА-00005959,seo:primary-cells
КА-00005963,seo:rechargeable-cells
КА-00005964,seo:rechargeable-cells
КА-00005965,seo:rechargeable-cells
КА-00005966,seo:rechargeable-cells
КА-00005967,seo:rechargeable-cells
КА-00005968,seo:primary-cells
КА-00005969,seo:rechargeable-cells
КА-00005971,seo:warehouse-equipment
КА-00005972,seo:electronic-components
КА-00005973,seo:electronic-components
КА-00005974,seo:electronic-components
КА-00005975,seo:warehouse-equipment
КА-00005976,seo:batteries-traction
КА-00005977,seo:primary-cells
КА-00005978,seo:primary-cells
КА-00005979,seo:rechargeable-cells
КА-00005980,seo:rechargeable-cells
КА-00005981,seo:rechargeable-cells
КА-00005982,seo:replacement-mobile
КА-00005984,seo:electronic-components
КА-00005995,seo:warehouse-equipment
КА-00005998,seo:electronic-components
КА-00005999,seo:batteries-traction
КА-00006000,seo:chargers
КА-00006001,seo:chargers
КА-00006004,seo:rechargeable-cells
КА-00006005,seo:rechargeable-cells
КА-00006006,seo:rechargeable-cells
КА-00006007,seo:primary-cells
КА-00006008,seo:primary-cells
КА-00006009,seo:primary-cells
КА-00006010,seo:primary-cells
КА-00006011,seo:primary-cells
КА-00006015,seo:rechargeable-cells
КА-00006020,seo:rechargeable-cells
КА-00006030,seo:power-systems
КА-00006033,seo:primary-cells
КА-00006034,seo:rechargeable-cells
КА-00006038,seo:rechargeable-cells
КА-00006039,seo:rechargeable-cells
КА-00006040,seo:rechargeable-cells
КА-00006049,seo:electronic-components
КА-00006050,seo:electronic-components
КА-00006051,seo:electronic-components
КА-00006052,seo:electronic-components
КА-00006053,seo:electronic-components
КА-00006054,seo:electronic-components
КА-00006055,seo:electronic-components
КА-00006068,seo:electronic-components
КА-00006069,seo:rechargeable-cells
КА-00006071,seo:electronic-components
КА-00006072,seo:electronic-components
КА-00006073,seo:electronic-components
КА-00006076,seo:electronic-components
КА-00006077,seo:rechargeable-cells
КА-00006078,seo:power-systems
КА-00006080,seo:rechargeable-cells
КА-00006081,seo:rechargeable-cells
КА-00006082,seo:rechargeable-cells
КА-00006084,seo:power-systems
КА-00006085,seo:rechargeable-cells
КА-00006090,seo:rechargeable-cells
КА-00006091,seo:rechargeable-cells
КА-00006092,seo:rechargeable-cells
КА-00006093,seo:primary-cells
КА-00006094,seo:primary-cells
КА-00006095,seo:primary-cells
КА-00006096,seo:primary-cells
КА-00006097,seo:primary-cells
КА-00006098,seo:primary-cells
КА-00006099,seo:rechargeable-cells
КА-00006100,seo:primary-cells
КА-00006101,seo:primary-cells
КА-00006102,seo:primary-cells
КА-00006103,seo:primary-cells
КА-00006104,seo:rechargeable-cells
КА-00006105,seo:rechargeable-cells
КА-00006106,seo:rechargeable-cells
КА-00006107,seo:rechargeable-cells
КА-00006108,seo:rechargeable-cells
КА-00006109,seo:warehouse-equipment
КА-00006110,seo:rechargeable-cells
КА-00006111,seo:rechargeable-cells
КА-00006112,seo:chargers
КА-00006114,seo:rechargeable-cells
КА-00006115,seo:rechargeable-cells
КА-00006117,seo:rechargeable-cells
КА-00006119,seo:electronic-components
КА-00006120,seo:primary-cells
КА-00006121,seo:primary-cells
КА-00006122,seo:rechargeable-cells
КА-00006123,seo:rechargeable-cells
КА-00006124,seo:rechargeable-cells
КА-00006125,seo:primary-cells
КА-00006127,seo:rechargeable-cells
КА-00006131,seo:primary-cells
КА-00006132,seo:rechargeable-cells
КА-00006133,seo:replacement-mobile
КА-00006135,seo:primary-cells
КА-00006136,seo:rechargeable-cells
КА-00006138,seo:replacement-mobile
КА-00006139,seo:rechargeable-cells
КА-00006140,seo:rechargeable-cells
КА-00006141,seo:rechargeable-cells
КА-00006142,seo:rechargeable-cells
КА-00006144,seo:rechargeable-cells
КА-00006145,seo:electronic-components
КА-00006146,seo:primary-cells
КА-00006147,seo:primary-cells
КА-00006148,seo:rechargeable-cells
КА-00006149,seo:chargers
КА-00006153,seo:electronic-components
КА-00006156,seo:electronic-components
КА-00006157,seo:warehouse-equipment
КА-00006158,seo:warehouse-equipment
КА-00006159,seo:warehouse-equipment
КА-00006160,seo:electronic-components
КА-00006161,seo:electronic-components
КА-00006162,seo:electronic-components
КА-00006166,seo:warehouse-equipment
КА-00006167,seo:rechargeable-cells
КА-00006168,seo:warehouse-equipment
КА-00006169,seo:primary-cells
КА-00006170,seo:rechargeable-cells
КА-00006174,seo:rechargeable-cells
КА-00006175,seo:electronic-components
КА-00006176,seo:primary-cells
КА-00006177,seo:primary-cells
КА-00006178,seo:warehouse-equipment
КА-00006179,seo:rechargeable-cells
КА-00006180,seo:primary-cells
КА-00006181,seo:rechargeable-cells
КА-00006182,seo:rechargeable-cells
КА-00006183,seo:rechargeable-cells
КА-00006185,seo:electronic-components
КА-00006186,seo:electronic-components
КА-00006187,seo:electronic-components
КА-00006188,seo:electronic-components
КА-00006189,seo:electronic-components
КА-00006190,seo:chargers
КА-00006191,seo:chargers
КА-00006192,seo:chargers
КА-00006193,seo:replacement-photo
КА-00006194,seo:replacement-mobile
КА-00006195,seo:replacement-laptops
КА-00006196,seo:replacement-laptops
КА-00006197,seo:replacement-laptops
КА-00006198,seo:replacement-laptops
КА-00006199,seo:replacement-laptops
КА-00006200,seo:replacement-laptops
КА-00006201,seo:rechargeable-cells
КА-00006202,seo:rechargeable-cells
КА-00006203,seo:rechargeable-cells
КА-00006204,seo:primary-cells
КА-00006205,seo:primary-cells
КА-00006206,seo:warehouse-equipment
КА-00006207,seo:primary-cells
КА-00006209,seo:electronic-components
КА-00006210,seo:electronic-components
КА-00006211,seo:electronic-components
КА-00006212,seo:rechargeable-cells
КА-00006215,seo:rechargeable-cells
КА-00006216,seo:chargers
КА-00006217,seo:rechargeable-cells
КА-00006218,seo:rechargeable-cells
КА-00006219,seo:rechargeable-cells
КА-00006220,seo:rechargeable-cells
КА-00006221,seo:rechargeable-cells
КА-00006222,seo:rechargeable-cells
КА-00006228,seo:electronic-components
КА-00006229,seo:electronic-components
КА-00006230,seo:rechargeable-cells
КА-00006231,seo:rechargeable-cells
КА-00006232,seo:rechargeable-cells
КА-00006234,seo:rechargeable-cells
КА-00006235,seo:rechargeable-cells
КА-00006236,seo:rechargeable-cells
КА-00006237,seo:rechargeable-cells
КА-00006238,seo:replacement-mobile
КА-00006239,seo:replacement-mobile
КА-00006240,seo:rechargeable-cells
КА-00006241,seo:rechargeable-cells
КА-00006242,seo:primary-cells
КА-00006243,seo:primary-cells
КА-00006244,seo:replacement-mobile
КА-00006245,seo:rechargeable-cells
КА-00006254,seo:rechargeable-cells
КА-00006255,seo:rechargeable-cells
КА-00006256,seo:rechargeable-cells
КА-00006257,seo:electronic-components
КА-00006258,seo:rechargeable-cells
КА-00006263,seo:primary-cells
КА-00006264,seo:rechargeable-cells
КА-00006272,seo:rechargeable-cells
КА-00006273,seo:electronic-components
КА-00006275,seo:electronic-components
КА-00006276,seo:rechargeable-cells
КА-00006277,seo:chargers
КА-00006278,seo:chargers
КА-00006280,seo:rechargeable-cells
КА-00006282,seo:rechargeable-cells
КА-00006283,seo:rechargeable-cells
КА-00006284,seo:rechargeable-cells
КА-00006285,seo:primary-cells
КА-00006287,seo:rechargeable-cells
КА-00006288,seo:primary-cells
КА-00006289,seo:primary-cells
КА-00006298,seo:rechargeable-cells
КА-00006299,seo:primary-cells
КА-00006300,seo:primary-cells
КА-00006302,seo:primary-cells
КА-00006303,seo:primary-cells
КА-00006304,seo:primary-cells
КА-00006305,seo:primary-cells
КА-00006306,seo:primary-cells
КА-00006307,seo:primary-cells
КА-00006308,seo:rechargeable-cells
КА-00006313,seo:rechargeable-cells
КА-00006314,seo:electronic-components
КА-00006316,seo:rechargeable-cells
КА-00006319,seo:electronic-components
КА-00006320,seo:rechargeable-cells
КА-00006321,seo:electronic-components
КА-00006323,seo:electronic-components
КА-00006325,seo:electronic-components
КА-00006327,seo:rechargeable-cells
КА-00006328,seo:primary-cells
КА-00006329,seo:rechargeable-cells
КА-00006330,seo:rechargeable-cells
КА-00006331,seo:rechargeable-cells
КА-00006342,seo:primary-cells
КА-00006343,seo:primary-cells
КА-00006344,seo:rechargeable-cells
КА-00006346,seo:chargers
КА-00006347,seo:rechargeable-cells
КА-00006357,seo:rechargeable-cells
КА-00006358,seo:primary-cells
КА-00006360,seo:rechargeable-cells
КА-00006361,seo:chargers
КА-00006366,seo:rechargeable-cells
КА-00006367,seo:rechargeable-cells
КА-00006368,seo:chargers
КА-00006369,seo:electronic-components
КА-00006370,seo:chargers
КА-00006371,seo:primary-cells
КА-00006372,seo:electronic-components
КА-00006374,seo:rechargeable-cells
КА-00006375,seo:rechargeable-cells
КА-00006376,seo:rechargeable-cells
КА-00006377,seo:chargers
КА-00006378,seo:chargers
КА-00006379,seo:chargers
КА-00006386,seo:electronic-components
КА-00006388,seo:electronic-components
КА-00006389,seo:electronic-components
КА-00006392,seo:electronic-components
КА-00006393,seo:electronic-components
КА-00006394,seo:electronic-components
КА-00006395,seo:electronic-components
КА-00006400,seo:electronic-components
КА-00006404,seo:rechargeable-cells
КА-00006405,seo:rechargeable-cells
КА-00006406,seo:primary-cells
КА-00006407,seo:warehouse-equipment
КА-00006408,seo:rechargeable-cells
КА-00006409,seo:warehouse-equipment
КА-00006410,seo:rechargeable-cells
КА-00006411,seo:rechargeable-cells
КА-00006412,seo:primary-cells
КА-00006416,seo:rechargeable-cells
КА-00006423,seo:electronic-components
КА-00006426,seo:electronic-components
КА-00006427,seo:electronic-components
КА-00006428,seo:primary-cells
КА-00006429,seo:rechargeable-cells
КА-00006430,seo:rechargeable-cells
КА-00006431,seo:chargers
КА-00006432,seo:electronic-components
КА-00006433,seo:primary-cells
КА-00006434,seo:primary-cells
КА-00006435,seo:rechargeable-cells
КА-00006436,seo:rechargeable-cells
КА-00006437,seo:rechargeable-cells
КА-00006440,seo:electronic-components
КА-00006446,seo:primary-cells
КА-00006448,seo:power-systems
КА-00006451,seo:rechargeable-cells
КА-00006452,seo:batteries-traction
КА-00006453,seo:batteries-traction
КА-00006454,seo:batteries-traction
КА-00006455,seo:batteries-traction
КА-00006456,seo:rechargeable-cells
КА-00006460,seo:rechargeable-cells
КА-00006461,seo:rechargeable-cells
КА-00006462,seo:rechargeable-cells
КА-00006463,seo:rechargeable-cells
КА-00006464,seo:electronic-components
КА-00006465,seo:primary-cells
КА-00006466,seo:rechargeable-cells
КА-00006467,seo:replacement-mobile
КА-00006468,seo:rechargeable-cells
КА-00006469,seo:rechargeable-cells
КА-00006470,seo:replacement-mobile
КА-00006471,seo:rechargeable-cells
КА-00006472,seo:rechargeable-cells
КА-00006473,seo:rechargeable-cells
КА-00006474,seo:replacement-mobile
КА-00006475,seo:rechargeable-cells
КА-00006476,seo:primary-cells
КА-00006478,seo:primary-cells
КА-00006479,seo:rechargeable-cells
КА-00006480,seo:rechargeable-cells
КА-00006481,seo:rechargeable-cells
КА-00006482,seo:primary-cells
КА-00006483,seo:rechargeable-cells
КА-00006484,seo:rechargeable-cells
КА-00006485,seo:primary-cells
КА-00006486,seo:primary-cells
КА-00006487,seo:primary-cells
КА-00006488,seo:replacement-mobile
КА-00006489,seo:rechargeable-cells
КА-00006491,seo:rechargeable-cells
КА-00006492,seo:primary-cells
КА-00006493,seo:rechargeable-cells
КА-00006494,seo:chargers
КА-00006495,seo:electronic-components
КА-00006496,seo:electronic-components
КА-00006497,seo:rechargeable-cells
КА-00006498,seo:rechargeable-cells
КА-00006502,seo:electronic-components
КА-00006506,seo:rechargeable-cells
КА-00006507,seo:rechargeable-cells
КА-00006508,seo:rechargeable-cells
КА-00006509,seo:rechargeable-cells
КА-00006510,seo:electronic-components
КА-00006512,seo:rechargeable-cells
КА-00006513,seo:rechargeable-cells
КА-00006514,seo:rechargeable-cells
КА-00006527,seo:rechargeable-cells
КА-00006528,seo:rechargeable-cells
КА-00006529,seo:primary-cells
КА-00006530,seo:rechargeable-cells
КА-00006531,seo:rechargeable-cells
КА-00006532,seo:primary-cells
КА-00006533,seo:rechargeable-cells
КА-00006534,seo:rechargeable-cells
КА-00006535,seo:rechargeable-cells
КА-00006536,seo:rechargeable-cells
КА-00006537,seo:rechargeable-cells
КА-00006538,seo:rechargeable-cells
КА-00006539,seo:rechargeable-cells
КА-00006540,seo:chargers
КА-00006541,seo:chargers
КА-00006542,seo:chargers
КА-00006543,seo:rechargeable-cells
КА-00006547,seo:rechargeable-cells
КА-00006548,seo:primary-cells
КА-00006549,seo:primary-cells
КА-00006550,seo:primary-cells
КА-00006551,seo:primary-cells
КА-00006552,seo:rechargeable-cells
КА-00006553,seo:rechargeable-cells
КА-00006554,seo:rechargeable-cells
КА-00006555,seo:chargers
КА-00006556,seo:rechargeable-cells
КА-00006557,seo:rechargeable-cells
КА-00006559,seo:primary-cells
КА-00006560,seo:electronic-components
КА-00006561,seo:electronic-components
КА-00006562,seo:electronic-components
КА-00006563,seo:electronic-components
КА-00006564,seo:primary-cells
КА-00006565,seo:rechargeable-cells
КА-00006566,seo:rechargeable-cells
КА-00006567,seo:rechargeable-cells
КА-00006568,seo:rechargeable-cells
КА-00006569,seo:rechargeable-cells
КА-00006577,seo:electronic-components
КА-00006585,seo:rechargeable-cells
КА-00006587,seo:replacement-tools
КА-00006589,seo:warehouse-equipment
КА-00006590,seo:primary-cells
КА-00006592,seo:primary-cells
КА-00006593,seo:primary-cells
КА-00006594,seo:rechargeable-cells
КА-00006595,seo:rechargeable-cells
КА-00006596,seo:replacement-mobile
КА-00006597,seo:rechargeable-cells
КА-00006602,seo:electronic-components
КА-00006603,seo:primary-cells
КА-00006605,seo:primary-cells
КА-00006606,seo:chargers
КА-00006607,seo:primary-cells
КА-00006611,seo:primary-cells
КА-00006622,seo:electronic-components
КА-00006623,seo:chargers
КА-00006624,seo:chargers
КА-00006631,seo:electronic-components
КА-00006632,seo:primary-cells
КА-00006633,seo:primary-cells
КА-00006634,seo:rechargeable-cells
КА-00006635,seo:rechargeable-cells
КА-00006636,seo:rechargeable-cells
КА-00006638,seo:rechargeable-cells
КА-00006639,seo:rechargeable-cells
КА-00006647,seo:primary-cells
КА-00006648,seo:primary-cells
КА-00006651,seo:primary-cells
КА-00006652,seo:rechargeable-cells
КА-00006654,seo:primary-cells
КА-00006655,seo:rechargeable-cells
КА-00006656,seo:rechargeable-cells
КА-00006657,seo:rechargeable-cells
КА-00006658,seo:rechargeable-cells
КА-00006659,seo:replacement-mobile
КА-00006660,seo:replacement-mobile
КА-00006661,seo:replacement-mobile
КА-00006662,seo:replacement-mobile
КА-00006663,seo:rechargeable-cells
КА-00006664,seo:power-systems
КА-00006675,seo:rechargeable-cells
КА-00006676,seo:chargers
КА-00006677,seo:primary-cells
КА-00006684,seo:rechargeable-cells
КА-00006685,seo:rechargeable-cells
КА-00006687,seo:rechargeable-cells
КА-00006688,seo:rechargeable-cells
КА-00006689,seo:chargers
КА-00006690,seo:rechargeable-cells
КА-00006691,seo:rechargeable-cells
КА-00006692,seo:replacement-laptops
КА-00006693,seo:rechargeable-cells
КА-00006694,seo:rechargeable-cells
КА-00006695,seo:rechargeable-cells
КА-00006696,seo:rechargeable-cells
КА-00006697,seo:rechargeable-cells
КА-00006698,seo:rechargeable-cells
КА-00006699,seo:rechargeable-cells
КА-00006700,seo:rechargeable-cells
КА-00006704,seo:rechargeable-cells
КА-00006705,seo:rechargeable-cells
КА-00006706,seo:primary-cells
КА-00006707,seo:primary-cells
КА-00006708,seo:primary-cells
КА-00006709,seo:electronic-components
КА-00006710,seo:primary-cells
КА-00006711,seo:electronic-components
КА-00006712,seo:electronic-components
КА-00006713,seo:electronic-components
КА-00006715,seo:rechargeable-cells
КА-00006716,seo:electronic-components
КА-00006718,seo:electronic-components
КА-00006719,seo:electronic-components
КА-00006720,seo:electronic-components
КА-00006721,seo:electronic-components
КА-00006722,seo:electronic-components
КА-00006723,seo:rechargeable-cells
КА-00006724,seo:rechargeable-cells
КА-00006725,seo:chargers
КА-00006726,seo:chargers
КА-00006727,seo:primary-cells
КА-00006728,seo:primary-cells
КА-00006729,seo:rechargeable-cells
КА-00006730,seo:rechargeable-cells
КА-00006731,seo:rechargeable-cells
КА-00006732,seo:rechargeable-cells
КА-00006733,seo:rechargeable-cells
КА-00006734,seo:rechargeable-cells
КА-00006735,seo:rechargeable-cells
КА-00006736,seo:rechargeable-cells
КА-00006737,seo:primary-cells
КА-00006738,seo:power-systems
КА-00006742,seo:rechargeable-cells
КА-00006743,seo:chargers
КА-00006745,seo:rechargeable-cells
КА-00006746,seo:rechargeable-cells
КА-00006747,seo:rechargeable-cells
КА-00006748,seo:rechargeable-cells
КА-00006749,seo:rechargeable-cells
КА-00006750,seo:rechargeable-cells
КА-00006751,seo:rechargeable-cells
КА-00006752,seo:rechargeable-cells
КА-00006753,seo:primary-cells
КА-00006754,seo:electronic-components
КА-00006757,seo:rechargeable-cells
КА-00006758,seo:rechargeable-cells
КА-00006759,seo:batteries-ups
КА-00006760,seo:primary-cells
КА-00006761,seo:rechargeable-cells
КА-00006762,seo:rechargeable-cells
КА-00006767,seo:primary-cells
КА-00006769,seo:primary-cells
КА-00006774,seo:chargers
КА-00006775,seo:electronic-components
КА-00006776,seo:rechargeable-cells
КА-00006777,seo:rechargeable-cells
КА-00006779,seo:rechargeable-cells
КА-00006787,seo:rechargeable-cells
КА-00006788,seo:rechargeable-cells
КА-00006789,seo:primary-cells
КА-00006790,seo:primary-cells
КА-00006792,seo:chargers
КА-00006793,seo:electronic-components
КА-00006794,seo:rechargeable-cells
КА-00006795,seo:rechargeable-cells
КА-00006796,seo:electronic-components
КА-00006798,seo:replacement-mobile
КА-00006799,seo:rechargeable-cells
КА-00006800,seo:rechargeable-cells
КА-00006803,seo:rechargeable-cells
КА-00006804,seo:primary-cells
КА-00006807,seo:electronic-components
КА-00006808,seo:electronic-components
КА-00006810,seo:electronic-components
КА-00006811,seo:electronic-components
КА-00006812,seo:electronic-components
КА-00006813,seo:rechargeable-cells
КА-00006817,seo:electronic-components
КА-00006818,seo:chargers
КА-00006819,seo:power-systems
КА-00006820,seo:rechargeable-cells
КА-00006821,seo:primary-cells
КА-00006822,seo:power-systems
КА-00006823,seo:rechargeable-cells
КА-00006824,seo:rechargeable-cells
КА-00006825,seo:rechargeable-cells
КА-00006826,seo:rechargeable-cells
КА-00006827,seo:rechargeable-cells
КА-00006828,seo:rechargeable-cells
КА-00006829,seo:rechargeable-cells
КА-00006838,seo:replacement-mobile
КА-00006839,seo:chargers
КА-00006840,seo:electronic-components
КА-00006841,seo:primary-cells
КА-00006844,seo:rechargeable-cells
КА-00006845,seo:rechargeable-cells
КА-00006846,seo:rechargeable-cells
КА-00006847,seo:rechargeable-cells
КА-00006848,seo:primary-cells
КА-00006850,seo:primary-cells
КА-00006852,seo:electronic-components
КА-00006853,seo:rechargeable-cells
КА-00006854,seo:rechargeable-cells
КА-00006855,seo:rechargeable-cells
КА-00006856,seo:rechargeable-cells
КА-00006857,seo:chargers
КА-00006858,seo:chargers
КА-00006859,seo:rechargeable-cells
КА-00006860,seo:rechargeable-cells
КА-00006861,seo:rechargeable-cells
КА-00006862,seo:rechargeable-cells
КА-00006863,seo:rechargeable-cells
КА-00006864,seo:rechargeable-cells
КА-00006865,seo:rechargeable-cells
КА-00006866,seo:rechargeable-cells
КА-00006872,seo:batteries-ups
КА-00006873,seo:primary-cells
КА-00006874,seo:rechargeable-cells
КА-00006875,seo:rechargeable-cells
КА-00006876,seo:rechargeable-cells
КА-00006877,seo:rechargeable-cells
КА-00006878,seo:electronic-components
КА-00006879,seo:rechargeable-cells
КА-00006880,seo:rechargeable-cells
КА-00006881,seo:primary-cells
КА-00006883,seo:rechargeable-cells
КА-00006884,seo:rechargeable-cells
КА-00006885,seo:rechargeable-cells
КА-00006886,seo:primary-cells
КА-00006887,seo:replacement-tools
КА-00006888,seo:electronic-components
КА-00006889,seo:primary-cells
КА-00006890,seo:primary-cells
КА-00006902,seo:rechargeable-cells
КА-00006903,seo:rechargeable-cells
КА-00006909,seo:rechargeable-cells
КА-00006911,seo:primary-cells
КА-00006912,seo:primary-cells
КА-00006913,seo:primary-cells
КА-00006918,seo:primary-cells
КА-00006920,seo:primary-cells
КА-00006925,seo:chargers
КА-00006926,seo:electronic-components
КА-00006927,seo:rechargeable-cells
КА-00006928,seo:rechargeable-cells
КА-00006929,seo:rechargeable-cells
КА-00006930,seo:primary-cells
КА-00006931,seo:rechargeable-cells
КА-00006932,seo:primary-cells
КА-00006933,seo:replacement-laptops
КА-00006934,seo:replacement-tools
КА-00006936,seo:power-systems
КА-00006937,seo:rechargeable-cells
КА-00006938,seo:electronic-components
КА-00006939,seo:primary-cells
КА-00006941,seo:power-systems
КА-00006942,seo:rechargeable-cells
КА-00006943,seo:rechargeable-cells
КА-00006944,seo:chargers
КА-00006945,seo:primary-cells
КА-00006956,seo:rechargeable-cells
КА-00006957,seo:rechargeable-cells
КА-00006958,seo:rechargeable-cells
КА-00006960,seo:electronic-components
КА-00006961,seo:rechargeable-cells
КА-00006962,seo:rechargeable-cells
КА-00006963,seo:rechargeable-cells
КА-00006964,seo:primary-cells
КА-00006965,seo:primary-cells
КА-00006966,seo:rechargeable-cells
КА-00006967,seo:rechargeable-cells
КА-00006968,seo:rechargeable-cells
КА-00006969,seo:rechargeable-cells
КА-00006970,seo:rechargeable-cells
КА-00006971,seo:rechargeable-cells
КА-00006972,seo:rechargeable-cells
КА-00006973,seo:primary-cells
КА-00006982,seo:chargers
КА-00006990,seo:chargers
КА-00006991,seo:rechargeable-cells
КА-00006992,seo:rechargeable-cells
КА-00006993,seo:rechargeable-cells
КА-00006994,seo:chargers
КА-00006995,seo:rechargeable-cells
КА-00006996,seo:chargers
КА-00006997,seo:chargers
КА-00006998,seo:chargers
КА-00006999,seo:chargers
КА-00007011,seo:electronic-components
КА-00007017,seo:rechargeable-cells
КА-00007018,seo:rechargeable-cells
КА-00007019,seo:rechargeable-cells
КА-00007020,seo:rechargeable-cells
КА-00007021,seo:power-systems
КА-00007022,seo:chargers
КА-00007023,seo:rechargeable-cells
КА-00007024,seo:chargers
КА-00007031,seo:primary-cells
КА-00007032,seo:primary-cells
КА-00007033,seo:primary-cells
КА-00007034,seo:primary-cells
КА-00007035,seo:primary-cells
КА-00007036,seo:primary-cells
КА-00007037,seo:primary-cells
КА-00007038,seo:rechargeable-cells
КА-00007039,seo:rechargeable-cells
КА-00007040,seo:replacement-tools
КА-00007041,seo:primary-cells
КА-00007042,seo:primary-cells
КА-00007043,seo:primary-cells
КА-00007044,seo:primary-cells
КА-00007045,seo:rechargeable-cells
КА-00007046,seo:rechargeable-cells
КА-00007047,seo:rechargeable-cells
КА-00007048,seo:rechargeable-cells
КА-00007049,seo:rechargeable-cells
КА-00007050,seo:replacement-mobile
КА-00007053,seo:rechargeable-cells
КА-00007054,seo:rechargeable-cells
КА-00007055,seo:rechargeable-cells
КА-00007059,seo:rechargeable-cells
КА-00007060,seo:rechargeable-cells
КА-00007061,seo:rechargeable-cells
КА-00007064,seo:rechargeable-cells
КА-00007066,seo:electronic-components
КА-00007074,seo:replacement-mobile
КА-00007076,seo:rechargeable-cells
КА-00007077,seo:primary-cells
КА-00007078,seo:rechargeable-cells
КА-00007087,seo:primary-cells
КА-00007088,seo:rechargeable-cells
КА-00007089,seo:rechargeable-cells
КА-00007090,seo:rechargeable-cells
КА-00007091,seo:rechargeable-cells
КА-00007092,seo:replacement-tools
КА-00007093,seo:rechargeable-cells
КА-00007094,seo:rechargeable-cells
КА-00007095,seo:rechargeable-cells
КА-00007099,seo:rechargeable-cells
КА-00007100,seo:rechargeable-cells
КА-00007102,seo:rechargeable-cells
КА-00007103,seo:replacement-tools
КА-00007105,seo:power-systems
КА-00007109,seo:rechargeable-cells
КА-00007113,seo:rechargeable-cells
КА-00007118,seo:rechargeable-cells
КА-00007119,seo:primary-cells
КА-00007120,seo:primary-cells
КА-00007121,seo:primary-cells
КА-00007122,seo:rechargeable-cells
КА-00007123,seo:rechargeable-cells
КА-00007124,seo:rechargeable-cells
КА-00007125,seo:rechargeable-cells
КА-00007126,seo:rechargeable-cells
КА-00007127,seo:rechargeable-cells
КА-00007128,seo:primary-cells
КА-00007129,seo:electronic-components
КА-00007130,seo:rechargeable-cells
КА-00007131,seo:rechargeable-cells
КА-00007132,seo:rechargeable-cells
КА-00007133,seo:rechargeable-cells
КА-00007134,seo:rechargeable-cells
КА-00007135,seo:rechargeable-cells
КА-00007136,seo:rechargeable-cells
КА-00007137,seo:rechargeable-cells
КА-00007138,seo:rechargeable-cells
КА-00007140,seo:rechargeable-cells
КА-00007142,seo:rechargeable-cells
КА-00007143,seo:rechargeable-cells
КА-00007144,seo:rechargeable-cells
КА-00007145,seo:replacement-mobile
КА-00007146,seo:power-systems
КА-00007149,seo:rechargeable-cells
КА-00007150,seo:rechargeable-cells
РБ-00000002,seo:rechargeable-cells
РБ-00000003,seo:primary-cells
РБ-00000011,seo:replacement-mobile
РБ-00000012,seo:rechargeable-cells
РБ-00000023,seo:warehouse-equipment
ФР-00000003,seo:rechargeable-cells
ФР-00000005,seo:rechargeable-cells
ФР-00000007,seo:primary-cells
ФР-00000009,seo:rechargeable-cells
ФР-00000010,seo:rechargeable-cells
ФР-00000011,seo:rechargeable-cells
ФР-00000012,seo:rechargeable-cells
ФР-00000016,seo:primary-cells
ФР-00000018,seo:primary-cells
ФР-00000020,seo:rechargeable-cells
ФР-00000022,seo:warehouse-equipment
ФР-00000024,seo:replacement-mobile
ФР-00000025,seo:replacement-mobile
ФР-00000029,seo:rechargeable-cells
ФР-00000030,seo:warehouse-equipment
ФР-00000031,seo:rechargeable-cells
ФР-00000033,seo:warehouse-equipment
ФР-00000035,seo:replacement-tools
ФР-00000037,seo:rechargeable-cells
ФР-00000038,seo:primary-cells
ФР-00000040,seo:rechargeable-cells
ФР-00000041,seo:primary-cells
ФР-00000042,seo:rechargeable-cells
ФР-00000043,seo:rechargeable-cells
ФР-00000044,seo:rechargeable-cells
ФР-00000045,seo:rechargeable-cells
ФР-00000046,seo:rechargeable-cells
ФР-00000048,seo:rechargeable-cells
ФР-00000050,seo:rechargeable-cells
ФР-00000051,seo:rechargeable-cells
ФР-00000052,seo:rechargeable-cells
ФР-00000054,seo:rechargeable-cells
ФР-00000055,seo:replacement-mobile
ФР-00000056,seo:rechargeable-cells
ФР-00000057,seo:rechargeable-cells
ФР-00000058,seo:rechargeable-cells
ФР-00000060,seo:rechargeable-cells
ФР-00000061,seo:warehouse-equipment
ФР-00000062,seo:rechargeable-cells
ФР-00000063,seo:rechargeable-cells
ФР-00000070,seo:replacement-mobile
ФР-00000071,seo:replacement-mobile
ФР-00000078,seo:primary-cells
ФР-00000079,seo:primary-cells
ФР-00000081,seo:replacement-mobile
ФР-00000082,seo:rechargeable-cells
ФР-00000083,seo:warehouse-equipment
ФР-00000084,seo:primary-cells
ФР-00000085,seo:rechargeable-cells
ФР-00000086,seo:warehouse-equipment
ФР-00000087,seo:rechargeable-cells
ФР-00000089,seo:replacement-tools
ФР-00000090,seo:replacement-mobile
ФР-00000091,seo:rechargeable-cells
ФР-00000092,seo:replacement-mobile
ФР-00000093,seo:rechargeable-cells
ФР-00000099,seo:rechargeable-cells
ФР-00000100,seo:replacement-mobile
ФР-00000106,seo:rechargeable-cells
ФР-00000116,seo:primary-cells
ФР-00000117,seo:warehouse-equipment
ФР-00000118,seo:primary-cells
ФР-00000120,seo:rechargeable-cells
ФР-00000121,seo:rechargeable-cells
ФР-00000122,seo:rechargeable-cells
ФР-00000124,seo:rechargeable-cells
ФР-00000127,seo:electronic-components
ФР-00000128,seo:electronic-components
ФР-00000129,seo:electronic-components
ФР-00000130,seo:electronic-components
ФР-00000131,seo:electronic-components
ФР-00000132,seo:electronic-components
ФР-00000138,seo:replacement-tools
ФР-00000139,seo:rechargeable-cells
ФР-00000144,seo:rechargeable-cells
ФР-00000145,seo:rechargeable-cells
ФР-00000146,seo:rechargeable-cells
ФР-00000147,seo:rechargeable-cells
ФР-00000148,seo:rechargeable-cells
ФР-00000149,seo:replacement-mobile
ФР-00000150,seo:replacement-photo
ФР-00000151,seo:rechargeable-cells
ФР-00000152,seo:rechargeable-cells
ФР-00000153,seo:warehouse-equipment
ФР-00000155,seo:rechargeable-cells
ФР-00000156,seo:primary-cells
ФР-00000157,seo:replacement-mobile
ФР-00000158,seo:warehouse-equipment
ФР-00000159,seo:rechargeable-cells
ФР-00000162,seo:rechargeable-cells
ФР-00000163,seo:rechargeable-cells
ФР-00000164,seo:replacement-mobile
ФР-00000165,seo:replacement-mobile
ФР-00000166,seo:replacement-mobile
ФР-00000167,seo:rechargeable-cells
ФР-00000169,seo:warehouse-equipment
ФР-00000170,seo:replacement-mobile
ФР-00000172,seo:electronic-components
ФР-00000173,seo:warehouse-equipment
ФР-00000177,seo:rechargeable-cells
ФР-00000178,seo:rechargeable-cells
ФР-00000180,seo:rechargeable-cells
ФР-00000182,seo:rechargeable-cells
ФР-00000185,seo:replacement-mobile
ФР-00000186,seo:warehouse-equipment
ФР-00000187,seo:primary-cells
ФР-00000188,seo:primary-cells
ФР-00000189,seo:warehouse-equipment
ФР-00000190,seo:primary-cells
ФР-00000191,seo:primary-cells
ФР-00000192,seo:primary-cells
ФР-00000196,seo:rechargeable-cells
ФР-00000197,seo:rechargeable-cells
ФР-00000201,seo:rechargeable-cells
ФР-00000202,seo:rechargeable-cells
ФР-00000203,seo:primary-cells
ФР-00000204,seo:rechargeable-cells
ФР-00000206,seo:rechargeable-cells
ФР-00000207,seo:rechargeable-cells
ФР-00000208,seo:rechargeable-cells
ФР-00000209,seo:rechargeable-cells
ФР-00000210,seo:rechargeable-cells
ФР-00000211,seo:rechargeable-cells
ФР-00000212,seo:primary-cells
ФР-00000213,seo:rechargeable-cells
ФР-00000215,seo:rechargeable-cells
ФР-00000216,seo:rechargeable-cells
ФР-00000218,seo:rechargeable-cells
ФР-00000219,seo:primary-cells
ФР-00000220,seo:primary-cells
ФР-00000221,seo:primary-cells
ФР-00000223,seo:warehouse-equipment
ФР-00000225,seo:primary-cells
ФР-00000226,seo:primary-cells
ФР-00000227,seo:replacement-mobile
ФР-00000228,seo:rechargeable-cells
ФР-00000230,seo:replacement-mobile
ФР-00000231,seo:electronic-components
ФР-00000232,seo:electronic-components
ФР-00000233,seo:rechargeable-cells
ФР-00000234,seo:primary-cells
ФР-00000235,seo:primary-cells
ФР-00000236,seo:primary-cells
ФР-00000237,seo:rechargeable-cells
ФР-00000238,seo:primary-cells
ФР-00000240,seo:rechargeable-cells
ФР-00000241,seo:rechargeable-cells
ФР-00000242,seo:rechargeable-cells
ФР-00000243,seo:rechargeable-cells
ФР-00000244,seo:rechargeable-cells
ФР-00000246,seo:warehouse-equipment
ФР-00000247,seo:primary-cells
ФР-00000248,seo:rechargeable-cells
ФР-00000249,seo:primary-cells
ФР-00000250,seo:replacement-mobile
ФР-00000251,seo:primary-cells
ФР-00000252,seo:primary-cells
ФР-00000254,seo:primary-cells
ФР-00000255,seo:primary-cells
ФР-00000256,seo:primary-cells
ФР-00000257,seo:primary-cells
ФР-00000258,seo:primary-cells
ФР-00000261,seo:rechargeable-cells
ФР-00000262,seo:rechargeable-cells
ФР-00000263,seo:primary-cells
ФР-00000264,seo:rechargeable-cells
ФР-00000265,seo:primary-cells
ФР-00000266,seo:primary-cells
ФР-00000268,seo:flashlights
ФР-00000272,seo:rechargeable-cells
ФР-00000273,seo:rechargeable-cells
ФР-00000274,seo:rechargeable-cells
ФР-00000275,seo:rechargeable-cells
ФР-00000276,seo:chargers
ФР-00000279,seo:warehouse-equipment
ФР-00000280,seo:primary-cells
ФР-00000281,seo:primary-cells
ФР-00000283,seo:rechargeable-cells
ФР-00000286,seo:warehouse-equipment
ФР-00000287,seo:rechargeable-cells
ФР-00000288,seo:primary-cells
ФР-00000289,seo:primary-cells
ФР-00000290,seo:rechargeable-cells
ФР-00000292,seo:primary-cells
ФР-00000293,seo:rechargeable-cells
ФР-00000294,seo:warehouse-equipment
ФР-00000295,seo:rechargeable-cells
ФР-00000296,seo:primary-cells
ФР-00000297,seo:primary-cells
ФР-00000298,seo:primary-cells
ФР-00000299,seo:chargers
ФР-00000300,seo:primary-cells
ФР-00000302,seo:rechargeable-cells
ФР-00000303,seo:replacement-mobile
ФР-00000304,seo:chargers
ФР-00000305,seo:flashlights
ФР-00000306,seo:warehouse-equipment
ФР-00000307,seo:rechargeable-cells
ФР-00000308,seo:flashlights
ФР-00000309,seo:replacement-mobile
ФР-00000310,seo:rechargeable-cells
ФР-00000312,seo:electronic-components
ФР-00000313,seo:rechargeable-cells
ФР-00000314,seo:rechargeable-cells
ФР-00000317,seo:rechargeable-cells
ФР-00000318,seo:rechargeable-cells
ФР-00000319,seo:primary-cells
ФР-00000320,seo:primary-cells
ФР-00000321,seo:replacement-mobile
ФР-00000322,seo:replacement-mobile
ФР-00000323,seo:replacement-mobile
ФР-00000324,seo:primary-cells
ФР-00000325,seo:flashlights
ФР-00000326,seo:flashlights
ФР-00000327,seo:rechargeable-cells
ФР-00000328,seo:rechargeable-cells
ФР-00000331,seo:primary-cells
ФР-00000332,seo:rechargeable-cells
ФР-00000333,seo:primary-cells
ФР-00000334,seo:primary-cells
ФР-00000335,seo:rechargeable-cells
ФР-00000336,seo:primary-cells
ФР-00000339,seo:primary-cells
ФР-00000340,seo:primary-cells
ФР-00000341,seo:replacement-mobile
ФР-00000343,seo:warehouse-equipment
ФР-00000344,seo:primary-cells
ФР-00000345,seo:primary-cells
ФР-00000347,seo:warehouse-equipment
ФР-00000348,seo:warehouse-equipment
ФР-00000349,seo:rechargeable-cells
ФР-00000351,seo:rechargeable-cells
ФР-00000352,seo:primary-cells
ФР-00000354,seo:rechargeable-cells
ФР-00000357,seo:rechargeable-cells
ФР-00000360,seo:rechargeable-cells
ФР-00000361,seo:rechargeable-cells
ФР-00000362,seo:flashlights
ФР-00000365,seo:flashlights
ФР-00000366,seo:rechargeable-cells
ФР-00000368,seo:replacement-mobile
ФР-00000370,seo:primary-cells
ФР-00000371,seo:primary-cells
ФР-00000373,seo:primary-cells
ФР-00000374,seo:warehouse-equipment
ФР-00000375,seo:primary-cells
ФР-00000376,seo:chargers
ФР-00000377,seo:rechargeable-cells
ФР-00000379,seo:rechargeable-cells
ФР-00000381,seo:warehouse-equipment
ФР-00000382,seo:primary-cells
ФР-00000383,seo:flashlights
ФР-00000384,seo:flashlights
ФР-00000385,seo:warehouse-equipment
ФР-00000386,seo:warehouse-equipment
ФР-00000387,seo:warehouse-equipment
ФР-00000388,seo:warehouse-equipment
ФР-00000389,seo:warehouse-equipment
ФР-00000390,seo:rechargeable-cells
ФР-00000391,seo:rechargeable-cells
ФР-00000392,seo:rechargeable-cells
ФР-00000393,seo:electronic-components
ФР-00000394,seo:electronic-components
ФР-00000395,seo:electronic-components
ФР-00000396,seo:rechargeable-cells
ФР-00000397,seo:rechargeable-cells
ФР-00000398,seo:warehouse-equipment
ФР-00000399,seo:rechargeable-cells
ФР-00000400,seo:rechargeable-cells
ФР-00000401,seo:warehouse-equipment
ФР-00000402,seo:warehouse-equipment
ФР-00000407,seo:primary-cells
ФР-00000408,seo:rechargeable-cells
ФР-00000410,seo:warehouse-equipment
ФР-00000412,seo:rechargeable-cells
ФР-00000413,seo:primary-cells
ФР-00000414,seo:warehouse-equipment
ФР-00000415,seo:rechargeable-cells
ФР-00000416,seo:rechargeable-cells
ФР-00000417,seo:rechargeable-cells
ФР-00000427,seo:replacement-mobile
ФР-00000428,seo:warehouse-equipment
ФР-00000429,seo:electronic-components
ФР-00000430,seo:electronic-components
ФР-00000431,seo:electronic-components
ФР-00000432,seo:electronic-components
ФР-00000433,seo:electronic-components
ФР-00000435,seo:electronic-components
ФР-00000440,seo:primary-cells
ФР-00000441,seo:warehouse-equipment
ФР-00000442,seo:primary-cells
ФР-00000443,seo:primary-cells
ФР-00000444,seo:primary-cells
ФР-00000448,seo:replacement-mobile
ФР-00000449,seo:rechargeable-cells
ФР-00000450,seo:rechargeable-cells
ФР-00000451,seo:rechargeable-cells
ФР-00000452,seo:primary-cells
ФР-00000453,seo:primary-cells
ФР-00000455,seo:primary-cells
ФР-00000456,seo:electronic-components
ФР-00000457,seo:electronic-components
ФР-00000459,seo:replacement-tools
ФР-00000460,seo:primary-cells
ФР-00000462,seo:rechargeable-cells
ФР-00000465,seo:warehouse-equipment
ФР-00000469,seo:rechargeable-cells
ФР-00000470,seo:rechargeable-cells
ФР-00000471,seo:rechargeable-cells
ФР-00000472,seo:primary-cells
ФР-00000473,seo:primary-cells
ФР-00000474,seo:primary-cells
ФР-00000475,seo:rechargeable-cells
ФР-00000476,seo:rechargeable-cells
ФР-00000479,seo:warehouse-equipment
ФР-00000480,seo:rechargeable-cells
ФР-00000481,seo:rechargeable-cells
ФР-00000483,seo:primary-cells
ФР-00000484,seo:warehouse-equipment
ФР-00000485,seo:rechargeable-cells
ФР-00000486,seo:primary-cells
ФР-00000487,seo:primary-cells
ФР-00000488,seo:primary-cells
ФР-00000489,seo:warehouse-equipment
ФР-00000495,seo:primary-cells
ФР-00000496,seo:primary-cells
ФР-00000499,seo:rechargeable-cells
ФР-00000502,seo:primary-cells
ФР-00000503,seo:replacement-mobile
ФР-00000504,seo:chargers
ФР-00000506,seo:rechargeable-cells
ФР-00000507,seo:warehouse-equipment
ФР-00000508,seo:primary-cells
ФР-00000509,seo:primary-cells
ФР-00000510,seo:primary-cells
ФР-00000511,seo:batteries-traction
ФР-00000513,seo:electronic-components
ФР-00000514,seo:warehouse-equipment
ФР-00000515,seo:rechargeable-cells
ФР-00000517,seo:primary-cells
ФР-00000518,seo:primary-cells
ФР-00000519,seo:primary-cells
ФР-00000520,seo:warehouse-equipment
ФР-00000521,seo:rechargeable-cells
ФР-00000522,seo:rechargeable-cells
ФР-00000524,seo:primary-cells
ФР-00000525,seo:rechargeable-cells
ФР-00000527,seo:rechargeable-cells
ФР-00000528,seo:rechargeable-cells
ФР-00000529,seo:primary-cells
ФР-00000530,seo:primary-cells
ФР-00000533,seo:rechargeable-cells
ФР-00000534,seo:rechargeable-cells
ФР-00000535,seo:chargers
ФР-00000536,seo:chargers
ФР-00000537,seo:rechargeable-cells
ФР-00000538,seo:rechargeable-cells
ФР-00000539,seo:primary-cells
ФР-00000540,seo:rechargeable-cells
ФР-00000542,seo:primary-cells
ФР-00000543,seo:primary-cells
ФР-00000544,seo:primary-cells
ФР-00000545,seo:rechargeable-cells
ФР-00000546,seo:rechargeable-cells
ФР-00000547,seo:primary-cells
ФР-00000550,seo:electronic-components
ФР-00000556,seo:electronic-components
ФР-00000557,seo:warehouse-equipment
ФР-00000558,seo:warehouse-equipment
ФР-00000563,seo:warehouse-equipment
ФР-00000564,seo:primary-cells
ФР-00000565,seo:primary-cells
ФР-00000566,seo:primary-cells
ФР-00000567,seo:warehouse-equipment
ФР-00000569,seo:primary-cells
ФР-00000571,seo:primary-cells
ФР-00000579,seo:warehouse-equipment
ФР-00000580,seo:primary-cells
ФР-00000582,seo:chargers
ФР-00000590,seo:warehouse-equipment
ФР-00000591,seo:warehouse-equipment
ФР-00000592,seo:warehouse-equipment
ФР-00000598,seo:warehouse-equipment
ФР-00000603,seo:warehouse-equipment
ФР-00000604,seo:warehouse-equipment
ФР-00000605,seo:warehouse-equipment
ФР-00000606,seo:warehouse-equipment
ФР-00000607,seo:primary-cells
ФР-00000608,seo:primary-cells
ФР-00000609,seo:warehouse-equipment
ФР-00000610,seo:primary-cells
ФР-00000611,seo:rechargeable-cells
ФР-00000612,seo:warehouse-equipment
ФР-00000613,seo:warehouse-equipment
ФР-00000614,seo:rechargeable-cells
ФР-00000615,seo:rechargeable-cells
ФР-00000616,seo:rechargeable-cells
ФР-00000617,seo:replacement-tools
ФР-00000618,seo:replacement-tools
ФР-00000619,seo:rechargeable-cells
ФР-00000620,seo:rechargeable-cells
ФР-00000621,seo:rechargeable-cells
ФР-00000622,seo:rechargeable-cells
ФР-00000623,seo:warehouse-equipment
ФР-00000624,seo:rechargeable-cells
ФР-00000625,seo:primary-cells
ФР-00000626,seo:primary-cells
ФР-00000627,seo:primary-cells
ФР-00000628,seo:rechargeable-cells
ФР-00000629,seo:rechargeable-cells
ФР-00000630,seo:rechargeable-cells
ФР-00000632,seo:warehouse-equipment
ФР-00000634,seo:primary-cells
ФР-00000636,seo:primary-cells
ФР-00000637,seo:primary-cells
ФР-00000638,seo:primary-cells
ФР-00000639,seo:primary-cells
ФР-00000640,seo:rechargeable-cells
ФР-00000641,seo:warehouse-equipment
ФР-00000642,seo:primary-cells
ФР-00000645,seo:replacement-mobile
ФР-00000646,seo:primary-cells
ФР-00000647,seo:primary-cells
ФР-00000648,seo:primary-cells
ФР-00000649,seo:rechargeable-cells
ФР-00000650,seo:rechargeable-cells
ФР-00000651,seo:warehouse-equipment
ФР-00000652,seo:rechargeable-cells
ФР-00000653,seo:flashlights
ФР-00000656,seo:electronic-components
ФР-00000657,seo:primary-cells
ФР-00000658,seo:primary-cells
ФР-00000659,seo:flashlights
ФР-00000660,seo:rechargeable-cells
ФР-00000661,seo:primary-cells
ФР-00000662,seo:rechargeable-cells
ФР-00000663,seo:rechargeable-cells
ФР-00000664,seo:rechargeable-cells
ФР-00000665,seo:primary-cells
ФР-00000666,seo:primary-cells
ФР-00000667,seo:replacement-tools
ФР-00000668,seo:rechargeable-cells
ФР-00000669,seo:rechargeable-cells
ФР-00000670,seo:rechargeable-cells
ФР-00000671,seo:rechargeable-cells
ФР-00000672,seo:rechargeable-cells
ФР-00000673,seo:primary-cells
ФР-00000674,seo:electronic-components
ФР-00000675,seo:electronic-components
ФР-00000678,seo:electronic-components
ФР-00000680,seo:electronic-components
ФР-00000682,seo:electronic-components
ФР-00000683,seo:electronic-components
ФР-00000685,seo:electronic-components
ФР-00000686,seo:electronic-components
ФР-00000687,seo:electronic-components
ФР-00000688,seo:primary-cells
ФР-00000691,seo:rechargeable-cells
ФР-00000692,seo:rechargeable-cells
ФР-00000696,seo:rechargeable-cells
ФР-00000697,seo:rechargeable-cells
ФР-00000698,seo:primary-cells
ФР-00000700,seo:rechargeable-cells
ФР-00000702,seo:warehouse-equipment
ФР-00000705,seo:rechargeable-cells
ФР-00000706,seo:rechargeable-cells
ФР-00000708,seo:rechargeable-cells
ФР-00000709,seo:primary-cells
ФР-00000710,seo:rechargeable-cells
ФР-00000711,seo:replacement-mobile
ФР-00000712,seo:rechargeable-cells
ФР-00000713,seo:electronic-components
ФР-00000714,seo:rechargeable-cells
ФР-00000715,seo:warehouse-equipment
ФР-00000716,seo:electronic-components
ФР-00000717,seo:rechargeable-cells
ФР-00000718,seo:replacement-mobile
ФР-00000719,seo:rechargeable-cells
ФР-00000720,seo:rechargeable-cells
ФР-00000721,seo:electronic-components
ФР-00000722,seo:chargers
ФР-00000723,seo:chargers
ФР-00000725,seo:flashlights
ФР-00000726,seo:chargers
ФР-00000727,seo:power-systems
ФР-00000728,seo:primary-cells
ФР-00000729,seo:primary-cells
ФР-00000731,seo:primary-cells
ФР-00000733,seo:primary-cells
ФР-00000735,seo:primary-cells
ФР-00000736,seo:rechargeable-cells
ФР-00000737,seo:primary-cells
ФР-00000738,seo:primary-cells
ФР-00000739,seo:primary-cells
ФР-00000740,seo:primary-cells
ФР-00000741,seo:primary-cells
ФР-00000742,seo:rechargeable-cells
ФР-00000743,seo:chargers
ФР-00000745,seo:flashlights
ФР-00000746,seo:replacement-mobile
ФР-00000748,seo:rechargeable-cells
ФР-00000749,seo:replacement-mobile
ФР-00000750,seo:replacement-mobile
ФР-00000751,seo:rechargeable-cells
ФР-00000752,seo:rechargeable-cells
ФР-00000753,seo:warehouse-equipment
ФР-00000754,seo:primary-cells
ФР-00000755,seo:primary-cells
ФР-00000767,seo:primary-cells
ФР-00000768,seo:primary-cells
ФР-00000769,seo:replacement-tools
ФР-00000771,seo:electronic-components
ФР-00000772,seo:rechargeable-cells
ФР-00000773,seo:rechargeable-cells
ФР-00000774,seo:replacement-mobile
ФР-00000776,seo:flashlights
ФР-00000777,seo:flashlights
ФР-00000778,seo:rechargeable-cells
ФР-00000779,seo:rechargeable-cells
ФР-00000780,seo:rechargeable-cells
ФР-00000781,seo:rechargeable-cells
ФР-00000782,seo:primary-cells
ФР-00000783,seo:primary-cells
ФР-00000786,seo:replacement-mobile
ФР-00000787,seo:electronic-components
ФР-00000788,seo:electronic-components
ФР-00000789,seo:electronic-components
ФР-00000790,seo:rechargeable-cells
ФР-00000791,seo:rechargeable-cells
ФР-00000792,seo:primary-cells
ФР-00000793,seo:primary-cells
ФР-00000794,seo:primary-cells
ФР-00000795,seo:warehouse-equipment
ФР-00000796,seo:primary-cells
ФР-00000797,seo:primary-cells
ФР-00000800,seo:primary-cells
ФР-00000801,seo:warehouse-equipment
ФР-00000802,seo:primary-cells
ФР-00000803,seo:primary-cells
ФР-00000804,seo:rechargeable-cells
ФР-00000806,seo:rechargeable-cells
ФР-00000807,seo:rechargeable-cells
ФР-00000808,seo:rechargeable-cells
ФР-00000809,seo:warehouse-equipment
ФР-00000810,seo:rechargeable-cells
ФР-00000811,seo:replacement-tools
ФР-00000812,seo:rechargeable-cells
ФР-00000813,seo:rechargeable-cells
ФР-00000814,seo:warehouse-equipment
ФР-00000815,seo:rechargeable-cells
ФР-00000816,seo:rechargeable-cells
ФР-00000817,seo:warehouse-equipment
ФР-00000818,seo:warehouse-equipment
ФР-00000819,seo:rechargeable-cells
ФР-00000821,seo:primary-cells
ФР-00000822,seo:primary-cells
ФР-00000823,seo:primary-cells
ФР-00000824,seo:primary-cells
ФР-00000825,seo:rechargeable-cells
ФР-00000826,seo:primary-cells
ФР-00000827,seo:primary-cells
ФР-00000828,seo:electronic-components
ФР-00000829,seo:electronic-components
ФР-00000830,seo:electronic-components
ФР-00000831,seo:electronic-components
ФР-00000832,seo:primary-cells
ФР-00000835,seo:warehouse-equipment
ФР-00000836,seo:primary-cells
ФР-00000837,seo:primary-cells
ФР-00000850,seo:rechargeable-cells
ФР-00000851,seo:rechargeable-cells
ФР-00000852,seo:replacement-photo
ФР-00000853,seo:electronic-components
ФР-00000854,seo:electronic-components
ФР-00000855,seo:rechargeable-cells
ФР-00000856,seo:rechargeable-cells
ФР-00000859,seo:rechargeable-cells
ФР-00000860,seo:primary-cells
ФР-00000862,seo:warehouse-equipment
ФР-00000864,seo:rechargeable-cells
ФР-00000865,seo:rechargeable-cells
ФР-00000866,seo:chargers
ФР-00000867,seo:primary-cells
ФР-00000868,seo:rechargeable-cells
ФР-00000869,seo:warehouse-equipment
ФР-00000874,seo:chargers
ФР-00000875,seo:rechargeable-cells
ФР-00000876,seo:rechargeable-cells
ФР-00000877,seo:rechargeable-cells
ФР-00000878,seo:rechargeable-cells
ФР-00000879,seo:electronic-components
ФР-00000880,seo:electronic-components
ФР-00000881,seo:electronic-components
ФР-00000882,seo:electronic-components
ФР-00000883,seo:electronic-components
ФР-00000884,seo:electronic-components
ФР-00000886,seo:rechargeable-cells
ФР-00000888,seo:warehouse-equipment
ФР-00000890,seo:primary-cells
ФР-00000893,seo:primary-cells
ФР-00000895,seo:primary-cells
ФР-00000897,seo:warehouse-equipment
ФР-00000902,seo:rechargeable-cells
ФР-00000903,seo:rechargeable-cells
ФР-00000904,seo:primary-cells
ФР-00000909,seo:rechargeable-cells
ФР-00000910,seo:electronic-components
ФР-00000935,seo:chargers
ФР-00000945,seo:rechargeable-cells
ФР-00000946,seo:rechargeable-cells
ФР-00000947,seo:electronic-components
ФР-00000948,seo:rechargeable-cells
ФР-00000949,seo:rechargeable-cells
ФР-00000956,seo:rechargeable-cells
ФР-00000959,seo:primary-cells
ФР-00000962,seo:rechargeable-cells
ФР-00000964,seo:rechargeable-cells
ФР-00000965,seo:batteries-ups
ФР-00000966,seo:warehouse-equipment
ФР-00000967,seo:warehouse-equipment
ФР-00000969,seo:warehouse-equipment
ФР-00000970,seo:warehouse-equipment
ФР-00000971,seo:warehouse-equipment
ФР-00000974,seo:warehouse-equipment
ФР-00000976,seo:primary-cells
ФР-00000977,seo:replacement-mobile
ФР-00000983,seo:primary-cells
ФР-00000985,seo:primary-cells
ФР-00000986,seo:rechargeable-cells
ФР-00000987,seo:primary-cells
ФР-00000988,seo:warehouse-equipment
ФР-00000992,seo:rechargeable-cells
ФР-00000994,seo:electronic-components
ФР-00000996,seo:electronic-components
ФР-00000998,seo:rechargeable-cells
ФР-00000999,seo:rechargeable-cells
ФР-00001000,seo:rechargeable-cells
ФР-00001001,seo:rechargeable-cells
ФР-00001004,seo:rechargeable-cells
ФР-00001005,seo:rechargeable-cells
ФР-00001006,seo:rechargeable-cells
ФР-00001007,seo:rechargeable-cells
ФР-00001008,seo:warehouse-equipment
ФР-00001009,seo:warehouse-equipment
ФР-00001010,seo:rechargeable-cells
ФР-00001012,seo:electronic-components
ФР-00001015,seo:primary-cells
ФР-00001016,seo:primary-cells
ФР-00001017,seo:warehouse-equipment
ФР-00001018,seo:flashlights
ФР-00001019,seo:electronic-components
ФР-00001020,seo:electronic-components
ФР-00001022,seo:warehouse-equipment
ФР-00001024,seo:rechargeable-cells
ФР-00001025,seo:rechargeable-cells
ФР-00001027,seo:primary-cells
ФР-00001032,seo:rechargeable-cells
ФР-00001034,seo:electronic-components
ФР-00001037,seo:primary-cells
ФР-00001038,seo:primary-cells
ФР-00001039,seo:warehouse-equipment
ФР-00001040,seo:primary-cells
ФР-00001044,seo:electronic-components
ФР-00001045,seo:rechargeable-cells
ФР-00001046,seo:rechargeable-cells
ФР-00001047,seo:warehouse-equipment
ФР-00001048,seo:rechargeable-cells
ФР-00001049,seo:warehouse-equipment
ФР-00001050,seo:rechargeable-cells
ФР-00001051,seo:rechargeable-cells
ФР-00001052,seo:rechargeable-cells
ФР-00001053,seo:rechargeable-cells
ФР-00001054,seo:electronic-components
ФР-00001055,seo:electronic-components
ФР-00001056,seo:electronic-components
ФР-00001057,seo:electronic-components
ФР-00001062,seo:electronic-components
ФР-00001063,seo:electronic-components
ФР-00001064,seo:rechargeable-cells
ФР-00001065,seo:rechargeable-cells
ФР-00001066,seo:rechargeable-cells
ФР-00001067,seo:warehouse-equipment
ФР-00001069,seo:electronic-components
ФР-00001070,seo:warehouse-equipment
ФР-00001071,seo:electronic-components
ФР-00001074,seo:rechargeable-cells
ФР-00001076,seo:electronic-components
ФР-00001078,seo:rechargeable-cells
ФР-00001080,seo:primary-cells
ФР-00001081,seo:rechargeable-cells
ФР-00001082,seo:primary-cells
ФР-00001083,seo:rechargeable-cells
ФР-00001086,seo:electronic-components
ФР-00001089,seo:rechargeable-cells
ФР-00001091,seo:electronic-components
ФР-00001092,seo:electronic-components
ФР-00001093,seo:electronic-components
ФР-00001095,seo:electronic-components
ФР-00001096,seo:electronic-components
ФР-00001097,seo:electronic-components
ФР-00001098,seo:electronic-components
ФР-00001099,seo:electronic-components
ФР-00001100,seo:electronic-components
ФР-00001101,seo:electronic-components
ФР-00001102,seo:electronic-components
ФР-00001103,seo:electronic-components
ФР-00001104,seo:electronic-components
ФР-00001105,seo:electronic-components
ФР-00001106,seo:electronic-components
ФР-00001107,seo:electronic-components
ФР-00001108,seo:electronic-components
ФР-00001110,seo:electronic-components
ФР-00001113,seo:electronic-components
ФР-00001114,seo:electronic-components
ФР-00001115,seo:electronic-components
ФР-00001116,seo:electronic-components
ФР-00001117,seo:electronic-components
ФР-00001118,seo:electronic-components
ФР-00001121,seo:electronic-components
ФР-00001122,seo:primary-cells
ФР-00001123,seo:primary-cells
ФР-00001124,seo:warehouse-equipment
ФР-00001128,seo:rechargeable-cells
ФР-00001129,seo:electronic-components
ФР-00001130,seo:electronic-components
ФР-00001131,seo:electronic-components
ФР-00001132,seo:electronic-components
ФР-00001133,seo:electronic-components
ФР-00001136,seo:rechargeable-cells
ФР-00001137,seo:rechargeable-cells
ФР-00001138,seo:warehouse-equipment
ФР-00001139,seo:rechargeable-cells
ФР-00001142,seo:warehouse-equipment
ФР-00001144,seo:rechargeable-cells
ФР-00001146,seo:electronic-components
ФР-00001149,seo:rechargeable-cells
ФР-00001151,seo:warehouse-equipment
ФР-00001152,seo:replacement-mobile
ФР-00001153,seo:rechargeable-cells
ФР-00001154,seo:rechargeable-cells
ФР-00001155,seo:rechargeable-cells
ФР-00001157,seo:primary-cells
ФР-00001158,seo:primary-cells
ФР-00001160,seo:electronic-components
ФР-00001163,seo:rechargeable-cells
ФР-00001164,seo:electronic-components
ФР-00001165,seo:electronic-components
ФР-00001166,seo:flashlights
ФР-00001167,seo:primary-cells
ФР-00001168,seo:primary-cells
ФР-00001169,seo:warehouse-equipment
ФР-00001172,seo:replacement-tools
ФР-00001173,seo:replacement-tools
ФР-00001174,seo:replacement-tools
ФР-00001175,seo:rechargeable-cells
ФР-00001176,seo:rechargeable-cells
ФР-00001177,seo:replacement-tools
ФР-00001180,seo:flashlights
ФР-00001181,seo:electronic-components
ФР-00001182,seo:electronic-components
ФР-00001183,seo:electronic-components
ФР-00001184,seo:electronic-components
ФР-00001187,seo:warehouse-equipment
ФР-00001188,seo:rechargeable-cells
ФР-00001189,seo:electronic-components
ФР-00001191,seo:rechargeable-cells
ФР-00001192,seo:electronic-components
ФР-00001194,seo:warehouse-equipment
ФР-00001195,seo:rechargeable-cells
ФР-00001196,seo:rechargeable-cells
ФР-00001197,seo:replacement-mobile
ФР-00001198,seo:warehouse-equipment
ФР-00001199,seo:replacement-mobile
ФР-00001200,seo:rechargeable-cells
ФР-00001201,seo:rechargeable-cells
ФР-00001203,seo:electronic-components
ФР-00001207,seo:flashlights
ФР-00001208,seo:flashlights
ФР-00001209,seo:flashlights
ФР-00001210,seo:electronic-components
ФР-00001211,seo:rechargeable-cells
ФР-00001215,seo:rechargeable-cells
ФР-00001216,seo:rechargeable-cells
ФР-00001217,seo:rechargeable-cells
ФР-00001220,seo:flashlights
ФР-00001221,seo:primary-cells
ФР-00001224,seo:electronic-components
ФР-00001225,seo:electronic-components
ФР-00001227,seo:primary-cells
ФР-00001228,seo:rechargeable-cells
ФР-00001229,seo:warehouse-equipment
ФР-00001230,seo:primary-cells
ФР-00001231,seo:warehouse-equipment
ФР-00001232,seo:primary-cells
ФР-00001233,seo:primary-cells
ФР-00001234,seo:primary-cells
ФР-00001235,seo:primary-cells
ФР-00001236,seo:primary-cells
ФР-00001237,seo:primary-cells
ФР-00001238,seo:primary-cells
ФР-00001239,seo:warehouse-equipment
ФР-00001240,seo:warehouse-equipment
ФР-00001241,seo:warehouse-equipment
ФР-00001242,seo:warehouse-equipment
ФР-00001243,seo:rechargeable-cells
ФР-00001244,seo:replacement-tools
ФР-00001245,seo:rechargeable-cells
ФР-00001246,seo:warehouse-equipment
ФР-00001247,seo:rechargeable-cells
ФР-00001249,seo:warehouse-equipment
ФР-00001250,seo:electronic-components
ФР-00001251,seo:warehouse-equipment
ФР-00001252,seo:warehouse-equipment
ФР-00001253,seo:rechargeable-cells
ФР-00001254,seo:rechargeable-cells
ФР-00001255,seo:rechargeable-cells
ФР-00001256,seo:rechargeable-cells
ФР-00001257,seo:rechargeable-cells
ФР-00001258,seo:warehouse-equipment
ФР-00001259,seo:warehouse-equipment
ФР-00001260,seo:rechargeable-cells
ФР-00001261,seo:electronic-components
ФР-00001263,seo:rechargeable-cells
ФР-00001264,seo:rechargeable-cells
ФР-00001265,seo:electronic-components
ФР-00001266,seo:electronic-components
ФР-00001267,seo:electronic-components
ФР-00001269,seo:power-systems
ФР-00001270,seo:power-systems
ФР-00001271,seo:electronic-components
ФР-00001272,seo:electronic-components
ФР-00001273,seo:primary-cells
ФР-00001274,seo:primary-cells
ФР-00001275,seo:rechargeable-cells
ФР-00001276,seo:rechargeable-cells
ФР-00001279,seo:rechargeable-cells
ФР-00001280,seo:rechargeable-cells
ФР-00001282,seo:rechargeable-cells
ФР-00001283,seo:rechargeable-cells
ФР-00001284,seo:rechargeable-cells
ФР-00001285,seo:rechargeable-cells
ФР-00001286,seo:primary-cells
ФР-00001287,seo:warehouse-equipment
ФР-00001288,seo:rechargeable-cells
ФР-00001289,seo:warehouse-equipment
ФР-00001291,seo:warehouse-equipment
ФР-00001292,seo:warehouse-equipment
ФР-00001294,seo:electronic-components
ФР-00001295,seo:electronic-components
ФР-00001296,seo:electronic-components
ФР-00001297,seo:electronic-components
ФР-00001298,seo:electronic-components
ФР-00001299,seo:electronic-components
ФР-00001300,seo:rechargeable-cells
ФР-00001301,seo:electronic-components
ФР-00001302,seo:rechargeable-cells
ФР-00001303,seo:rechargeable-cells
ФР-00001304,seo:electronic-components
ФР-00001305,seo:electronic-components
ФР-00001306,seo:electronic-components
ФР-00001307,seo:rechargeable-cells
ФР-00001308,seo:rechargeable-cells
ФР-00001309,seo:rechargeable-cells
ФР-00001310,seo:warehouse-equipment
ФР-00001311,seo:primary-cells
ФР-00001312,seo:primary-cells
ФР-00001313,seo:primary-cells
ФР-00001314,seo:warehouse-equipment
ФР-00001315,seo:batteries-industrial
ФР-00001318,seo:electronic-components
ФР-00001319,seo:warehouse-equipment
ФР-00001321,seo:electronic-components
ФР-00001324,seo:replacement-tools
ФР-00001325,seo:rechargeable-cells
ФР-00001326,seo:rechargeable-cells
ФР-00001327,seo:rechargeable-cells
ФР-00001333,seo:electronic-components
ФР-00001336,seo:rechargeable-cells
ФР-00001337,seo:rechargeable-cells
ФР-00001340,seo:batteries-industrial
ФР-00001341,seo:batteries-industrial
ФР-00001342,seo:batteries-industrial
ФР-00001343,seo:batteries-industrial
ФР-00001348,seo:electronic-components
ФР-00001350,seo:rechargeable-cells
ФР-00001351,seo:rechargeable-cells
ФР-00001352,seo:rechargeable-cells
ФР-00001353,seo:chargers
ФР-00001354,seo:chargers
ФР-00001355,seo:chargers
ФР-00001356,seo:chargers
ФР-00001357,seo:rechargeable-cells
ФР-00001358,seo:rechargeable-cells
ФР-00001361,seo:rechargeable-cells
ФР-00001362,seo:primary-cells
ФР-00001363,seo:primary-cells
ФР-00001364,seo:primary-cells
ФР-00001365,seo:rechargeable-cells
ФР-00001366,seo:primary-cells
ФР-00001367,seo:warehouse-equipment
ФР-00001368,seo:rechargeable-cells
ФР-00001369,seo:rechargeable-cells
ФР-00001370,seo:electronic-components
ФР-00001371,seo:electronic-components
ФР-00001372,seo:electronic-components
ФР-00001373,seo:rechargeable-cells
ФР-00001374,seo:chargers
ФР-00001375,seo:primary-cells
ФР-00001377,seo:electronic-components
ФР-00001381,seo:rechargeable-cells
ФР-00001382,seo:chargers
ФР-00001383,seo:rechargeable-cells
ФР-00001387,seo:rechargeable-cells
ФР-00001388,seo:rechargeable-cells
ФР-00001389,seo:rechargeable-cells
ФР-00001391,seo:electronic-components
ФР-00001392,seo:electronic-components
ФР-00001393,seo:flashlights
ФР-00001394,seo:rechargeable-cells
ФР-00001395,seo:rechargeable-cells
ФР-00001396,seo:electronic-components
ФР-00001398,seo:electronic-components
ФР-00001399,seo:primary-cells
ФР-00001400,seo:rechargeable-cells
ФР-00001401,seo:warehouse-equipment
ФР-00001402,seo:rechargeable-cells
ФР-00001403,seo:rechargeable-cells
ФР-00001407,seo:primary-cells
ФР-00001408,seo:warehouse-equipment
ФР-00001409,seo:warehouse-equipment
ФР-00001410,seo:electronic-components
ФР-00001411,seo:rechargeable-cells
ФР-00001412,seo:electronic-components
ФР-00001413,seo:rechargeable-cells
ФР-00001415,seo:electronic-components
ФР-00001416,seo:electronic-components
ФР-00001417,seo:electronic-components
ФР-00001418,seo:electronic-components
ФР-00001421,seo:electronic-components
ФР-00001422,seo:rechargeable-cells
ФР-00001423,seo:primary-cells
ФР-00001424,seo:rechargeable-cells
ФР-00001425,seo:rechargeable-cells
ФР-00001428,seo:chargers
ФР-00001429,seo:primary-cells
ФР-00001430,seo:chargers
ФР-00001431,seo:primary-cells
ФР-00001432,seo:primary-cells
ФР-00001433,seo:primary-cells
ФР-00001434,seo:primary-cells
ФР-00001435,seo:primary-cells
ФР-00001436,seo:primary-cells
ФР-00001438,seo:rechargeable-cells
ФР-00001439,seo:rechargeable-cells
ФР-00001444,seo:electronic-components
ФР-00001445,seo:rechargeable-cells
ФР-00001447,seo:electronic-components
ФР-00001448,seo:electronic-components
ФР-00001449,seo:electronic-components
ФР-00001450,seo:electronic-components
ФР-00001451,seo:electronic-components
ФР-00001452,seo:electronic-components
ФР-00001455,seo:electronic-components
ФР-00001456,seo:electronic-components
ФР-00001459,seo:electronic-components
ФР-00001460,seo:electronic-components
ФР-00001462,seo:electronic-components
ФР-00001463,seo:electronic-components
ФР-00001465,seo:electronic-components
ФР-00001466,seo:electronic-components
ФР-00001467,seo:electronic-components
ФР-00001468,seo:warehouse-equipment
ФР-00001469,seo:electronic-components
ФР-00001470,seo:electronic-components
ФР-00001471,seo:batteries-industrial
ФР-00001472,seo:electronic-components
ФР-00001473,seo:electronic-components
ФР-00001474,seo:rechargeable-cells
ФР-00001475,seo:rechargeable-cells
ФР-00001476,seo:electronic-components
ФР-00001477,seo:rechargeable-cells
ФР-00001478,seo:primary-cells
ФР-00001479,seo:electronic-components
ФР-00001481,seo:rechargeable-cells
ФР-00001482,seo:electronic-components
ФР-00001483,seo:rechargeable-cells
ФР-00001489,seo:rechargeable-cells
ФР-00001490,seo:rechargeable-cells
ФР-00001491,seo:warehouse-equipment
ФР-00001492,seo:primary-cells
ФР-00001493,seo:electronic-components
ФР-00001494,seo:electronic-components
ФР-00001495,seo:electronic-components
ФР-00001496,seo:primary-cells
ФР-00001498,seo:rechargeable-cells
ФР-00001499,seo:rechargeable-cells
ФР-00001500,seo:rechargeable-cells
ФР-00001501,seo:electronic-components
ФР-00001502,seo:primary-cells
ФР-00001504,seo:rechargeable-cells
ФР-00001506,seo:rechargeable-cells
ФР-00001508,seo:rechargeable-cells
ФР-00001509,seo:electronic-components
ФР-00001511,seo:electronic-components
ФР-00001513,seo:rechargeable-cells
ФР-00001514,seo:rechargeable-cells
ФР-00001516,seo:rechargeable-cells
ФР-00001517,seo:rechargeable-cells
ФР-00001518,seo:warehouse-equipment
ФР-00001519,seo:power-systems
ФР-00001522,seo:warehouse-equipment
ФР-00001523,seo:power-systems
ФР-00001525,seo:rechargeable-cells
ФР-00001526,seo:rechargeable-cells
ФР-00001527,seo:primary-cells
ФР-00001528,seo:primary-cells
ФР-00001529,seo:electronic-components
ФР-00001530,seo:electronic-components
ФР-00001531,seo:electronic-components
ФР-00001532,seo:electronic-components
ФР-00001533,seo:electronic-components
ФР-00001534,seo:electronic-components
ФР-00001535,seo:electronic-components
ФР-00001536,seo:electronic-components
ФР-00001537,seo:electronic-components
ФР-00001538,seo:electronic-components
ФР-00001539,seo:electronic-components
ФР-00001540,seo:electronic-components
ФР-00001541,seo:electronic-components
ФР-00001542,seo:electronic-components
ФР-00001543,seo:electronic-components
ФР-00001545,seo:electronic-components
ФР-00001546,seo:electronic-components
ФР-00001547,seo:electronic-components
ФР-00001548,seo:electronic-components
ФР-00001549,seo:electronic-components
ФР-00001550,seo:electronic-components
ФР-00001551,seo:electronic-components
ФР-00001552,seo:electronic-components
ФР-00001553,seo:electronic-components
ФР-00001554,seo:electronic-components
ФР-00001555,seo:electronic-components
ФР-00001556,seo:electronic-components
ФР-00001557,seo:electronic-components
ФР-00001558,seo:electronic-components
ФР-00001559,seo:electronic-components
ФР-00001560,seo:electronic-components
ФР-00001561,seo:electronic-components
ФР-00001562,seo:electronic-components
ФР-00001563,seo:electronic-components
ФР-00001564,seo:electronic-components
ФР-00001565,seo:electronic-components
ФР-00001566,seo:electronic-components
ФР-00001567,seo:electronic-components
ФР-00001568,seo:electronic-components
ФР-00001569,seo:electronic-components
ФР-00001570,seo:electronic-components
ФР-00001571,seo:electronic-components
ФР-00001574,seo:electronic-components
ФР-00001575,seo:rechargeable-cells
ФР-00001576,seo:electronic-components
ФР-00001577,seo:electronic-components
ФР-00001578,seo:electronic-components
ФР-00001579,seo:rechargeable-cells
ФР-00001580,seo:warehouse-equipment
ФР-00001581,seo:rechargeable-cells
ФР-00001582,seo:rechargeable-cells
ФР-00001583,seo:rechargeable-cells
ФР-00001584,seo:primary-cells
ФР-00001585,seo:primary-cells
ФР-00001586,seo:primary-cells
ФР-00001587,seo:rechargeable-cells
ФР-00001588,seo:rechargeable-cells
ФР-00001589,seo:rechargeable-cells
ФР-00001590,seo:warehouse-equipment
ФР-00001591,seo:rechargeable-cells
ФР-00001592,seo:primary-cells
ФР-00001593,seo:primary-cells
ФР-00001594,seo:primary-cells
ФР-00001595,seo:primary-cells
ФР-00001596,seo:primary-cells
ФР-00001597,seo:primary-cells
ФР-00001598,seo:primary-cells
ФР-00001599,seo:primary-cells
ФР-00001600,seo:primary-cells
ФР-00001603,seo:rechargeable-cells
ФР-00001604,seo:warehouse-equipment
ФР-00001605,seo:electronic-components
ФР-00001608,seo:electronic-components
ФР-00001610,seo:electronic-components
ФР-00001611,seo:replacement-mobile
ФР-00001612,seo:rechargeable-cells
ФР-00001613,seo:replacement-mobile
ФР-00001614,seo:rechargeable-cells
ФР-00001615,seo:rechargeable-cells
ФР-00001616,seo:primary-cells
ФР-00001617,seo:primary-cells
ФР-00001618,seo:rechargeable-cells
ФР-00001620,seo:primary-cells
ФР-00001622,seo:warehouse-equipment
ФР-00001623,seo:warehouse-equipment
ФР-00001624,seo:primary-cells
ФР-00001625,seo:primary-cells
ФР-00001626,seo:warehouse-equipment
ФР-00001627,seo:warehouse-equipment
ФР-00001628,seo:rechargeable-cells
ФР-00001629,seo:rechargeable-cells
ФР-00001630,seo:primary-cells
ФР-00001631,seo:electronic-components
ФР-00001632,seo:replacement-mobile
ФР-00001633,seo:electronic-components
ФР-00001634,seo:warehouse-equipment
ФР-00001635,seo:rechargeable-cells
ФР-00001637,seo:rechargeable-cells
ФР-00001638,seo:electronic-components
ФР-00001639,seo:electronic-components
ФР-00001642,seo:rechargeable-cells
ФР-00001643,seo:rechargeable-cells
ФР-00001644,seo:rechargeable-cells
ФР-00001645,seo:rechargeable-cells
ФР-00001646,seo:electronic-components
ФР-00001649,seo:primary-cells
ФР-00001650,seo:primary-cells
ФР-00001651,seo:electronic-components
ФР-00001652,seo:electronic-components
ФР-00001653,seo:electronic-components
ФР-00001654,seo:electronic-components
ФР-00001655,seo:electronic-components
ФР-00001660,seo:rechargeable-cells
ФР-00001661,seo:replacement-tools
ФР-00001662,seo:rechargeable-cells
ФР-00001664,seo:electronic-components
ФР-00001665,seo:warehouse-equipment
ФР-00001670,seo:electronic-components
ФР-00001671,seo:electronic-components
ФР-00001672,seo:electronic-components
ФР-00001673,seo:electronic-components
ФР-00001674,seo:electronic-components
ФР-00001675,seo:electronic-components
ФР-00001676,seo:electronic-components
ФР-00001677,seo:electronic-components
ФР-00001678,seo:primary-cells
ФР-00001679,seo:rechargeable-cells
ФР-00001680,seo:replacement-tools
ФР-00001681,seo:rechargeable-cells
ФР-00001683,seo:electronic-components
ФР-00001684,seo:electronic-components
ФР-00001685,seo:electronic-components
ФР-00001692,seo:electronic-components
ФР-00001694,seo:electronic-components
ФР-00001695,seo:electronic-components
ФР-00001696,seo:rechargeable-cells
ФР-00001697,seo:rechargeable-cells
ФР-00001699,seo:primary-cells
ФР-00001700,seo:replacement-tools
ФР-00001701,seo:warehouse-equipment
ФР-00001702,seo:rechargeable-cells
ФР-00001703,seo:rechargeable-cells
ФР-00001704,seo:replacement-mobile
ФР-00001705,seo:rechargeable-cells
ФР-00001708,seo:warehouse-equipment
ФР-00001710,seo:electronic-components
ФР-00001711,seo:electronic-components
ФР-00001712,seo:electronic-components
ФР-00001713,seo:electronic-components
ФР-00001714,seo:primary-cells
ФР-00001715,seo:rechargeable-cells
ФР-00001716,seo:rechargeable-cells
ФР-00001717,seo:rechargeable-cells
ФР-00001720,seo:rechargeable-cells
ФР-00001721,seo:replacement-mobile
ФР-00001735,seo:warehouse-equipment
ФР-00001738,seo:electronic-components
ФР-00001739,seo:electronic-components
ФР-00001740,seo:electronic-components
ФР-00001741,seo:electronic-components
ФР-00001742,seo:electronic-components
ФР-00001743,seo:electronic-components
ФР-00001744,seo:warehouse-equipment
ФР-00001747,seo:primary-cells
ФР-00001748,seo:replacement-mobile
ФР-00001749,seo:warehouse-equipment
ФР-00001750,seo:warehouse-equipment
ФР-00001751,seo:electronic-components
ФР-00001752,seo:electronic-components
ФР-00001753,seo:electronic-components
ФР-00001754,seo:electronic-components
ФР-00001755,seo:electronic-components
ФР-00001756,seo:electronic-components
ФР-00001757,seo:electronic-components
ФР-00001758,seo:electronic-components
ФР-00001761,seo:electronic-components
ФР-00001762,seo:primary-cells
ФР-00001763,seo:rechargeable-cells
ФР-00001764,seo:rechargeable-cells
ФР-00001765,seo:replacement-tools
ФР-00001766,seo:replacement-tools
ФР-00001767,seo:replacement-tools
ФР-00001768,seo:replacement-tools
ФР-00001769,seo:rechargeable-cells
ФР-00001770,seo:electronic-components
ФР-00001771,seo:electronic-components
ФР-00001772,seo:primary-cells
ФР-00001773,seo:primary-cells
ФР-00001774,seo:warehouse-equipment
ФР-00001776,seo:electronic-components
ФР-00001777,seo:warehouse-equipment
ФР-00001779,seo:warehouse-equipment
ФР-00001780,seo:warehouse-equipment
ФР-00001781,seo:primary-cells
ФР-00001783,seo:rechargeable-cells
ФР-00001785,seo:rechargeable-cells
ФР-00001786,seo:replacement-mobile
ФР-00001787,seo:primary-cells
ФР-00001788,seo:primary-cells
ФР-00001790,seo:electronic-components
ФР-00001791,seo:electronic-components
ФР-00001792,seo:electronic-components
ФР-00001793,seo:primary-cells
ФР-00001794,seo:primary-cells
ФР-00001795,seo:rechargeable-cells
ФР-00001796,seo:rechargeable-cells
ФР-00001798,seo:rechargeable-cells
ФР-00001803,seo:chargers
ФР-00001804,seo:rechargeable-cells
ФР-00001805,seo:rechargeable-cells
ФР-00001806,seo:rechargeable-cells
ФР-00001807,seo:rechargeable-cells
ФР-00001808,seo:warehouse-equipment
ФР-00001809,seo:primary-cells
ФР-00001811,seo:primary-cells
ФР-00001812,seo:warehouse-equipment
ФР-00001813,seo:chargers
ФР-00001814,seo:warehouse-equipment
ФР-00001815,seo:rechargeable-cells
ФР-00001816,seo:rechargeable-cells
ФР-00001823,seo:rechargeable-cells
ФР-00001824,seo:primary-cells
ФР-00001825,seo:rechargeable-cells
ФР-00001826,seo:rechargeable-cells
ФР-00001827,seo:electronic-components
ФР-00001831,seo:electronic-components
ФР-00001832,seo:electronic-components
ФР-00001834,seo:electronic-components
ФР-00001835,seo:electronic-components
ФР-00001838,seo:rechargeable-cells
ФР-00001839,seo:warehouse-equipment
ФР-00001840,seo:rechargeable-cells
ФР-00001841,seo:rechargeable-cells
ФР-00001842,seo:electronic-components
ФР-00001843,seo:electronic-components
ФР-00001844,seo:electronic-components
ФР-00001845,seo:electronic-components
ФР-00001846,seo:primary-cells
ФР-00001847,seo:primary-cells
ФР-00001848,seo:electronic-components
ФР-00001850,seo:electronic-components
ФР-00001852,seo:warehouse-equipment
ФР-00001853,seo:electronic-components
ФР-00001854,seo:rechargeable-cells
ФР-00001856,seo:rechargeable-cells
ФР-00001857,seo:electronic-components
ФР-00001858,seo:rechargeable-cells
ФР-00001859,seo:warehouse-equipment
ФР-00001860,seo:rechargeable-cells
ФР-00001862,seo:primary-cells
ФР-00001865,seo:warehouse-equipment
ФР-00001866,seo:chargers
ФР-00001867,seo:rechargeable-cells
ФР-00001869,seo:rechargeable-cells
ФР-00001870,seo:rechargeable-cells
ФР-00001871,seo:rechargeable-cells
ФР-00001872,seo:warehouse-equipment
ФР-00001873,seo:rechargeable-cells
ФР-00001874,seo:rechargeable-cells
ФР-00001875,seo:rechargeable-cells
ФР-00001876,seo:warehouse-equipment
ФР-00001881,seo:chargers
ФР-00001886,seo:rechargeable-cells
ФР-00001887,seo:primary-cells
ФР-00001888,seo:rechargeable-cells
ФР-00001889,seo:chargers
ФР-00001890,seo:rechargeable-cells
ФР-00001891,seo:warehouse-equipment
ФР-00001892,seo:primary-cells
ФР-00001893,seo:warehouse-equipment
ФР-00001894,seo:electronic-components
ФР-00001895,seo:electronic-components
ФР-00001896,seo:electronic-components
ФР-00001897,seo:primary-cells
ФР-00001898,seo:primary-cells
ФР-00001899,seo:primary-cells
ФР-00001900,seo:rechargeable-cells
ФР-00001902,seo:replacement-mobile
ФР-00001903,seo:rechargeable-cells
ФР-00001904,seo:primary-cells
ФР-00001905,seo:rechargeable-cells
ФР-00001906,seo:rechargeable-cells
ФР-00001908,seo:power-systems
ФР-00001909,seo:power-systems
ФР-00001910,seo:replacement-mobile
ФР-00001911,seo:rechargeable-cells
ФР-00001912,seo:primary-cells
ФР-00001913,seo:primary-cells
ФР-00001914,seo:rechargeable-cells
ФР-00001916,seo:rechargeable-cells
ФР-00001917,seo:warehouse-equipment
ФР-00001918,seo:rechargeable-cells
ФР-00001919,seo:primary-cells
ФР-00001920,seo:primary-cells
ФР-00001921,seo:rechargeable-cells
ФР-00001923,seo:rechargeable-cells
ФР-00001924,seo:rechargeable-cells
ФР-00001925,seo:primary-cells
ФР-00001926,seo:rechargeable-cells
ФР-00001927,seo:rechargeable-cells
ФР-00001929,seo:replacement-mobile
ФР-00001930,seo:warehouse-equipment
ФР-00001931,seo:rechargeable-cells
ФР-00001932,seo:rechargeable-cells
ФР-00001933,seo:warehouse-equipment
ФР-00001934,seo:rechargeable-cells
ФР-00001935,seo:electronic-components
ФР-00001936,seo:rechargeable-cells
ФР-00001937,seo:warehouse-equipment
ФР-00001938,seo:primary-cells
ФР-00001939,seo:warehouse-equipment
ФР-00001941,seo:rechargeable-cells
ФР-00001942,seo:rechargeable-cells
ФР-00001943,seo:rechargeable-cells
ФР-00001944,seo:rechargeable-cells
ФР-00001945,seo:primary-cells
ФР-00001946,seo:primary-cells
ФР-00001947,seo:primary-cells
ФР-00001948,seo:primary-cells
ФР-00001949,seo:rechargeable-cells
ФР-00001951,seo:primary-cells
ФР-00001953,seo:rechargeable-cells
ФР-00001954,seo:rechargeable-cells
ФР-00001955,seo:primary-cells
ФР-00001956,seo:rechargeable-cells
ФР-00001957,seo:rechargeable-cells
ФР-00001959,seo:replacement-mobile
ФР-00001960,seo:warehouse-equipment
ФР-00001962,seo:rechargeable-cells
ФР-00001963,seo:rechargeable-cells
ФР-00001964,seo:warehouse-equipment
ФР-00001974,seo:rechargeable-cells
ФР-00001975,seo:rechargeable-cells
ФР-00001976,seo:primary-cells
ФР-00001977,seo:primary-cells
ФР-00001978,seo:warehouse-equipment
ФР-00001979,seo:primary-cells
ФР-00001980,seo:replacement-mobile
ФР-00001981,seo:replacement-mobile
ФР-00001982,seo:replacement-mobile
ФР-00001983,seo:replacement-mobile
ФР-00001984,seo:electronic-components
ФР-00001985,seo:electronic-components
ФР-00001987,seo:primary-cells
ФР-00001988,seo:rechargeable-cells
ФР-00001995,seo:warehouse-equipment
ФР-00001997,seo:electronic-components
ФР-00001998,seo:replacement-tools
ФР-00001999,seo:rechargeable-cells
ФР-00002000,seo:warehouse-equipment
ФР-00002001,seo:rechargeable-cells
ФР-00002003,seo:primary-cells
ФР-00002004,seo:chargers
ФР-00002007,seo:rechargeable-cells
ФР-00002008,seo:primary-cells
ФР-00002009,seo:primary-cells
ФР-00002010,seo:primary-cells
ФР-00002011,seo:replacement-mobile
ФР-00002012,seo:rechargeable-cells
ФР-00002013,seo:primary-cells
ФР-00002014,seo:primary-cells
ФР-00002015,seo:primary-cells
ФР-00002016,seo:primary-cells
ФР-00002017,seo:primary-cells
ФР-00002018,seo:rechargeable-cells
ФР-00002020,seo:chargers
ФР-00002021,seo:rechargeable-cells
ФР-00002022,seo:warehouse-equipment
ФР-00002023,seo:primary-cells
ФР-00002024,seo:warehouse-equipment
ФР-00002025,seo:rechargeable-cells
ФР-00002026,seo:rechargeable-cells
ФР-00002028,seo:electronic-components
ФР-00002029,seo:electronic-components
ФР-00002030,seo:electronic-components
ФР-00002031,seo:electronic-components
ФР-00002032,seo:electronic-components
ФР-00002033,seo:electronic-components
ФР-00002034,seo:electronic-components
ФР-00002035,seo:electronic-components
ФР-00002036,seo:electronic-components
ФР-00002037,seo:electronic-components
ФР-00002038,seo:electronic-components
ФР-00002039,seo:electronic-components
ФР-00002040,seo:electronic-components
ФР-00002041,seo:electronic-components
ФР-00002042,seo:electronic-components
ФР-00002043,seo:electronic-components
ФР-00002044,seo:electronic-components
ФР-00002045,seo:electronic-components
ФР-00002046,seo:electronic-components
ФР-00002047,seo:electronic-components
ФР-00002048,seo:electronic-components
ФР-00002049,seo:electronic-components
ФР-00002050,seo:electronic-components
ФР-00002051,seo:electronic-components
ФР-00002052,seo:electronic-components
ФР-00002053,seo:electronic-components
ФР-00002054,seo:electronic-components
ФР-00002055,seo:electronic-components
ФР-00002056,seo:replacement-mobile
ФР-00002058,seo:electronic-components
ФР-00002059,seo:electronic-components
ФР-00002063,seo:electronic-components
ФР-00002064,seo:electronic-components
ФР-00002066,seo:replacement-mobile
ФР-00002070,seo:electronic-components
ФР-00002071,seo:electronic-components
ФР-00002072,seo:electronic-components
ФР-00002073,seo:electronic-components
ФР-00002074,seo:electronic-components
ФР-00002075,seo:electronic-components
ФР-00002076,seo:electronic-components
ФР-00002077,seo:electronic-components
ФР-00002078,seo:electronic-components
ФР-00002079,seo:electronic-components
ФР-00002080,seo:electronic-components
ФР-00002081,seo:electronic-components
ФР-00002082,seo:electronic-components
ФР-00002083,seo:electronic-components
ФР-00002084,seo:electronic-components
ФР-00002085,seo:electronic-components
ФР-00002086,seo:electronic-components
ФР-00002087,seo:electronic-components
ФР-00002088,seo:electronic-components
ФР-00002089,seo:electronic-components
ФР-00002090,seo:electronic-components
ФР-00002091,seo:electronic-components
ФР-00002092,seo:electronic-components
ФР-00002093,seo:electronic-components
ФР-00002094,seo:electronic-components
ФР-00002095,seo:electronic-components
ФР-00002096,seo:electronic-components
ФР-00002097,seo:electronic-components
ФР-00002098,seo:primary-cells
ФР-00002103,seo:electronic-components
ФР-00002104,seo:electronic-components
ФР-00002105,seo:electronic-components
ФР-00002106,seo:rechargeable-cells
ФР-00002109,seo:rechargeable-cells
ФР-00002110,seo:primary-cells
ФР-00002111,seo:rechargeable-cells
ФР-00002112,seo:rechargeable-cells
ФР-00002114,seo:rechargeable-cells
ФР-00002115,seo:electronic-components
ФР-00002116,seo:primary-cells
ФР-00002119,seo:electronic-components
ФР-00002120,seo:electronic-components
ФР-00002122,seo:electronic-components
ФР-00002123,seo:electronic-components
ФР-00002127,seo:electronic-components
ФР-00002131,seo:primary-cells
ФР-00002136,seo:electronic-components
ФР-00002137,seo:electronic-components
ФР-00002138,seo:electronic-components
ФР-00002139,seo:electronic-components
ФР-00002140,seo:electronic-components
ФР-00002141,seo:electronic-components
ФР-00002142,seo:electronic-components
ФР-00002143,seo:electronic-components
ФР-00002144,seo:electronic-components
ФР-00002145,seo:electronic-components
ФР-00002146,seo:electronic-components
ФР-00002147,seo:electronic-components
ФР-00002149,seo:rechargeable-cells
ФР-00002150,seo:primary-cells
ФР-00002168,seo:rechargeable-cells
ФР-00002169,seo:rechargeable-cells
ФР-00002170,seo:rechargeable-cells
ФР-00002171,seo:rechargeable-cells
ФР-00002172,seo:rechargeable-cells
ФР-00002175,seo:replacement-mobile
ФР-00002176,seo:warehouse-equipment
ФР-00002177,seo:rechargeable-cells
ФР-00002178,seo:rechargeable-cells
ФР-00002180,seo:warehouse-equipment
ФР-00002181,seo:replacement-mobile
ФР-00002182,seo:replacement-mobile
ФР-00002183,seo:primary-cells
ФР-00002184,seo:replacement-mobile
ФР-00002185,seo:rechargeable-cells
ФР-00002186,seo:rechargeable-cells
ФР-00002187,seo:rechargeable-cells
ФР-00002188,seo:primary-cells
ФР-00002189,seo:primary-cells
ФР-00002190,seo:primary-cells
ФР-00002191,seo:rechargeable-cells
ФР-00002193,seo:rechargeable-cells
ФР-00002194,seo:replacement-mobile
ФР-00002195,seo:rechargeable-cells
ФР-00002196,seo:rechargeable-cells
ФР-00002197,seo:rechargeable-cells
ФР-00002199,seo:rechargeable-cells
ФР-00002200,seo:batteries-industrial
ФР-00002201,seo:rechargeable-cells
ФР-00002202,seo:rechargeable-cells
ФР-00002203,seo:rechargeable-cells
ФР-00002204,seo:rechargeable-cells
ФР-00002205,seo:rechargeable-cells
ФР-00002206,seo:rechargeable-cells
ФР-00002207,seo:rechargeable-cells
ФР-00002208,seo:rechargeable-cells
ФР-00002209,seo:rechargeable-cells
ФР-00002210,seo:rechargeable-cells
ФР-00002211,seo:rechargeable-cells
ФР-00002212,seo:rechargeable-cells
ФР-00002213,seo:rechargeable-cells
ФР-00002214,seo:rechargeable-cells
ФР-00002215,seo:electronic-components
ФР-00002216,seo:electronic-components
ФР-00002217,seo:electronic-components
ФР-00002218,seo:electronic-components
ФР-00002219,seo:warehouse-equipment
ФР-00002220,seo:primary-cells
ФР-00002221,seo:warehouse-equipment
ФР-00002222,seo:warehouse-equipment
ФР-00002223,seo:warehouse-equipment
ФР-00002224,seo:primary-cells
ФР-00002225,seo:warehouse-equipment
ФР-00002226,seo:rechargeable-cells
ФР-00002228,seo:warehouse-equipment
ФР-00002229,seo:rechargeable-cells
ФР-00002231,seo:rechargeable-cells
ФР-00002232,seo:warehouse-equipment
ФР-00002233,seo:rechargeable-cells
ФР-00002234,seo:rechargeable-cells
ФР-00002235,seo:rechargeable-cells
ФР-00002236,seo:chargers
ФР-00002237,seo:replacement-tools
ФР-00002238,seo:primary-cells
ФР-00002240,seo:warehouse-equipment
ФР-00002242,seo:rechargeable-cells
ФР-00002243,seo:rechargeable-cells
ФР-00002244,seo:rechargeable-cells
ФР-00002245,seo:electronic-components
ФР-00002246,seo:electronic-components
ФР-00002247,seo:electronic-components
ФР-00002248,seo:rechargeable-cells
ФР-00002249,seo:warehouse-equipment
ФР-00002250,seo:rechargeable-cells
ФР-00002251,seo:rechargeable-cells
ФР-00002252,seo:rechargeable-cells
ФР-00002253,seo:electronic-components
ФР-00002254,seo:warehouse-equipment
ФР-00002256,seo:primary-cells
ФР-00002257,seo:replacement-mobile
ФР-00002258,seo:batteries-ups
ФР-00002259,seo:rechargeable-cells
ФР-00002260,seo:rechargeable-cells
ФР-00002261,seo:rechargeable-cells
ФР-00002262,seo:rechargeable-cells
ФР-00002263,seo:rechargeable-cells
ФР-00002264,seo:rechargeable-cells
ФР-00002265,seo:rechargeable-cells
ФР-00002266,seo:rechargeable-cells
ФР-00002267,seo:rechargeable-cells
ФР-00002268,seo:rechargeable-cells
ФР-00002271,seo:rechargeable-cells
ФР-00002272,seo:rechargeable-cells
ФР-00002274,seo:rechargeable-cells
ФР-00002276,seo:rechargeable-cells
ФР-00002277,seo:rechargeable-cells
ФР-00002278,seo:rechargeable-cells
ФР-00002279,seo:rechargeable-cells
ФР-00002281,seo:warehouse-equipment
ФР-00002282,seo:rechargeable-cells
ФР-00002284,seo:rechargeable-cells
ФР-00002286,seo:primary-cells
ФР-00002288,seo:warehouse-equipment
ФР-00002289,seo:electronic-components
ФР-00002290,seo:electronic-components
ФР-00002293,seo:electronic-components
ФР-00002297,seo:rechargeable-cells
ФР-00002304,seo:primary-cells
ФР-00002305,seo:rechargeable-cells
ФР-00002309,seo:rechargeable-cells
ФР-00002310,seo:rechargeable-cells
ФР-00002311,seo:primary-cells
ФР-00002312,seo:warehouse-equipment
ФР-00002315,seo:rechargeable-cells
ФР-00002316,seo:rechargeable-cells
ФР-00002317,seo:primary-cells
ФР-00002319,seo:rechargeable-cells
ФР-00002320,seo:electronic-components
ФР-00002327,seo:rechargeable-cells
ФР-00002328,seo:rechargeable-cells
ФР-00002330,seo:warehouse-equipment
ФР-00002332,seo:replacement-mobile
ФР-00002335,seo:rechargeable-cells
ФР-00002338,seo:warehouse-equipment
ФР-00002339,seo:rechargeable-cells
ФР-00002340,seo:rechargeable-cells
ФР-00002341,seo:rechargeable-cells
ФР-00002343,seo:batteries-ups
ФР-00002344,seo:electronic-components
ФР-00002345,seo:rechargeable-cells
ФР-00002347,seo:primary-cells
ФР-00002349,seo:primary-cells
ФР-00002351,seo:warehouse-equipment
ФР-00002352,seo:rechargeable-cells
ФР-00002360,seo:primary-cells
