Bitrix ID,Название сайта,Бренд,1С-код,1С-Артикул,1С-Наименование,signature,brand_ok,confidence,method,1С-код(было Cursor),сравнение,exclusion_reasons,selection_rule_version
742,"Аккумулятор EnerSys Cyclon X Cell (AGM, 5 Ah, 2V)",,КА-00005195,,"EnerSys Cyclon X Cell (AGM, 5 Ah, 2V)",CELLAGM5AH,yes,0.95,sig+brand,КА-00005195,agree,one_c_code_maps_multiple_bitrix_ids,rb-1c-review-v1
1191,"Аккумулятор Robiton VRLA4-3 (AGM, 3Ah)",,ФР-00000662,A3,"Аккумулятор ROBITON VRLA 4-3(4V 3Ah), страна изг-ль Китай, из России",ROBITONVRLA43,yes,0.6,sig+brand+generic,ФР-00000662,agree,confidence_not_0_95;generic_match_method,rb-1c-review-v1
1398,"Аккумулятор Delta DTM 12008 (AGM, 0.8Ah)",,КА-00001149,О1.2.52.29.,Аккумуляторная батарея Delta DTM12008 05M4421 /Китай/,DELTADTM12008,yes,0.6,sig+brand+generic,КА-00001149,agree,confidence_not_0_95;generic_match_method,rb-1c-review-v1
1403,"Аккумулятор Delta DTM 12012 (AGM, 1.2Ah)",,КА-00002072,П2.1.52.29.,"Аккумуляторная батарея DTM 12012 Delta, WWQI8CH /Вьетнам/",DTM12012,yes,0.6,sig+brand+generic,КА-00002072,agree,confidence_not_0_95;generic_match_method,rb-1c-review-v1
1412,"Аккумулятор MNB MS 1.3-12 F1 (AGM, 1.3Ah)",,ФР-00001351,,"Аккумулятор MHB MS 1.3-12, Китай",MS1312,no,0.85,sig,ФР-00001351,agree,confidence_not_0_95;brand_not_confirmed,rb-1c-review-v1
1416,"Аккумулятор Ventura GP 6-1.3 (AGM, 1.3Ah)",4687,КА-00002376,О2.1.,Аккумулятор Ventura GP 6-4.5 (6V/4.5Ah),VENTURAGP6,no,0.6,sig+generic,,new,confidence_not_0_95;brand_not_confirmed;generic_match_method;one_c_code_maps_multiple_bitrix_ids,rb-1c-review-v1
1420,"Аккумулятор Delta DTM 12100 L (AGM, 100Ah)",,КА-00002549,,"Аккумуляторная батарея Delta DTM 12100 L, страна происхождения товара Вьетнам, страна ввоза Россия",DELTADTM12100L,yes,0.95,sig+brand,КА-00003843,differ,one_c_code_maps_multiple_bitrix_ids,rb-1c-review-v1
1421,"Аккумулятор Delta FTS 12-100X (AGM, 100Ah)",,КА-00006757,,Аккумуляторная батарея Delta FTS 12-100 X /Китай/,FTS12100X,yes,0.95,sig+brand,КА-00005119,differ,one_c_code_maps_multiple_bitrix_ids,rb-1c-review-v1
1422,"Аккумулятор Delta HRL 12-100 (AGM, 100Ah)",,КА-00000423,,Аккумуляторная батарея Delta HRL 12-140 Х /Вьетнам/,DELTAHRL12,yes,0.6,sig+brand+generic,КА-00000259,differ,confidence_not_0_95;generic_match_method;one_c_code_maps_multiple_bitrix_ids,rb-1c-review-v1
1423,"Аккумулятор Delta HRL 12-470W (AGM, 100Ah)",,КА-00000423,,Аккумуляторная батарея Delta HRL 12-140 Х /Вьетнам/,DELTAHRL12,yes,0.6,sig+brand+generic,КА-00000259,differ,confidence_not_0_95;generic_match_method;one_c_code_maps_multiple_bitrix_ids,rb-1c-review-v1
1429,"Аккумулятор Fiamm 12FGL100 (AGM, 100Ah)",4634,КА-00007132,,Аккумулятор свинцово-кислотный Fiamm12FGL100 12V100AH /Китай/,FIAMM12FGL100,no,0.95,sig,КА-00007132,agree,brand_not_confirmed,rb-1c-review-v1
1436,"Аккумулятор Ventura FT 12-100 для ИБП (GEL, 100Ah)",,КА-00002967,,"Аккумулятор Ventura FT 12-100, Китай",VENTURAFT12100,yes,0.6,sig+brand+generic,КА-00002967,agree,confidence_not_0_95;generic_match_method,rb-1c-review-v1
1437,"Аккумулятор Ventura GP 12-100 (AGM, 100Ah)",,КА-00001751,,"Аккумулятор Ventura GP 12-12 (12V12Ah),ВЬЕТНАМ",VENTURAGP12,yes,0.6,sig+brand+generic,КА-00000318,differ,confidence_not_0_95;generic_match_method;one_c_code_maps_multiple_bitrix_ids,rb-1c-review-v1
1440,"Аккумулятор Delta FTS 12-105 (AGM, 105Ah)",,КА-00005743,,Аккумуляторная батарея Delta FTS 12-105 X /Китай/,DELTAFTS12105,yes,0.95,sig+brand,КА-00005743,agree,one_c_code_maps_multiple_bitrix_ids,rb-1c-review-v1
1442,"Аккумулятор Delta CT 1210 (AGM, 10Ah)",,КА-00004144,,Аккумуляторная батарея Delta CT 1210.1,DELTACT1210,yes,0.95,sig+brand,КА-00004144,agree,one_c_code_maps_multiple_bitrix_ids,rb-1c-review-v1
1443,"Аккумулятор Ventura HR 1251W (AGM, 10Ah)",4687,КА-00005708,,"Внешний батарейный блок APC SRT192BP2 (AGM, 10Ah)",AGM10AH,no,0.85,sig,,new,confidence_not_0_95;brand_not_confirmed;one_c_code_maps_multiple_bitrix_ids,rb-1c-review-v1
1446,"Аккумулятор Delta CT 1210.1 (AGM, 10Ah)",,КА-00004144,,Аккумуляторная батарея Delta CT 1210.1,DELTACT12101,yes,0.95,sig+brand,КА-00004144,agree,one_c_code_maps_multiple_bitrix_ids,rb-1c-review-v1
1453,"Аккумулятор Delta CT 1205.1 (AGM, 5Ah)",4622,КА-00005195,,"EnerSys Cyclon X Cell (AGM, 5 Ah, 2V)",AGM5AH,no,0.85,sig,,new,confidence_not_0_95;brand_not_confirmed;one_c_code_maps_multiple_bitrix_ids,rb-1c-review-v1
1454,"Аккумулятор Delta CT 1207.1 (AGM, 7Ah)",,ФР-00000859,,CT 1207 Delta Аккумуляторная батарея,CT1207,yes,0.95,sig+brand,ФР-00000859,agree,one_c_code_maps_multiple_bitrix_ids,rb-1c-review-v1
1455,"Аккумулятор Delta CT 1207.2 (AGM, 7Ah)",,ФР-00000859,,CT 1207 Delta Аккумуляторная батарея,CT1207,yes,0.95,sig+brand,ФР-00000859,agree,one_c_code_maps_multiple_bitrix_ids,rb-1c-review-v1
1459,"Аккумулятор Delta DTM 12120 L (AGM, 120Ah)",,КА-00003648,,"Аккумуляторная батарея DTM 12120 l Delta, DUASI4X /Китай/",DTM12120L,yes,0.6,sig+brand+generic,КА-00000260,differ,confidence_not_0_95;generic_match_method,rb-1c-review-v1
1460,"Аккумулятор Delta HRL 12-560W (AGM, 120Ah)",,КА-00000423,,Аккумуляторная батарея Delta HRL 12-140 Х /Вьетнам/,DELTAHRL12,yes,0.6,sig+brand+generic,КА-00000259,differ,confidence_not_0_95;generic_match_method;one_c_code_maps_multiple_bitrix_ids,rb-1c-review-v1
1466,"Аккумулятор Ventura GPL 12-120 (AGM, 120Ah)",,КА-00003294,,Аккумуляторная батарея Ventura GPL 12-120,VENTURAGPL12120,yes,0.95,sig+brand,КА-00003294,agree,one_c_code_maps_multiple_bitrix_ids,rb-1c-review-v1
1467,"Аккумулятор Ventura GPL 12-120 для ИБП (GEL, 120Ah)",,КА-00003294,,Аккумуляторная батарея Ventura GPL 12-120,VENTURAGPL12120,yes,0.95,sig+brand,КА-00003294,agree,one_c_code_maps_multiple_bitrix_ids,rb-1c-review-v1
1468,"Аккумулятор Delta FTS 12-125 (AGM, 125Ah)",,КА-00005119,,Аккумуляторная батарея DELTA FTS 12-180 (12A/180Аh),DELTAFTS12,yes,0.6,sig+brand+generic,КА-00005119,agree,confidence_not_0_95;generic_match_method;one_c_code_maps_multiple_bitrix_ids,rb-1c-review-v1
1471,"Аккумулятор Ventura FT 12-125 для ИБП (GEL, 125Ah)",,КА-00001864,,"Аккумулятор Ventura  FT12-50 (12V50Ah),Китай",VENTURAFT12,yes,0.6,sig+brand+generic,КА-00001864,agree,confidence_not_0_95;generic_match_method;one_c_code_maps_multiple_bitrix_ids,rb-1c-review-v1
1474,"Аккумулятор Delta CT 1212 (AGM, 12Ah)",4622,КА-00003669,,"Аккумулятор Ventura GP 12-12/AGM, ВЬЕТНАМ",1212AGM,no,0.85,sig,,new,confidence_not_0_95;brand_not_confirmed;one_c_code_maps_multiple_bitrix_ids,rb-1c-review-v1
1477,"Аккумулятор Delta DTM 1212 (AGM, 12Ah)",,КА-00002536,О2.3.52.29.,"Аккумуляторная батарея DTM 1212 Delta, RBNSECZ /Китай/",DTM1212,yes,0.6,sig+brand+generic,КА-00002536,agree,confidence_not_0_95;generic_match_method,rb-1c-review-v1
1479,"Аккумулятор Delta HR 12-12 (AGM, 12Ah)",,КА-00001615,,"Аккумулятор Delta HR 12-12 12V 12Ah произ-во: Вьетнам, ввоз: Россия",DELTAHR1212,yes,0.95,sig+brand,КА-00001615,agree,one_c_code_maps_multiple_bitrix_ids,rb-1c-review-v1
1480,"Аккумулятор Delta HR 12-51W (AGM, 12Ah)",,КА-00001615,,"Аккумулятор Delta HR 12-12 12V 12Ah произ-во: Вьетнам, ввоз: Россия",DELTAHR12,yes,0.6,sig+brand+generic,КА-00000258,differ,confidence_not_0_95;generic_match_method;one_c_code_maps_multiple_bitrix_ids,rb-1c-review-v1
1481,"Аккумулятор Delta HR 6-12 (AGM, 12Ah)",,КА-00001895,,"Аккумуляторная батарея Delta HR 6-12 6В, 12Ач Страна ввоза: РФ.",DELTAHR612,yes,0.95,sig+brand,КА-00001895,agree,one_c_code_maps_multiple_bitrix_ids,rb-1c-review-v1
1482,"Аккумулятор Delta HRL 12-12 (AGM, 12Ah)",,КА-00001251,,Аккумуляторная батарея Delta HRL 12-12 X /Вьетнам/,DELTAHRL1212,yes,0.6,sig+brand+generic,КА-00000259,differ,confidence_not_0_95;generic_match_method;one_c_code_maps_multiple_bitrix_ids,rb-1c-review-v1
1489,"Аккумулятор MNB MS 12-12 F2 (AGM, 12Ah)",,ФР-00002278,,"Аккумулятор MHB MS 12-12, страна происхождения-Китай",MS1212,no,0.85,sig,ФР-00002278,agree,confidence_not_0_95;brand_not_confirmed,rb-1c-review-v1
1493,"Аккумулятор Ventura GP 12-12 (AGM, 12Ah)",,КА-00003669,,"Аккумулятор Ventura GP 12-12/AGM, ВЬЕТНАМ",GP1212AGM,yes,0.95,sig+brand,КА-00001751,differ,one_c_code_maps_multiple_bitrix_ids,rb-1c-review-v1
1496,"Аккумулятор Delta HRL 12-600W (AGM, 134Ah)",,КА-00000423,,Аккумуляторная батарея Delta HRL 12-140 Х /Вьетнам/,DELTAHRL12,yes,0.6,sig+brand+generic,КА-00000259,differ,confidence_not_0_95;generic_match_method;one_c_code_maps_multiple_bitrix_ids,rb-1c-review-v1
1498,"Аккумулятор Delta FTS 12-140 (AGM, 140Ah)",,КА-00005119,,Аккумуляторная батарея DELTA FTS 12-180 (12A/180Аh),DELTAFTS12,yes,0.6,sig+brand+generic,КА-00005119,agree,confidence_not_0_95;generic_match_method;one_c_code_maps_multiple_bitrix_ids,rb-1c-review-v1
1499,"Аккумулятор Delta HRL 12-140 (AGM, 140Ah)",,КА-00000423,,Аккумуляторная батарея Delta HRL 12-140 Х /Вьетнам/,DELTAHRL12140,yes,0.95,sig+brand,КА-00000423,agree,one_c_code_maps_multiple_bitrix_ids,rb-1c-review-v1
1505,"Аккумулятор Delta FTS 12-150 (AGM, 150Ah)",,КА-00007126,,Аккумуляторная батарея Delta FTS 12-150 X,DELTAFTS12150,yes,0.95,sig+brand,КА-00007126,agree,one_c_code_maps_multiple_bitrix_ids,rb-1c-review-v1
1506,"Аккумулятор Delta HRL 12-650W (AGM, 150Ah)",,КА-00004972,,Аккумулятор Ventura HRL 12650W,HRL12650W,yes,0.95,sig+brand,КА-00000259,differ,one_c_code_maps_multiple_bitrix_ids,rb-1c-review-v1
1522,"Аккумулятор Ventura HRL 12650W (AGM, 160Ah)",,КА-00004972,,Аккумулятор Ventura HRL 12650W,VENTURAHRL12650W,yes,0.95,sig+brand,КА-00004972,agree,one_c_code_maps_multiple_bitrix_ids,rb-1c-review-v1
1526,"Аккумулятор B.B. Battery BC 17-12 (AGM, 17Ah)",,КА-00001380,О2.3.52.18.,"Аккумулятор BB battery BC 17-12 B1 (12V/17Ah),КИТАЙ",BATTERYBC1712,yes,0.95,sig+brand,КА-00001380,agree,one_c_code_maps_multiple_bitrix_ids,rb-1c-review-v1
1529,"Аккумулятор MNB MS 17-12 B1 (AGM, 17Ah)",4656,КА-00001380,О2.3.52.18.,"Аккумулятор BB battery BC 17-12 B1 (12V/17Ah),КИТАЙ",1712B1,no,0.6,sig+generic,,new,confidence_not_0_95;brand_not_confirmed;generic_match_method;one_c_code_maps_multiple_bitrix_ids,rb-1c-review-v1
1530,"Аккумулятор Delta FT 12-180 (AGM, 180Ah)",,КА-00001863,,Аккумуляторная батарея Delta FT 12-50 M,DELTAFT12,yes,0.6,sig+brand+generic,КА-00001614,differ,confidence_not_0_95;generic_match_method;one_c_code_maps_multiple_bitrix_ids,rb-1c-review-v1
1531,"Аккумулятор Delta HRL 12-180 (AGM, 180Ah)",,КА-00000423,,Аккумуляторная батарея Delta HRL 12-140 Х /Вьетнам/,DELTAHRL12,yes,0.6,sig+brand+generic,КА-00000259,differ,confidence_not_0_95;generic_match_method;one_c_code_maps_multiple_bitrix_ids,rb-1c-review-v1
1535,"Аккумулятор Ventura FT 12-180 для ИБП (GEL, 180Ah)",,КА-00001864,,"Аккумулятор Ventura  FT12-50 (12V50Ah),Китай",VENTURAFT12,yes,0.6,sig+brand+generic,КА-00001864,agree,confidence_not_0_95;generic_match_method;one_c_code_maps_multiple_bitrix_ids,rb-1c-review-v1
1537,"Аккумулятор Delta CT 1218 (AGM, 18Ah)",4622,КА-00000141,,Аккумуляторная батарея GP 12-18 AGM/CONTACT /Вьетнам/,1218AGM,no,0.85,sig,,new,confidence_not_0_95;brand_not_confirmed;one_c_code_maps_multiple_bitrix_ids,rb-1c-review-v1
1538,"Аккумулятор Delta DT 1218 (AGM, 18Ah)",,КА-00001343,П1.1.52.29.,"Аккумуляторная батарея Delta DT1218 Delta,ACQ21FG /Китай/",DELTADT1218,yes,0.6,sig+brand+generic,ФР-00000042,differ,confidence_not_0_95;generic_match_method,rb-1c-review-v1
1539,"Аккумулятор Delta HR 12-18 (AGM, 18Ah)",,КА-00001615,,"Аккумулятор Delta HR 12-12 12V 12Ah произ-во: Вьетнам, ввоз: Россия",DELTAHR12,yes,0.6,sig+brand+generic,КА-00000341,differ,confidence_not_0_95;generic_match_method;one_c_code_maps_multiple_bitrix_ids,rb-1c-review-v1
1540,"Аккумулятор Delta HRL 12-18 (AGM, 18Ah)",,КА-00002622,Р3.1.52.29.,"Аккумуляторная батарея Delta HRL 12-18 X, T6IU3C8 /Китай/",DELTAHRL1218,yes,0.6,sig+brand+generic,КА-00002622,agree,confidence_not_0_95;generic_match_method,rb-1c-review-v1
1543,"Аккумулятор Minamoto MB12180 (12V, 18Ah)",4655,КА-00001363,О4.1.52.73.,"Аккумуляторная батарея Ventura GPL 12-18 (12V/18Ah), ВЬЕТНАМ",12V18AH,no,0.6,sig+generic,,new,confidence_not_0_95;brand_not_confirmed;generic_match_method,rb-1c-review-v1
1545,"Аккумулятор Ventura GP 12-18 (AGM, 18Ah)",,КА-00003579,,"Аккумулятор Ventura GPL 12-18/AGM, ВЬЕТНАМ",1218AGM,yes,0.95,sig+brand,КА-00000318,differ,one_c_code_maps_multiple_bitrix_ids,rb-1c-review-v1
1547,"Аккумулятор Casil CA 1222 (AGM, 2.2Ah)",4618,КА-00005066,,"Аккумулятор Ventura GPL 12-22/AGM, ВЬЕТНАМ",1222AGM,no,0.85,sig,,new,confidence_not_0_95;brand_not_confirmed,rb-1c-review-v1
1551,"Аккумулятор MNB MS 2.3-12 F1 (AGM, 2.3Ah)",,КА-00003312,О1.3.,"Аккумулятор MHB MS 2.3-12, Китай",MS2312,no,0.85,sig,КА-00003312,agree,confidence_not_0_95;brand_not_confirmed,rb-1c-review-v1
1557,"Аккумулятор Ventura GP 6-2.8 (AGM, 2.8Ah)",4687,КА-00002376,О2.1.,Аккумулятор Ventura GP 6-4.5 (6V/4.5Ah),VENTURAGP6,no,0.6,sig+generic,,new,confidence_not_0_95;brand_not_confirmed;generic_match_method;one_c_code_maps_multiple_bitrix_ids,rb-1c-review-v1
1559,"Аккумулятор Delta DTM 12200 L (AGM, 200Ah)",,КА-00001964,,"Аккумуляторная батарея Delta DTM 12200 L (12V,200A)/ Китай",DELTADTM12200L,yes,0.95,sig+brand,КА-00001964,agree,one_c_code_maps_multiple_bitrix_ids,rb-1c-review-v1
1560,"Аккумулятор Delta HRL 12-890W (AGM, 200Ah)",,КА-00000423,,Аккумуляторная батарея Delta HRL 12-140 Х /Вьетнам/,DELTAHRL12,yes,0.6,sig+brand+generic,КА-00000259,differ,confidence_not_0_95;generic_match_method;one_c_code_maps_multiple_bitrix_ids,rb-1c-review-v1
1568,"Аккумулятор Ventura HR 1290W (AGM, 21Ah)",,КА-00005320,,"Аккумулятор Ventura HR 1290W (AGM, 21Ah)/ Китай",VENTURAHR1290WAGM,yes,0.95,sig+brand,КА-00005320,agree,one_c_code_maps_multiple_bitrix_ids,rb-1c-review-v1
1575,"Аккумулятор Ventura GPL 12-250 (AGM, 250Ah)",,КА-00001362,О4.3.52.73.,"Аккумуляторная батарея Ventura GPL 12-7.2 (12V 7,2Ah) ВЬЕТНАМ",VENTURAGPL12,yes,0.6,sig+brand+generic,КА-00000023,differ,confidence_not_0_95;generic_match_method;one_c_code_maps_multiple_bitrix_ids,rb-1c-review-v1
1577,"Аккумулятор Ventura GP 12-26 (AGM, 26Ah)",,КА-00001751,,"Аккумулятор Ventura GP 12-12 (12V12Ah),ВЬЕТНАМ",VENTURAGP12,yes,0.6,sig+brand+generic,КА-00000318,differ,confidence_not_0_95;generic_match_method;one_c_code_maps_multiple_bitrix_ids,rb-1c-review-v1
1592,"Аккумулятор Ventura GPL 12-33 (AGM, 33Ah)",,КА-00001362,О4.3.52.73.,"Аккумуляторная батарея Ventura GPL 12-7.2 (12V 7,2Ah) ВЬЕТНАМ",VENTURAGPL12,yes,0.6,sig+brand+generic,КА-00000023,differ,confidence_not_0_95;generic_match_method;one_c_code_maps_multiple_bitrix_ids,rb-1c-review-v1
1593,"Аккумулятор B.B. Battery BPS 40-12 (AGM, 40Ah)",,КА-00003244,,"Аккумулятор BPS 40-12 I2 (BB Battery), КИТАЙ",BPS4012,no,0.85,sig,КА-00003244,agree,confidence_not_0_95;brand_not_confirmed,rb-1c-review-v1
1600,"Аккумулятор Casil CA 1245 (AGM, 4.5Ah)",4618,КА-00003890,,"Аккумулятор Ventura GPL 12-45 (AGM, 45Ah), ВЬЕТНАМ",1245AGM45AH,no,0.95,sig,КА-00003890,agree,brand_not_confirmed;one_c_code_maps_multiple_bitrix_ids,rb-1c-review-v1
1601,"Аккумулятор Casil CA 645 (AGM, 4.5Ah)",4618,КА-00003890,,"Аккумулятор Ventura GPL 12-45 (AGM, 45Ah), ВЬЕТНАМ",AGM45AH,no,0.85,sig,КА-00003890,agree,confidence_not_0_95;brand_not_confirmed;one_c_code_maps_multiple_bitrix_ids,rb-1c-review-v1
1602,"Аккумулятор Panasonic LC-R064R5P (AGM, 4.5Ah)",4664,КА-00003890,,"Аккумулятор Ventura GPL 12-45 (AGM, 45Ah), ВЬЕТНАМ",AGM45AH,no,0.85,sig,КА-00003890,agree,confidence_not_0_95;brand_not_confirmed;one_c_code_maps_multiple_bitrix_ids,rb-1c-review-v1
1604,"Аккумулятор Robiton VRLA12-4.5 (AGM, 4.5Ah)",4670,КА-00003890,,"Аккумулятор Ventura GPL 12-45 (AGM, 45Ah), ВЬЕТНАМ",AGM45AH,no,0.85,sig,КА-00003890,agree,confidence_not_0_95;brand_not_confirmed;one_c_code_maps_multiple_bitrix_ids,rb-1c-review-v1
1605,"Аккумулятор Robiton VRLA6-4.5 (AGM, 4.5Ah)",4670,КА-00003890,,"Аккумулятор Ventura GPL 12-45 (AGM, 45Ah), ВЬЕТНАМ",AGM45AH,no,0.85,sig,КА-00003890,agree,confidence_not_0_95;brand_not_confirmed;one_c_code_maps_multiple_bitrix_ids,rb-1c-review-v1
1606,"Аккумулятор Ventura GP 12-4.5 (AGM, 4.5Ah)",,КА-00003890,,"Аккумулятор Ventura GPL 12-45 (AGM, 45Ah), ВЬЕТНАМ",1245AGM,yes,0.95,sig+brand,КА-00000318,differ,one_c_code_maps_multiple_bitrix_ids,rb-1c-review-v1
1607,"Аккумулятор Ventura GP 6-4.5 (AGM, 4.5Ah)",,КА-00002376,О2.1.,Аккумулятор Ventura GP 6-4.5 (6V/4.5Ah),VENTURAGP64,yes,0.95,sig+brand,КА-00002376,agree,one_c_code_maps_multiple_bitrix_ids,rb-1c-review-v1
1609,"Аккумулятор Ventura GP 12-40 (AGM, 40Ah)",,КА-00001751,,"Аккумулятор Ventura GP 12-12 (12V12Ah),ВЬЕТНАМ",VENTURAGP12,yes,0.6,sig+brand+generic,КА-00000318,differ,confidence_not_0_95;generic_match_method;one_c_code_maps_multiple_bitrix_ids,rb-1c-review-v1
1610,"Аккумулятор Ventura GPL 12-40 (AGM, 40Ah)",,КА-00000316,,Аккумуляторная батарея GPL 12-40 AGM/CONTACT/Вьетнам/,GPL1240AGM,yes,0.95,sig+brand,КА-00002989,differ,one_c_code_maps_multiple_bitrix_ids,rb-1c-review-v1
1611,"Аккумулятор Ventura GPL 12-45 (AGM, 45Ah)",,КА-00003890,,"Аккумулятор Ventura GPL 12-45 (AGM, 45Ah), ВЬЕТНАМ",VENTURAGPL1245,yes,0.95,sig+brand,КА-00003890,agree,one_c_code_maps_multiple_bitrix_ids,rb-1c-review-v1
1616,"Аккумулятор Ventura HR 1221W (AGM, 5Ah)",,КА-00005195,,"EnerSys Cyclon X Cell (AGM, 5 Ah, 2V)",AGM5AH,no,0.85,sig,КА-00006957,differ,confidence_not_0_95;brand_not_confirmed;one_c_code_maps_multiple_bitrix_ids,rb-1c-review-v1
1617,"Аккумулятор B.B. Battery HR 5.8-12 (AGM, 5.3Ah)",,КА-00004165,,"Аккумуляторная батарея BB Battery HR 5.8-12, страна ввоза Россия",BATTERYHR58,no,0.95,sig,КА-00004165,agree,brand_not_confirmed,rb-1c-review-v1
1619,"Аккумулятор Ventura FT 12-50 для ИБП (GEL, 50Ah)",,КА-00001864,,"Аккумулятор Ventura  FT12-50 (12V50Ah),Китай",VENTURAFT1250,yes,0.95,sig+brand,КА-00001864,agree,one_c_code_maps_multiple_bitrix_ids,rb-1c-review-v1
1621,"Аккумулятор Ventura HR 1224W (AGM, 6Ah)",,КА-00003347,,Аккумуляторная батарея HR-1224W F2 Slim 12V/6Ah,HR1224W,no,0.6,sig+generic,КА-00003347,agree,confidence_not_0_95;brand_not_confirmed;generic_match_method;one_c_code_maps_multiple_bitrix_ids,rb-1c-review-v1
1622,"Аккумулятор Ventura HRL 12260W (AGM, 60Ah)",,КА-00005338,,Аккумуляторная батарея HRL 12-260W (VENTURA) /Вьетнам/,HRL12260W,yes,0.95,sig+brand,КА-00005338,agree,one_c_code_maps_multiple_bitrix_ids,rb-1c-review-v1
1623,"Аккумулятор Ventura GPL 12-65 (AGM, 65Ah)",,КА-00003736,,"Аккумулятор Ventura GPL 12-65/AGM, ВЬЕТНАМ",GPL1265AGM,yes,0.95,sig+brand,КА-00002990,differ,one_c_code_maps_multiple_bitrix_ids,rb-1c-review-v1
1625,"Аккумулятор B.B. Battery BC 7.2-12 (AGM, 7.2Ah)",4613,КА-00001753,О2.3.52.18.,"Аккумулятор BB battery BC 7-12 F2 (12V/7Ah), КИТАЙ",BATTERYBC7,no,0.95,sig,,new,brand_not_confirmed;one_c_code_maps_multiple_bitrix_ids,rb-1c-review-v1
1629,"Аккумулятор Casil CA 675 (AGM, 7.5Ah)",,ФР-00000471,,"CASIL CA675 6V 7,5Ah Аккумулятор. Пр-во: Китай",CASILCA675,no,0.95,sig,ФР-00000471,agree,brand_not_confirmed,rb-1c-review-v1
1635,"Аккумулятор Ventura HR 1234W (AGM, 8Ah)",4687,КА-00005894,,"Аккумулятор EnerSys Cyclon Monobloc 0859-0010 (AGM, 8Ah, 4V) / США",AGM8AH,no,0.85,sig,,new,confidence_not_0_95;brand_not_confirmed;one_c_code_maps_multiple_bitrix_ids,rb-1c-review-v1
1640,"Аккумулятор B.B. Battery HR 9-12 (AGM, 9Ah)",4613,КА-00003466,,Аккумуляторная батарея Bb battery HR9-6,BATTERYHR9,no,0.95,sig,,new,brand_not_confirmed,rb-1c-review-v1
1643,"Аккумулятор Ventura GP 6-9 (AGM, 9Ah)",4687,КА-00002376,О2.1.,Аккумулятор Ventura GP 6-4.5 (6V/4.5Ah),VENTURAGP6,no,0.6,sig+generic,,new,confidence_not_0_95;brand_not_confirmed;generic_match_method;one_c_code_maps_multiple_bitrix_ids,rb-1c-review-v1
1645,"Аккумулятор B.B. Battery BC 7-12 (AGM, 7Ah)",,КА-00001753,О2.3.52.18.,"Аккумулятор BB battery BC 7-12 F2 (12V/7Ah), КИТАЙ",BATTERYBC712,yes,0.95,sig+brand,КА-00000371,differ,one_c_code_maps_multiple_bitrix_ids,rb-1c-review-v1
1688,Аккумулятор НК- 80 (без электролита) (ЗАИТ),4705,КА-00006874,,Аккумулятор НК-80 (без электролита),АККУМУЛЯТОРНК80БЕЗ,no,0.95,sig,,new,brand_not_confirmed;one_c_code_maps_multiple_bitrix_ids,rb-1c-review-v1
1696,"Аккумулятор Fiamm SMG 1200 для ИБП (GEL, 1200Ah)",4634,ФР-00001476,,Клеммник DG306-5.0- 02P-12-00A(H) с проводами Страна ввоза: Гонконг,1200AH,no,0.85,sig,,new,confidence_not_0_95;brand_not_confirmed,rb-1c-review-v1
1715,"Аккумулятор Fiamm 2SLA2000 (AGM, 2000Ah)",4634,КА-00005467,,Аккумулятор Cameron Sino Ni-MH CS-RBS950BL 7.2V 2000Ah /Китай/,2000AH,no,0.85,sig,,new,confidence_not_0_95;brand_not_confirmed;one_c_code_maps_multiple_bitrix_ids,rb-1c-review-v1
1717,"Аккумулятор Sonnenschein Dryfit A602/2200 для ИБП (GEL, OPzV, 2200Ah)",4678,КА-00005139,,Аккумулятор Ni-Mh NNTN8129 7.4V 2200Ah/Китай,2200AH,no,0.85,sig,,new,confidence_not_0_95;brand_not_confirmed;one_c_code_maps_multiple_bitrix_ids,rb-1c-review-v1
1719,"Аккумулятор Fiamm LM/S 2200 для ИБП (OPzS, 2200Ah)",4634,КА-00005139,,Аккумулятор Ni-Mh NNTN8129 7.4V 2200Ah/Китай,2200AH,no,0.85,sig,,new,confidence_not_0_95;brand_not_confirmed;one_c_code_maps_multiple_bitrix_ids,rb-1c-review-v1
1725,"Аккумулятор Marathon L2V220 (AGM, 220Ah)",,КА-00004115,,Аккумулятор Marathon L2V220/Китай/,MARATHONL2V220,yes,0.95,sig+brand,КА-00004115,agree,one_c_code_maps_multiple_bitrix_ids,rb-1c-review-v1
1726,"Аккумулятор Marathon L 2V220 V0 (AGM, 220Ah)",,КА-00004115,,Аккумулятор Marathon L2V220/Китай/,MARATHONL2V220,yes,0.95,sig+brand,КА-00004115,agree,one_c_code_maps_multiple_bitrix_ids,rb-1c-review-v1
1796,"Аккумулятор CSB HR1221W F2 (AGM, 5Ah)",,КА-00002074,,Аккумулятор CSB HR 1221W F2 (12V/5Ah),CSBHR1221WF2,yes,0.95,sig+brand,КА-00002074,agree,one_c_code_maps_multiple_bitrix_ids,rb-1c-review-v1
2261,"Батарея аккумуляторная 10НКГЦ- 0,9 (НИАИ)",4704,КА-00001365,,"Аккумулятор  10НКГЦ - 0,94",10НКГЦ0,no,0.85,sig,,new,confidence_not_0_95;brand_not_confirmed;one_c_code_maps_multiple_bitrix_ids,rb-1c-review-v1
2264,"Батарея аккумуляторная 10НКГЦ- 1,3-2",4704,КА-00001366,,"Аккумулятор   10НКГЦ - 1,2",10НКГЦ1,no,0.6,sig+generic,,new,confidence_not_0_95;brand_not_confirmed;generic_match_method,rb-1c-review-v1
2273,Батарея аккумуляторная 10НКГЦ- 6-2,4704,КА-00001365,,"Аккумулятор  10НКГЦ - 0,94",10НКГЦ,no,0.6,sig+generic,,new,confidence_not_0_95;brand_not_confirmed;generic_match_method;one_c_code_maps_multiple_bitrix_ids,rb-1c-review-v1
2326,Батарея аккумуляторная 5НК- 80 (без электролита) (ЗАИТ),4705,КА-00006874,,Аккумулятор НК-80 (без электролита),80БЕЗЭЛЕКТРОЛИТА,no,0.95,sig,,new,brand_not_confirmed;one_c_code_maps_multiple_bitrix_ids,rb-1c-review-v1
2360,Батарея аккумуляторная 90KL-375 P (без электролита) (ЗАИТ),4705,КА-00004895,,Аккумулятор 90 KL 375 P,90KL375P,no,0.85,sig,,new,confidence_not_0_95;brand_not_confirmed;one_c_code_maps_multiple_bitrix_ids,rb-1c-review-v1
2361,Батарея аккумуляторная 90KL-375 P (с электролитом) (ЗАИТ),4705,КА-00004895,,Аккумулятор 90 KL 375 P,90KL375P,no,0.85,sig,,new,confidence_not_0_95;brand_not_confirmed;one_c_code_maps_multiple_bitrix_ids,rb-1c-review-v1
2362,Батарея аккумуляторная 90KL-375 PК (без электролита) (ЗАИТ),4705,КА-00004895,,Аккумулятор 90 KL 375 P,90KL375,no,0.85,sig,,new,confidence_not_0_95;brand_not_confirmed;one_c_code_maps_multiple_bitrix_ids,rb-1c-review-v1
2363,Батарея аккумуляторная 90KL-375 PК (с электролитом) (ЗАИТ),4705,КА-00004895,,Аккумулятор 90 KL 375 P,90KL375,no,0.85,sig,,new,confidence_not_0_95;brand_not_confirmed;one_c_code_maps_multiple_bitrix_ids,rb-1c-review-v1
2715,"Аккумулятор Leoch DJW 12-0.8 (AGM, 0.8Ah)",,КА-00002491,П1.2.52.44.,"Аккумулятор LEOCH DJW12-2,9 ( 12V 2,9Ah / 12В 2,9Ач )",LEOCHDJW12,yes,0.95,sig+brand,КА-00002491,agree,one_c_code_maps_multiple_bitrix_ids,rb-1c-review-v1
2716,"Аккумулятор Yuasa NP 0.8-12 (AGM, 0.8Ah)",,ФР-00000381,О1.3.52.38.,"Аккумулятор Genesis NP0.8-12 Blok(12V, 0.8Ah), изг.CN",NP0812,no,0.85,sig,ФР-00000381,agree,confidence_not_0_95;brand_not_confirmed,rb-1c-review-v1
2719,"Аккумулятор Alarm Force FB 1.2-12 (AGM, 1.2Ah)",4609,КА-00003669,,"Аккумулятор Ventura GP 12-12/AGM, ВЬЕТНАМ",1212AGM,no,0.85,sig,,new,confidence_not_0_95;brand_not_confirmed;one_c_code_maps_multiple_bitrix_ids,rb-1c-review-v1
2720,"Аккумулятор General Security GS 1.2-12 (AGM, 1.2Ah)",,КА-00003669,,"Аккумулятор Ventura GP 12-12/AGM, ВЬЕТНАМ",1212AGM,no,0.85,sig,ФР-00001350,differ,confidence_not_0_95;brand_not_confirmed;one_c_code_maps_multiple_bitrix_ids,rb-1c-review-v1
2721,"Аккумулятор General Security GSL 1.2-12 (AGM, 1.2Ah)",4637,КА-00003669,,"Аккумулятор Ventura GP 12-12/AGM, ВЬЕТНАМ",1212AGM,no,0.85,sig,,new,confidence_not_0_95;brand_not_confirmed;one_c_code_maps_multiple_bitrix_ids,rb-1c-review-v1
2722,"Аккумулятор Security Force SF 12012 (AGM, 1.2Ah)",,КА-00005713,,Аккумуляторная батарея SF 12012 Security Force /Китай,SF12012,no,0.85,sig,КА-00005713,agree,confidence_not_0_95;brand_not_confirmed,rb-1c-review-v1
2726,"Аккумулятор Yuasa NP 1.2-12 (AGM, 1.2Ah)",4697,КА-00003669,,"Аккумулятор Ventura GP 12-12/AGM, ВЬЕТНАМ",1212AGM,no,0.85,sig,,new,confidence_not_0_95;brand_not_confirmed;one_c_code_maps_multiple_bitrix_ids,rb-1c-review-v1
2729,"Аккумулятор Leoch DJW 12-1.3 (AGM, 1.3Ah)",,КА-00002491,П1.2.52.44.,"Аккумулятор LEOCH DJW12-2,9 ( 12V 2,9Ah / 12В 2,9Ач )",LEOCHDJW12,yes,0.95,sig+brand,КА-00002491,agree,one_c_code_maps_multiple_bitrix_ids,rb-1c-review-v1
2734,"Аккумулятор CSB TPL121000 (AGM, 100Ah)",,КА-00004693,,Аккумулятор WBR TPL121000 (12V / 100Ah),TPL121000,yes,0.95,sig+brand,КА-00004693,agree,one_c_code_maps_multiple_bitrix_ids,rb-1c-review-v1
2740,"Аккумулятор Security Force SF 12100 (AGM, 100Ah)",,КА-00001342,,"Аккумуляторная батарея SF 12100 Security Force, 2020081003 /Китай/",SF12100,no,0.85,sig,КА-00001342,agree,confidence_not_0_95;brand_not_confirmed,rb-1c-review-v1
2741,"Аккумулятор Sonnenschein A412/100 A для ИБП (GEL, 100Ah)",,КА-00002856,,"Аккумуляторная батарея Sonnenschein  A412/50, ГЕРМАНИЯ",SONNENSCHEINA412,yes,0.6,sig+brand+generic,КА-00002840,differ,confidence_not_0_95;generic_match_method;one_c_code_maps_multiple_bitrix_ids,rb-1c-review-v1
2742,"Аккумулятор Sonnenschein A412/100 F10 для ИБП (GEL, 100Ah)",,КА-00002856,,"Аккумуляторная батарея Sonnenschein  A412/50, ГЕРМАНИЯ",SONNENSCHEINA412,yes,0.6,sig+brand+generic,КА-00002667,differ,confidence_not_0_95;generic_match_method;one_c_code_maps_multiple_bitrix_ids,rb-1c-review-v1
2745,"Аккумулятор WBR TPL 121000 (AGM, 100Ah)",,КА-00004693,,Аккумулятор WBR TPL121000 (12V / 100Ah),WBRTPL121000,yes,0.95,sig+brand,КА-00004693,agree,one_c_code_maps_multiple_bitrix_ids,rb-1c-review-v1
2756,"Аккумулятор Sonnenschein A512/10 S для ИБП (GEL, 10Ah)",,КА-00003789,,"Аккумуляторная батарея Sonnenschein  A512/200А, ГЕРМАНИЯ",SONNENSCHEINA512,yes,0.95,sig+brand,КА-00003789,agree,one_c_code_maps_multiple_bitrix_ids,rb-1c-review-v1
2758,"Аккумулятор Sonnenschein A512/115 A для ИБП (GEL, 115Ah)",,КА-00003789,,"Аккумуляторная батарея Sonnenschein  A512/200А, ГЕРМАНИЯ",SONNENSCHEINA512,yes,0.95,sig+brand,КА-00003789,agree,one_c_code_maps_multiple_bitrix_ids,rb-1c-review-v1
2763,"Аккумулятор Sonnenschein A412/120 A для ИБП (GEL, 120Ah)",,КА-00002856,,"Аккумуляторная батарея Sonnenschein  A412/50, ГЕРМАНИЯ",SONNENSCHEINA412,yes,0.6,sig+brand+generic,КА-00002667,differ,confidence_not_0_95;generic_match_method;one_c_code_maps_multiple_bitrix_ids,rb-1c-review-v1
2766,"Аккумулятор Sonnenschein A412/120FT для ИБП (GEL, 120Ah)",,КА-00002856,,"Аккумуляторная батарея Sonnenschein  A412/50, ГЕРМАНИЯ",SONNENSCHEINA412,yes,0.6,sig+brand+generic,КА-00002667,differ,confidence_not_0_95;generic_match_method;one_c_code_maps_multiple_bitrix_ids,rb-1c-review-v1
2767,"Аккумулятор Sonnenschein A512/120 A для ИБП (GEL, 120Ah)",,КА-00003789,,"Аккумуляторная батарея Sonnenschein  A512/200А, ГЕРМАНИЯ",SONNENSCHEINA512,yes,0.95,sig+brand,КА-00003789,agree,one_c_code_maps_multiple_bitrix_ids,rb-1c-review-v1
2776,"Аккумулятор Alarm Force FB 12-12 (AGM, 12Ah)",4609,КА-00003669,,"Аккумулятор Ventura GP 12-12/AGM, ВЬЕТНАМ",1212AGM,no,0.85,sig,,new,confidence_not_0_95;brand_not_confirmed;one_c_code_maps_multiple_bitrix_ids,rb-1c-review-v1
2777,"Аккумулятор CSB GP12120 F2 (AGM, 12Ah)",,ФР-00001873,,Аккумуляторная батарея CSB GP 12120 F2 12V/12Ah страна происхождения: Вьетнам,CSBGP12120F2,yes,0.95,sig+brand,ФР-00001873,agree,one_c_code_maps_multiple_bitrix_ids,rb-1c-review-v1
2779,"Аккумулятор CSB GPL12120 F2 (AGM, 12Ah)",,КА-00003294,,Аккумуляторная батарея Ventura GPL 12-120,GPL12120,no,0.85,sig,КА-00003294,agree,confidence_not_0_95;brand_not_confirmed;one_c_code_maps_multiple_bitrix_ids,rb-1c-review-v1
2781,"Аккумулятор General Security GSL 12-12 (AGM, 12Ah)",4637,КА-00003669,,"Аккумулятор Ventura GP 12-12/AGM, ВЬЕТНАМ",1212AGM,no,0.85,sig,,new,confidence_not_0_95;brand_not_confirmed;one_c_code_maps_multiple_bitrix_ids,rb-1c-review-v1
2783,"Аккумулятор Leoch DJW 12-12 (AGM, 12Ah)",,КА-00002491,П1.2.52.44.,"Аккумулятор LEOCH DJW12-2,9 ( 12V 2,9Ah / 12В 2,9Ач )",LEOCHDJW12,yes,0.95,sig+brand,КА-00002491,agree,one_c_code_maps_multiple_bitrix_ids,rb-1c-review-v1
2785,"Аккумулятор Optimus OP 1212 (AGM, 12Ah)",4663,КА-00003669,,"Аккумулятор Ventura GP 12-12/AGM, ВЬЕТНАМ",1212AGM,no,0.85,sig,,new,confidence_not_0_95;brand_not_confirmed;one_c_code_maps_multiple_bitrix_ids,rb-1c-review-v1
2786,"Аккумулятор Security Force SF 1212 (AGM, 12Ah)",,КА-00003669,,"Аккумулятор Ventura GP 12-12/AGM, ВЬЕТНАМ",1212AGM,no,0.85,sig,КА-00002600,differ,confidence_not_0_95;brand_not_confirmed;one_c_code_maps_multiple_bitrix_ids,rb-1c-review-v1
2787,"Аккумулятор Sonnenschein A412/12 SR для ИБП (GEL, 12Ah)",,КА-00002856,,"Аккумуляторная батарея Sonnenschein  A412/50, ГЕРМАНИЯ",SONNENSCHEINA412,yes,0.6,sig+brand+generic,КА-00002667,differ,confidence_not_0_95;generic_match_method;one_c_code_maps_multiple_bitrix_ids,rb-1c-review-v1
2788,"Аккумулятор WBR GP 12120 F2 (AGM, 12Ah)",4690,ФР-00001873,,Аккумуляторная батарея CSB GP 12120 F2 12V/12Ah страна происхождения: Вьетнам,GP12120F2,no,0.85,sig,,new,confidence_not_0_95;brand_not_confirmed;one_c_code_maps_multiple_bitrix_ids,rb-1c-review-v1
2792,"Аккумулятор Yuasa NP 12-12 (AGM, 12Ah)",4697,КА-00003669,,"Аккумулятор Ventura GP 12-12/AGM, ВЬЕТНАМ",1212AGM,no,0.85,sig,,new,confidence_not_0_95;brand_not_confirmed;one_c_code_maps_multiple_bitrix_ids,rb-1c-review-v1
2807,"Аккумулятор Sonnenschein A512/140 A для ИБП (GEL, 140Ah)",,КА-00003789,,"Аккумуляторная батарея Sonnenschein  A512/200А, ГЕРМАНИЯ",SONNENSCHEINA512,yes,0.95,sig+brand,КА-00003789,agree,one_c_code_maps_multiple_bitrix_ids,rb-1c-review-v1
2819,"Аккумулятор Восток PRO СК-12150 (AGM, 150Ah)",,КА-00001624,,Аккумуляторная батарея СК 12150 Восток,СК12150,no,0.85,sig,КА-00001624,agree,confidence_not_0_95;brand_not_confirmed,rb-1c-review-v1
2825,"Аккумулятор Sonnenschein A512/16 G5 для ИБП (GEL, 16Ah)",,КА-00003789,,"Аккумуляторная батарея Sonnenschein  A512/200А, ГЕРМАНИЯ",SONNENSCHEINA512,yes,0.95,sig+brand,КА-00003789,agree,one_c_code_maps_multiple_bitrix_ids,rb-1c-review-v1
2826,"Аккумулятор Sonnenschein A412/170FT для ИБП (GEL, 170Ah)",,КА-00002856,,"Аккумуляторная батарея Sonnenschein  A412/50, ГЕРМАНИЯ",SONNENSCHEINA412,yes,0.6,sig+brand+generic,КА-00002667,differ,confidence_not_0_95;generic_match_method;one_c_code_maps_multiple_bitrix_ids,rb-1c-review-v1
2832,"Аккумулятор WBR GP 12170 (AGM, 17Ah)",,КА-00005830,,GP12170 WBR Свинцово-кислотный аккумулятор,GP12170,yes,0.6,sig+brand+generic,КА-00005830,agree,confidence_not_0_95;generic_match_method,rb-1c-review-v1
2835,"Аккумулятор Sonnenschein A412/180 A для ИБП (GEL, 180Ah)",,КА-00002856,,"Аккумуляторная батарея Sonnenschein  A412/50, ГЕРМАНИЯ",SONNENSCHEINA412,yes,0.6,sig+brand+generic,КА-00002667,differ,confidence_not_0_95;generic_match_method;one_c_code_maps_multiple_bitrix_ids,rb-1c-review-v1
2837,"Аккумулятор Sonnenschein A412/180 F10 для ИБП (GEL, 180Ah)",,КА-00002856,,"Аккумуляторная батарея Sonnenschein  A412/50, ГЕРМАНИЯ",SONNENSCHEINA412,yes,0.6,sig+brand+generic,КА-00002667,differ,confidence_not_0_95;generic_match_method;one_c_code_maps_multiple_bitrix_ids,rb-1c-review-v1
2842,"Аккумулятор Sonnenschein A606/200 V0 для ИБП (GEL, 185Ah)",,КА-00002596,,"Аккумуляторная батарея Sonnenschein A606/200 (6V 4 OPzV200), ИСПАНИЯ",SONNENSCHEINA606,yes,0.95,sig+brand,КА-00002596,agree,one_c_code_maps_multiple_bitrix_ids,rb-1c-review-v1
2844,"Аккумулятор Sprinter XP12V5300FT (AGM, 186Ah)",4681,КА-00004466,,Аккумуляторная батарея Sprinter XP 12V5300 FT 12V186AH,XP12V5300FT,no,0.95,sig,,new,brand_not_confirmed,rb-1c-review-v1
2846,"Аккумулятор Marathon XL6V180 (AGM, 187Ah)",,КА-00002209,,Аккумуляторная батарея Marathon XL6V180 клемы F1,MARATHONXL6V180,yes,0.95,sig+brand,КА-00002209,agree,one_c_code_maps_multiple_bitrix_ids,rb-1c-review-v1
2847,"Аккумулятор Marathon XL6V180 V0 (AGM, 187Ah)",,КА-00002209,,Аккумуляторная батарея Marathon XL6V180 клемы F1,MARATHONXL6V180,yes,0.95,sig+brand,КА-00002209,agree,one_c_code_maps_multiple_bitrix_ids,rb-1c-review-v1
2851,"Аккумулятор Leoch DJW 12-18 (AGM, 18Ah)",,КА-00002491,П1.2.52.44.,"Аккумулятор LEOCH DJW12-2,9 ( 12V 2,9Ah / 12В 2,9Ач )",LEOCHDJW12,yes,0.95,sig+brand,КА-00002491,agree,one_c_code_maps_multiple_bitrix_ids,rb-1c-review-v1
2852,"Аккумулятор Optimus OP 1218 (AGM, 18Ah)",4663,КА-00000141,,Аккумуляторная батарея GP 12-18 AGM/CONTACT /Вьетнам/,1218AGM,no,0.85,sig,,new,confidence_not_0_95;brand_not_confirmed;one_c_code_maps_multiple_bitrix_ids,rb-1c-review-v1
2853,"Аккумулятор Security Force SF 1218 (AGM, 18Ah)",,КА-00000141,,Аккумуляторная батарея GP 12-18 AGM/CONTACT /Вьетнам/,1218AGM,no,0.85,sig,КА-00003022,differ,confidence_not_0_95;brand_not_confirmed;one_c_code_maps_multiple_bitrix_ids,rb-1c-review-v1
2857,"Аккумулятор Yuasa NP 2.1-12 (AGM, 2.1Ah)",4697,КА-00005320,,"Аккумулятор Ventura HR 1290W (AGM, 21Ah)/ Китай",AGM21AH,no,0.85,sig,КА-00005320,agree,confidence_not_0_95;brand_not_confirmed;one_c_code_maps_multiple_bitrix_ids,rb-1c-review-v1
2862,"Аккумулятор Leoch DJW 12-2.3 (AGM, 2.3Ah)",,КА-00002491,П1.2.52.44.,"Аккумулятор LEOCH DJW12-2,9 ( 12V 2,9Ah / 12В 2,9Ач )",LEOCHDJW122,yes,0.95,sig+brand,КА-00002491,agree,one_c_code_maps_multiple_bitrix_ids,rb-1c-review-v1
2881,"Аккумулятор Sonnenschein A512/200 A для ИБП (GEL, 200Ah)",,КА-00003789,,"Аккумуляторная батарея Sonnenschein  A512/200А, ГЕРМАНИЯ",SONNENSCHEINA512,yes,0.95,sig+brand,КА-00003789,agree,one_c_code_maps_multiple_bitrix_ids,rb-1c-review-v1
2900,"Аккумулятор Leoch DJW 12-24 (AGM, 24Ah)",,КА-00002491,П1.2.52.44.,"Аккумулятор LEOCH DJW12-2,9 ( 12V 2,9Ah / 12В 2,9Ач )",LEOCHDJW12,yes,0.95,sig+brand,КА-00002491,agree,one_c_code_maps_multiple_bitrix_ids,rb-1c-review-v1
2911,"Аккумулятор Sonnenschein A512/25 G5 для ИБП (GEL, 25Ah)",,КА-00003789,,"Аккумуляторная батарея Sonnenschein  A512/200А, ГЕРМАНИЯ",SONNENSCHEINA512,yes,0.95,sig+brand,КА-00003789,agree,one_c_code_maps_multiple_bitrix_ids,rb-1c-review-v1
2914,"Аккумулятор Delta DT 1226 (AGM, 26Ah)",,ФР-00000295,"DTM1226 12В, 26Ач","Delta DT1226 12В, 26Ач Аккумуляторная батарея. Страна ввоза: РФ",DELTADT1226,no,0.95,sig,КА-00002449,differ,brand_not_confirmed,rb-1c-review-v1
2916,"Аккумулятор Delta HRL 12-155W (AGM, 26Ah)",,КА-00003302,,Аккумуляторная батарея HRL 12-155 W (12V28Ah),HRL12155W,yes,0.95,sig+brand,КА-00000259,differ,one_c_code_maps_multiple_bitrix_ids,rb-1c-review-v1
2920,"Аккумулятор Leoch DJW 12-26 (AGM, 26Ah)",,КА-00002491,П1.2.52.44.,"Аккумулятор LEOCH DJW12-2,9 ( 12V 2,9Ah / 12В 2,9Ач )",LEOCHDJW12,yes,0.95,sig+brand,КА-00002491,agree,one_c_code_maps_multiple_bitrix_ids,rb-1c-review-v1
2921,"Аккумулятор MNB MS 26-12 (AGM, 26Ah)",4656,ФР-00002109,,Аккумулятор MHB MS 26-12,MS2612,no,0.85,sig,,new,confidence_not_0_95;brand_not_confirmed,rb-1c-review-v1
2922,"Аккумулятор Optimus OP 1226 (AGM, 26Ah)",4663,КА-00000317,,"Аккумуляторная батарея GPL 12-26 AGM/CONTACT, ВЬЕТНАМ",1226AGM,no,0.85,sig,,new,confidence_not_0_95;brand_not_confirmed;one_c_code_maps_multiple_bitrix_ids,rb-1c-review-v1
2926,"Аккумулятор WBR GP 12260 (AGM, 26Ah)",,КА-00005816,,GP12260 WBR Свинцово-кислотный аккумулятор,GP12260,yes,0.6,sig+brand+generic,КА-00005816,agree,confidence_not_0_95;generic_match_method,rb-1c-review-v1
2927,"Аккумулятор Восток PRO СК-1226 (AGM, 26Ah)",4702,КА-00000317,,"Аккумуляторная батарея GPL 12-26 AGM/CONTACT, ВЬЕТНАМ",1226AGM,no,0.85,sig,,new,confidence_not_0_95;brand_not_confirmed;one_c_code_maps_multiple_bitrix_ids,rb-1c-review-v1
2929,"Аккумулятор Sonnenschein A606/300 V0 для ИБП (GEL, 300Ah)",,КА-00002596,,"Аккумуляторная батарея Sonnenschein A606/200 (6V 4 OPzV200), ИСПАНИЯ",SONNENSCHEINA606,yes,0.95,sig+brand,КА-00002596,agree,one_c_code_maps_multiple_bitrix_ids,rb-1c-review-v1
2935,"Аккумулятор Delta HRL 12-26 (AGM, 28Ah)",,КА-00001894,,Аккумуляторная батарея Delta HRL 12-26 Х (12V 28Ah),DELTAHRL1226,yes,0.6,sig+brand+generic,КА-00001894,agree,confidence_not_0_95;generic_match_method;one_c_code_maps_multiple_bitrix_ids,rb-1c-review-v1
2936,"Аккумулятор Leoch DJW 12-28 (AGM, 28Ah)",,КА-00002491,П1.2.52.44.,"Аккумулятор LEOCH DJW12-2,9 ( 12V 2,9Ah / 12В 2,9Ач )",LEOCHDJW12,yes,0.95,sig+brand,КА-00002491,agree,one_c_code_maps_multiple_bitrix_ids,rb-1c-review-v1
2937,"Аккумулятор Leoch DJW 12-28H (AGM, 28Ah)",,КА-00002491,П1.2.52.44.,"Аккумулятор LEOCH DJW12-2,9 ( 12V 2,9Ah / 12В 2,9Ач )",LEOCHDJW12,yes,0.95,sig+brand,КА-00002491,agree,one_c_code_maps_multiple_bitrix_ids,rb-1c-review-v1
2940,"Аккумулятор Delta DTM 12032 (AGM, 3.2Ah)",,КА-00001062,П1.1.52.29.,Аккумуляторная батарея  DTM12032 Delta /Вьетнам/,DTM12032,no,0.85,sig,КА-00001062,agree,confidence_not_0_95;brand_not_confirmed,rb-1c-review-v1
2947,"Аккумулятор Leoch DJW 12-3.2 (AGM, 3.2Ah)",,КА-00002491,П1.2.52.44.,"Аккумулятор LEOCH DJW12-2,9 ( 12V 2,9Ah / 12В 2,9Ач )",LEOCHDJW12,yes,0.95,sig+brand,КА-00002491,agree,one_c_code_maps_multiple_bitrix_ids,rb-1c-review-v1
2965,"Аккумулятор Sonnenschein A512/30 G6 для ИБП (GEL, 30Ah)",,КА-00003789,,"Аккумуляторная батарея Sonnenschein  A512/200А, ГЕРМАНИЯ",SONNENSCHEINA512,yes,0.95,sig+brand,КА-00003789,agree,one_c_code_maps_multiple_bitrix_ids,rb-1c-review-v1
2966,"Аккумулятор Sonnenschein A412/32 F10 для ИБП (GEL, 32Ah)",,КА-00002856,,"Аккумуляторная батарея Sonnenschein  A412/50, ГЕРМАНИЯ",SONNENSCHEINA412,yes,0.6,sig+brand+generic,КА-00002667,differ,confidence_not_0_95;generic_match_method;one_c_code_maps_multiple_bitrix_ids,rb-1c-review-v1
2967,"Аккумулятор Sonnenschein A412/32 G6 для ИБП (GEL, 32Ah)",,КА-00002856,,"Аккумуляторная батарея Sonnenschein  A412/50, ГЕРМАНИЯ",SONNENSCHEINA412,yes,0.6,sig+brand+generic,КА-00002667,differ,confidence_not_0_95;generic_match_method;one_c_code_maps_multiple_bitrix_ids,rb-1c-review-v1
2972,"Аккумулятор Delta DTM 1233 L (AGM, 33Ah)",,КА-00002593,,Аккумуляторная батарея Delta DTM 1233 L,DELTADTM1233L,yes,0.95,sig+brand,КА-00002816,differ,one_c_code_maps_multiple_bitrix_ids,rb-1c-review-v1
2973,"Аккумулятор Delta HRL 12-33 (AGM, 33Ah)",,КА-00000423,,Аккумуляторная батарея Delta HRL 12-140 Х /Вьетнам/,DELTAHRL12,yes,0.6,sig+brand+generic,КА-00000259,differ,confidence_not_0_95;generic_match_method;one_c_code_maps_multiple_bitrix_ids,rb-1c-review-v1
2977,"Аккумулятор Leoch DJW 12-33 (AGM, 33Ah)",,КА-00002491,П1.2.52.44.,"Аккумулятор LEOCH DJW12-2,9 ( 12V 2,9Ah / 12В 2,9Ач )",LEOCHDJW12,yes,0.95,sig+brand,КА-00002491,agree,one_c_code_maps_multiple_bitrix_ids,rb-1c-review-v1
2997,"Аккумулятор Yuasa NP 4-6 (AGM, 4Ah)",4697,КА-00003548,,Аккумулятор Yuasa NP4-12 (12V / 4Ah),YUASANP4,no,0.85,sig,,new,confidence_not_0_95;brand_not_confirmed;one_c_code_maps_multiple_bitrix_ids,rb-1c-review-v1
2998,"Аккумулятор Yuasa NP 4-12 (AGM, 4Ah)",,КА-00003548,,Аккумулятор Yuasa NP4-12 (12V / 4Ah),YUASANP412,yes,0.95,sig+brand,КА-00003548,agree,one_c_code_maps_multiple_bitrix_ids,rb-1c-review-v1
2999,"Аккумулятор Alarm Force FB 4.5-12 (AGM, 4.5Ah)",4609,КА-00003890,,"Аккумулятор Ventura GPL 12-45 (AGM, 45Ah), ВЬЕТНАМ",AGM45AH,no,0.85,sig,КА-00003890,agree,confidence_not_0_95;brand_not_confirmed;one_c_code_maps_multiple_bitrix_ids,rb-1c-review-v1
3000,"Аккумулятор CSB GP1245 F2 (AGM, 4.5Ah)",4619,КА-00003890,,"Аккумулятор Ventura GPL 12-45 (AGM, 45Ah), ВЬЕТНАМ",AGM45AH,no,0.85,sig,КА-00003890,agree,confidence_not_0_95;brand_not_confirmed;one_c_code_maps_multiple_bitrix_ids,rb-1c-review-v1
3002,"Аккумулятор CSB GP645 F2 (AGM, 4.5Ah)",4619,КА-00003890,,"Аккумулятор Ventura GPL 12-45 (AGM, 45Ah), ВЬЕТНАМ",AGM45AH,no,0.85,sig,,new,confidence_not_0_95;brand_not_confirmed;one_c_code_maps_multiple_bitrix_ids,rb-1c-review-v1
3004,"Аккумулятор Delta DT 4045 (AGM, 4.5Ah)",,ФР-00001468,О1.2.52.29.,"Аккумуляторная батарея Delta DT 4045 (4V4,5Ah) Страна ввоза: РФ, Страна изготовитель: Китай.",DELTADT4045,yes,0.95,sig+brand,КА-00001502,differ,one_c_code_maps_multiple_bitrix_ids,rb-1c-review-v1
3006,"Аккумулятор Delta DTM 12045 (AGM, 4.5Ah)",,КА-00003890,,"Аккумулятор Ventura GPL 12-45 (AGM, 45Ah), ВЬЕТНАМ",AGM45AH,no,0.85,sig,КА-00002148,differ,confidence_not_0_95;brand_not_confirmed;one_c_code_maps_multiple_bitrix_ids,rb-1c-review-v1
3007,"Аккумулятор Delta DTM 6045 (AGM, 4.5Ah)",4622,КА-00003890,,"Аккумулятор Ventura GPL 12-45 (AGM, 45Ah), ВЬЕТНАМ",AGM45AH,no,0.85,sig,,new,confidence_not_0_95;brand_not_confirmed;one_c_code_maps_multiple_bitrix_ids,rb-1c-review-v1
3008,"Аккумулятор Delta HR 12-4.5 (AGM, 4.5Ah)",,КА-00001615,,"Аккумулятор Delta HR 12-12 12V 12Ah произ-во: Вьетнам, ввоз: Россия",DELTAHR12,yes,0.6,sig+brand+generic,КА-00000258,differ,confidence_not_0_95;generic_match_method;one_c_code_maps_multiple_bitrix_ids,rb-1c-review-v1
3009,"Аккумулятор Delta HR 6-4.5 (AGM, 4.5Ah)",4622,КА-00001895,,"Аккумуляторная батарея Delta HR 6-12 6В, 12Ач Страна ввоза: РФ.",DELTAHR6,no,0.85,sig,КА-00003890,differ,confidence_not_0_95;brand_not_confirmed;one_c_code_maps_multiple_bitrix_ids,rb-1c-review-v1
3011,"Аккумулятор Fiamm FG20451 (AGM, 4.5Ah)",4634,КА-00003890,,"Аккумулятор Ventura GPL 12-45 (AGM, 45Ah), ВЬЕТНАМ",AGM45AH,no,0.85,sig,КА-00003890,agree,confidence_not_0_95;brand_not_confirmed;one_c_code_maps_multiple_bitrix_ids,rb-1c-review-v1
3012,"Аккумулятор General Security GS 4.5-12 (AGM, 4.5Ah)",4637,КА-00003890,,"Аккумулятор Ventura GPL 12-45 (AGM, 45Ah), ВЬЕТНАМ",AGM45AH,no,0.85,sig,КА-00003890,agree,confidence_not_0_95;brand_not_confirmed;one_c_code_maps_multiple_bitrix_ids,rb-1c-review-v1
3013,"Аккумулятор General Security GS 4.5-6 (AGM, 4.5Ah)",4637,КА-00003890,,"Аккумулятор Ventura GPL 12-45 (AGM, 45Ah), ВЬЕТНАМ",AGM45AH,no,0.85,sig,КА-00003890,agree,confidence_not_0_95;brand_not_confirmed;one_c_code_maps_multiple_bitrix_ids,rb-1c-review-v1
3014,"Аккумулятор General Security GSL 4.5-12 (AGM, 4.5Ah)",4637,КА-00003890,,"Аккумулятор Ventura GPL 12-45 (AGM, 45Ah), ВЬЕТНАМ",AGM45AH,no,0.85,sig,,new,confidence_not_0_95;brand_not_confirmed;one_c_code_maps_multiple_bitrix_ids,rb-1c-review-v1
3015,"Аккумулятор General Security GSL 4.5-6 (AGM, 4.5Ah)",,КА-00003890,,"Аккумулятор Ventura GPL 12-45 (AGM, 45Ah), ВЬЕТНАМ",AGM45AH,no,0.85,sig,ФР-00001735,differ,confidence_not_0_95;brand_not_confirmed;one_c_code_maps_multiple_bitrix_ids,rb-1c-review-v1
3016,"Аккумулятор Leoch DJW 12-4.5 (AGM, 4.5Ah)",,КА-00002491,П1.2.52.44.,"Аккумулятор LEOCH DJW12-2,9 ( 12V 2,9Ah / 12В 2,9Ач )",LEOCHDJW12,yes,0.95,sig+brand,КА-00002491,agree,one_c_code_maps_multiple_bitrix_ids,rb-1c-review-v1
3017,"Аккумулятор Leoch DJW 6-4.5 (AGM, 4.5Ah)",4649,КА-00003890,,"Аккумулятор Ventura GPL 12-45 (AGM, 45Ah), ВЬЕТНАМ",AGM45AH,no,0.85,sig,КА-00003890,agree,confidence_not_0_95;brand_not_confirmed;one_c_code_maps_multiple_bitrix_ids,rb-1c-review-v1
3018,"Аккумулятор MNB MS 4.5-12 F1 (AGM, 4.5Ah)",4656,КА-00003890,,"Аккумулятор Ventura GPL 12-45 (AGM, 45Ah), ВЬЕТНАМ",AGM45AH,no,0.85,sig,КА-00003890,agree,confidence_not_0_95;brand_not_confirmed;one_c_code_maps_multiple_bitrix_ids,rb-1c-review-v1
3019,"Аккумулятор MNB MS 4.5-6 F1 (AGM, 4.5Ah)",4656,КА-00003890,,"Аккумулятор Ventura GPL 12-45 (AGM, 45Ah), ВЬЕТНАМ",AGM45AH,no,0.85,sig,КА-00003890,agree,confidence_not_0_95;brand_not_confirmed;one_c_code_maps_multiple_bitrix_ids,rb-1c-review-v1
3020,"Аккумулятор Optimus OP 12045 (AGM, 4.5Ah)",4663,КА-00003890,,"Аккумулятор Ventura GPL 12-45 (AGM, 45Ah), ВЬЕТНАМ",AGM45AH,no,0.85,sig,,new,confidence_not_0_95;brand_not_confirmed;one_c_code_maps_multiple_bitrix_ids,rb-1c-review-v1
3021,"Аккумулятор Panasonic LC-R124R5PD (AGM, 4.5Ah)",4664,КА-00003890,,"Аккумулятор Ventura GPL 12-45 (AGM, 45Ah), ВЬЕТНАМ",AGM45AH,no,0.85,sig,КА-00003890,agree,confidence_not_0_95;brand_not_confirmed;one_c_code_maps_multiple_bitrix_ids,rb-1c-review-v1
3022,"Аккумулятор Security Force SF 12045 (AGM, 4.5Ah)",,КА-00003890,,"Аккумулятор Ventura GPL 12-45 (AGM, 45Ah), ВЬЕТНАМ",AGM45AH,no,0.85,sig,КА-00003688,differ,confidence_not_0_95;brand_not_confirmed;one_c_code_maps_multiple_bitrix_ids,rb-1c-review-v1
3023,"Аккумулятор Security Force SF 6045 (AGM, 4.5Ah)",,КА-00003890,,"Аккумулятор Ventura GPL 12-45 (AGM, 45Ah), ВЬЕТНАМ",AGM45AH,no,0.85,sig,КА-00000326,differ,confidence_not_0_95;brand_not_confirmed;one_c_code_maps_multiple_bitrix_ids,rb-1c-review-v1
3024,"Аккумулятор WBR GP 1245 (AGM, 4.5Ah)",4690,КА-00003890,,"Аккумулятор Ventura GPL 12-45 (AGM, 45Ah), ВЬЕТНАМ",1245AGM45AH,no,0.95,sig,КА-00003890,agree,brand_not_confirmed;one_c_code_maps_multiple_bitrix_ids,rb-1c-review-v1
3025,"Аккумулятор WBR GP 645 (AGM, 4.5Ah)",4690,КА-00003890,,"Аккумулятор Ventura GPL 12-45 (AGM, 45Ah), ВЬЕТНАМ",AGM45AH,no,0.85,sig,,new,confidence_not_0_95;brand_not_confirmed;one_c_code_maps_multiple_bitrix_ids,rb-1c-review-v1
3027,"Аккумулятор CSB GP12400 (AGM, 40Ah)",,КА-00004141,,"Аккумуляторная батарея CSB GP 12400 12V/40Ah, Вьетнам/Китай",CSBGP12400,yes,0.95,sig+brand,КА-00004141,agree,one_c_code_maps_multiple_bitrix_ids,rb-1c-review-v1
3030,"Аккумулятор Delta DTM 1240 L (AGM, 40Ah)",,КА-00002238,,"Аккумуляторная батарея DTM 1240 L Delta, /Вьетнам/",DTM1240L,yes,0.6,sig+brand+generic,КА-00002238,agree,confidence_not_0_95;generic_match_method;one_c_code_maps_multiple_bitrix_ids,rb-1c-review-v1
3036,"Аккумулятор Optimus OP 1240 (AGM, 40Ah)",4663,КА-00000316,,Аккумуляторная батарея GPL 12-40 AGM/CONTACT/Вьетнам/,1240AGM,no,0.85,sig,,new,confidence_not_0_95;brand_not_confirmed;one_c_code_maps_multiple_bitrix_ids,rb-1c-review-v1
3037,"Аккумулятор Security Force SF 1240 (AGM, 40Ah)",,КА-00000316,,Аккумуляторная батарея GPL 12-40 AGM/CONTACT/Вьетнам/,1240AGM,no,0.85,sig,КА-00002371,differ,confidence_not_0_95;brand_not_confirmed;one_c_code_maps_multiple_bitrix_ids,rb-1c-review-v1
3038,"Аккумулятор Sonnenschein A512/40 A для ИБП (GEL, 40Ah)",,КА-00003789,,"Аккумуляторная батарея Sonnenschein  A512/200А, ГЕРМАНИЯ",SONNENSCHEINA512,yes,0.95,sig+brand,КА-00003789,agree,one_c_code_maps_multiple_bitrix_ids,rb-1c-review-v1
3039,"Аккумулятор Sonnenschein A512/40 G6 для ИБП (GEL, 40Ah)",,КА-00003789,,"Аккумуляторная батарея Sonnenschein  A512/200А, ГЕРМАНИЯ",SONNENSCHEINA512,yes,0.95,sig+brand,КА-00003789,agree,one_c_code_maps_multiple_bitrix_ids,rb-1c-review-v1
3041,"Аккумулятор WBR GP 12400 (AGM, 40Ah)",,КА-00004141,,"Аккумуляторная батарея CSB GP 12400 12V/40Ah, Вьетнам/Китай",GP12400,no,0.85,sig,КА-00004141,agree,confidence_not_0_95;brand_not_confirmed;one_c_code_maps_multiple_bitrix_ids,rb-1c-review-v1
3043,"Аккумулятор Восток PRO СК-1240 (AGM, 40Ah)",4702,КА-00000316,,Аккумуляторная батарея GPL 12-40 AGM/CONTACT/Вьетнам/,1240AGM,no,0.85,sig,,new,confidence_not_0_95;brand_not_confirmed;one_c_code_maps_multiple_bitrix_ids,rb-1c-review-v1
3054,"Аккумулятор Delta HRL 12-45 (AGM, 45Ah)",,КА-00000423,,Аккумуляторная батарея Delta HRL 12-140 Х /Вьетнам/,DELTAHRL12,yes,0.6,sig+brand+generic,КА-00000259,differ,confidence_not_0_95;generic_match_method;one_c_code_maps_multiple_bitrix_ids,rb-1c-review-v1
3055,"Аккумулятор Leoch DJM 1245 (AGM, 45Ah)",4649,КА-00003890,,"Аккумулятор Ventura GPL 12-45 (AGM, 45Ah), ВЬЕТНАМ",1245AGM45AH,no,0.95,sig,,new,brand_not_confirmed;one_c_code_maps_multiple_bitrix_ids,rb-1c-review-v1
3056,"Аккумулятор MNB MM 45-12 (AGM, 45Ah)",4656,КА-00003890,,"Аккумулятор Ventura GPL 12-45 (AGM, 45Ah), ВЬЕТНАМ",AGM45AH,no,0.85,sig,,new,confidence_not_0_95;brand_not_confirmed;one_c_code_maps_multiple_bitrix_ids,rb-1c-review-v1
3059,"Аккумулятор Delta CT 1205 (AGM, 5Ah)",4622,КА-00005195,,"EnerSys Cyclon X Cell (AGM, 5 Ah, 2V)",AGM5AH,no,0.85,sig,,new,confidence_not_0_95;brand_not_confirmed;one_c_code_maps_multiple_bitrix_ids,rb-1c-review-v1
3060,"Аккумулятор Delta DTM 1205 (AGM, 5Ah)",,КА-00002535,,"Аккумуляторная батарея DTM 1205 Delta, 38U522P /Вьетнам/",DTM1205,yes,0.6,sig+brand+generic,КА-00002535,agree,confidence_not_0_95;generic_match_method,rb-1c-review-v1
3062,"Аккумулятор Delta HR 12-5 (AGM, 5Ah)",,КА-00006962,,Аккумуляторная батарея Delta HR 12-5.8 /Китай/,DELTAHR125,yes,0.95,sig+brand,КА-00002103,differ,one_c_code_maps_multiple_bitrix_ids,rb-1c-review-v1
3065,"Аккумулятор Fiamm 12FGHL22 (AGM, 5Ah)",4634,КА-00005195,,"EnerSys Cyclon X Cell (AGM, 5 Ah, 2V)",AGM5AH,no,0.85,sig,,new,confidence_not_0_95;brand_not_confirmed;one_c_code_maps_multiple_bitrix_ids,rb-1c-review-v1
3067,"Аккумулятор General Security GS 5-12 F2 (AGM, 5Ah)",4637,КА-00005195,,"EnerSys Cyclon X Cell (AGM, 5 Ah, 2V)",AGM5AH,no,0.85,sig,,new,confidence_not_0_95;brand_not_confirmed;one_c_code_maps_multiple_bitrix_ids,rb-1c-review-v1
3068,"Аккумулятор General Security GSL 5-12 F2 (AGM, 5Ah)",4637,КА-00005195,,"EnerSys Cyclon X Cell (AGM, 5 Ah, 2V)",AGM5AH,no,0.85,sig,,new,confidence_not_0_95;brand_not_confirmed;one_c_code_maps_multiple_bitrix_ids,rb-1c-review-v1
3069,"Аккумулятор MNB HR 1221W F2 (AGM, 5Ah)",4656,КА-00005195,,"EnerSys Cyclon X Cell (AGM, 5 Ah, 2V)",AGM5AH,no,0.85,sig,,new,confidence_not_0_95;brand_not_confirmed;one_c_code_maps_multiple_bitrix_ids,rb-1c-review-v1
3070,"Аккумулятор WBR HR 1221W F2 (AGM, 50Ah)",4690,КА-00002074,,Аккумулятор CSB HR 1221W F2 (12V/5Ah),HR1221WF2,no,0.6,sig+generic,,new,confidence_not_0_95;brand_not_confirmed;generic_match_method;one_c_code_maps_multiple_bitrix_ids,rb-1c-review-v1
3071,"Аккумулятор Yuasa NPH 5-12 (AGM, 5Ah)",4697,КА-00005195,,"EnerSys Cyclon X Cell (AGM, 5 Ah, 2V)",AGM5AH,no,0.85,sig,,new,confidence_not_0_95;brand_not_confirmed;one_c_code_maps_multiple_bitrix_ids,rb-1c-review-v1
3072,"Аккумулятор Восток PRO СК-1205 (AGM, 5Ah)",4702,КА-00005195,,"EnerSys Cyclon X Cell (AGM, 5 Ah, 2V)",AGM5AH,no,0.85,sig,,new,confidence_not_0_95;brand_not_confirmed;one_c_code_maps_multiple_bitrix_ids,rb-1c-review-v1
3073,"Аккумулятор WBR HR 1224W (AGM, 6Ah)",,КА-00003347,,Аккумуляторная батарея HR-1224W F2 Slim 12V/6Ah,HR1224W,no,0.6,sig+generic,КА-00003347,agree,confidence_not_0_95;brand_not_confirmed;generic_match_method;one_c_code_maps_multiple_bitrix_ids,rb-1c-review-v1
3074,"Аккумулятор Leoch DJW 12-5.4 F1 (AGM, 5.4Ah)",,КА-00002491,П1.2.52.44.,"Аккумулятор LEOCH DJW12-2,9 ( 12V 2,9Ah / 12В 2,9Ач )",LEOCHDJW12,yes,0.95,sig+brand,КА-00002491,agree,one_c_code_maps_multiple_bitrix_ids,rb-1c-review-v1
3077,"Аккумулятор Delta HR 12-5.8 (AGM, 5.8Ah)",,КА-00006962,,Аккумуляторная батарея Delta HR 12-5.8 /Китай/,DELTAHR125,yes,0.95,sig+brand,КА-00002480,differ,one_c_code_maps_multiple_bitrix_ids,rb-1c-review-v1
3078,"Аккумулятор Delta FTS 12-50 (AGM, 50Ah)",,КА-00006758,,Аккумуляторная батарея Delta FTS 12-50 X /Китай/,DELTAFTS1250,yes,0.95,sig+brand,КА-00006758,agree,one_c_code_maps_multiple_bitrix_ids,rb-1c-review-v1
3081,"Аккумулятор Sonnenschein A412/50 A для ИБП (GEL, 50Ah)",,КА-00002856,,"Аккумуляторная батарея Sonnenschein  A412/50, ГЕРМАНИЯ",SONNENSCHEINA41250,yes,0.95,sig+brand,КА-00002667,differ,one_c_code_maps_multiple_bitrix_ids,rb-1c-review-v1
3082,"Аккумулятор Sonnenschein A412/50 F10 для ИБП (GEL, 50Ah)",,КА-00002856,,"Аккумуляторная батарея Sonnenschein  A412/50, ГЕРМАНИЯ",SONNENSCHEINA41250,yes,0.95,sig+brand,КА-00002667,differ,one_c_code_maps_multiple_bitrix_ids,rb-1c-review-v1
3084,"Аккумулятор Sonnenschein A412/50 G6 для ИБП (GEL, 50Ah)",,КА-00002856,,"Аккумуляторная батарея Sonnenschein  A412/50, ГЕРМАНИЯ",SONNENSCHEINA41250,yes,0.95,sig+brand,КА-00002667,differ,one_c_code_maps_multiple_bitrix_ids,rb-1c-review-v1
3090,"Аккумулятор Delta DTM 1255 L (AGM, 55Ah)",,КА-00002130,,Аккумуляторная батарея Delta DTM 1255 L,DELTADTM1255L,yes,0.95,sig+brand,КА-00002130,agree,one_c_code_maps_multiple_bitrix_ids,rb-1c-review-v1
3091,"Аккумулятор Delta HRL 12-260W (AGM, 55Ah)",,КА-00005338,,Аккумуляторная батарея HRL 12-260W (VENTURA) /Вьетнам/,HRL12260W,yes,0.95,sig+brand,КА-00000259,differ,one_c_code_maps_multiple_bitrix_ids,rb-1c-review-v1
3092,"Аккумулятор Delta HRL 12-55 (AGM, 55Ah)",,КА-00005563,,Аккумулятор Delta HRL 12-55 X(12V 55A)/ Китай,DELTAHRL1255,yes,0.95,sig+brand,КА-00005563,agree,one_c_code_maps_multiple_bitrix_ids,rb-1c-review-v1
3100,"Аккумулятор Sonnenschein A512/55 A для ИБП (GEL, 55Ah)",,КА-00003789,,"Аккумуляторная батарея Sonnenschein  A512/200А, ГЕРМАНИЯ",SONNENSCHEINA512,yes,0.95,sig+brand,КА-00003789,agree,one_c_code_maps_multiple_bitrix_ids,rb-1c-review-v1
3105,"Аккумулятор Marathon M12V60FT (AGM, 59Ah)",4652,КА-00003893,,Аккумуляторная батарея MARATHON M 12V 60 FT/Германия,M12V60FT,no,0.85,sig,,new,confidence_not_0_95;brand_not_confirmed;one_c_code_maps_multiple_bitrix_ids,rb-1c-review-v1
3106,"Аккумулятор Marathon M12V60FT V0 (AGM, 60Ah)",4652,КА-00003893,,Аккумуляторная батарея MARATHON M 12V 60 FT/Германия,M12V60FT,no,0.85,sig,,new,confidence_not_0_95;brand_not_confirmed;one_c_code_maps_multiple_bitrix_ids,rb-1c-review-v1
3110,"Аккумулятор Delta HR 12-24W (AGM, 6Ah)",,КА-00001615,,"Аккумулятор Delta HR 12-12 12V 12Ah произ-во: Вьетнам, ввоз: Россия",DELTAHR12,yes,0.6,sig+brand+generic,КА-00000258,differ,confidence_not_0_95;generic_match_method;one_c_code_maps_multiple_bitrix_ids,rb-1c-review-v1
3112,"Аккумулятор CSB HR1224W F2F1 (AGM, 6.2Ah)",,КА-00003347,,Аккумуляторная батарея HR-1224W F2 Slim 12V/6Ah,HR1224W,no,0.6,sig+generic,КА-00003347,agree,confidence_not_0_95;brand_not_confirmed;generic_match_method;one_c_code_maps_multiple_bitrix_ids,rb-1c-review-v1
3118,"Аккумулятор Fiamm 12FIT60 (AGM, 60Ah)",,КА-00003848,,"Аккумулятор Fiamm 12FIT60 (AGM, 60Ah)",FIAMM12FIT60AGM,yes,0.95,sig+brand,КА-00003848,agree,one_c_code_maps_multiple_bitrix_ids,rb-1c-review-v1
3120,"Аккумулятор Leoch DJM 1260 (AGM, 60Ah)",4649,КА-00003848,,"Аккумулятор Fiamm 12FIT60 (AGM, 60Ah)",AGM60AH,no,0.85,sig,,new,confidence_not_0_95;brand_not_confirmed;one_c_code_maps_multiple_bitrix_ids,rb-1c-review-v1
3121,"Аккумулятор Leoch DJM 660 (AGM, 60Ah)",4649,КА-00003848,,"Аккумулятор Fiamm 12FIT60 (AGM, 60Ah)",AGM60AH,no,0.85,sig,,new,confidence_not_0_95;brand_not_confirmed;one_c_code_maps_multiple_bitrix_ids,rb-1c-review-v1
3123,"Аккумулятор Sonnenschein A512/60 A для ИБП (GEL, 60Ah)",,КА-00003789,,"Аккумуляторная батарея Sonnenschein  A512/200А, ГЕРМАНИЯ",SONNENSCHEINA512,yes,0.95,sig+brand,КА-00003789,agree,one_c_code_maps_multiple_bitrix_ids,rb-1c-review-v1
3124,"Аккумулятор Sonnenschein A512/60 G6 для ИБП (GEL, 60Ah)",,КА-00003789,,"Аккумуляторная батарея Sonnenschein  A512/200А, ГЕРМАНИЯ",SONNENSCHEINA512,yes,0.95,sig+brand,КА-00003789,agree,one_c_code_maps_multiple_bitrix_ids,rb-1c-review-v1
3125,"Аккумулятор Sonnenschein Dryfit Solar Block SB 12/60 A для ИБП (GEL, 60Ah)",4678,КА-00002805,,Зарядное устройство 24V 60A (для LiFePO4 АКБ) / Китай,60AДЛЯ,no,0.85,sig,,new,confidence_not_0_95;brand_not_confirmed;one_c_code_maps_multiple_bitrix_ids,rb-1c-review-v1
3126,"Аккумулятор Sonnenschein Dryfit Solar S 12/60 A для ИБП (GEL, 60Ah)",4678,КА-00002805,,Зарядное устройство 24V 60A (для LiFePO4 АКБ) / Китай,60AДЛЯ,no,0.85,sig,,new,confidence_not_0_95;brand_not_confirmed;one_c_code_maps_multiple_bitrix_ids,rb-1c-review-v1
3136,"Аккумулятор Leoch DJM 1265 (AGM, 65Ah)",4649,КА-00003736,,"Аккумулятор Ventura GPL 12-65/AGM, ВЬЕТНАМ",1265AGM,no,0.85,sig,,new,confidence_not_0_95;brand_not_confirmed;one_c_code_maps_multiple_bitrix_ids,rb-1c-review-v1
3140,"Аккумулятор Security Force SF 1265 (AGM, 65Ah)",,КА-00003736,,"Аккумулятор Ventura GPL 12-65/AGM, ВЬЕТНАМ",1265AGM,no,0.85,sig,КА-00002559,differ,confidence_not_0_95;brand_not_confirmed;one_c_code_maps_multiple_bitrix_ids,rb-1c-review-v1
3141,"Аккумулятор Sonnenschein A412/65 F10 для ИБП (GEL, 65Ah)",,КА-00002856,,"Аккумуляторная батарея Sonnenschein  A412/50, ГЕРМАНИЯ",SONNENSCHEINA412,yes,0.6,sig+brand+generic,КА-00002667,differ,confidence_not_0_95;generic_match_method;one_c_code_maps_multiple_bitrix_ids,rb-1c-review-v1
3142,"Аккумулятор Sonnenschein A412/65 G6 для ИБП (GEL, 65Ah)",,КА-00002856,,"Аккумуляторная батарея Sonnenschein  A412/50, ГЕРМАНИЯ",SONNENSCHEINA412,yes,0.6,sig+brand+generic,КА-00002667,differ,confidence_not_0_95;generic_match_method;one_c_code_maps_multiple_bitrix_ids,rb-1c-review-v1
3143,"Аккумулятор Sonnenschein A512/65 A для ИБП (GEL, 65Ah)",,КА-00003789,,"Аккумуляторная батарея Sonnenschein  A512/200А, ГЕРМАНИЯ",SONNENSCHEINA512,yes,0.95,sig+brand,КА-00003789,agree,one_c_code_maps_multiple_bitrix_ids,rb-1c-review-v1
3144,"Аккумулятор Sonnenschein A512/65 G6 для ИБП (GEL, 65Ah)",,КА-00003789,,"Аккумуляторная батарея Sonnenschein  A512/200А, ГЕРМАНИЯ",SONNENSCHEINA512,yes,0.95,sig+brand,КА-00003789,agree,one_c_code_maps_multiple_bitrix_ids,rb-1c-review-v1
3148,"Аккумулятор Восток PRO СК-1265 (AGM, 65Ah)",4702,КА-00003736,,"Аккумулятор Ventura GPL 12-65/AGM, ВЬЕТНАМ",1265AGM,no,0.85,sig,,new,confidence_not_0_95;brand_not_confirmed;one_c_code_maps_multiple_bitrix_ids,rb-1c-review-v1
3154,"Аккумулятор Delta CT 1207 (AGM, 7Ah)",,ФР-00000859,,CT 1207 Delta Аккумуляторная батарея,CT1207,yes,0.95,sig+brand,ФР-00000859,agree,one_c_code_maps_multiple_bitrix_ids,rb-1c-review-v1
3157,"Аккумулятор Delta HR 12-28W (AGM, 7Ah)",,КА-00001615,,"Аккумулятор Delta HR 12-12 12V 12Ah произ-во: Вьетнам, ввоз: Россия",DELTAHR12,yes,0.6,sig+brand+generic,КА-00000258,differ,confidence_not_0_95;generic_match_method;one_c_code_maps_multiple_bitrix_ids,rb-1c-review-v1
3160,"Аккумулятор Leoch DJW 12-7 (AGM, 7Ah)",,КА-00002491,П1.2.52.44.,"Аккумулятор LEOCH DJW12-2,9 ( 12V 2,9Ah / 12В 2,9Ач )",LEOCHDJW12,yes,0.95,sig+brand,КА-00002491,agree,one_c_code_maps_multiple_bitrix_ids,rb-1c-review-v1
3174,"Аккумулятор Delta DTM 1207 (AGM, 7.2Ah)",,КА-00001029,,"Аккумуляторная батарея DTM 1207 Delta, 04M2807 /Китай/",DTM1207,yes,0.6,sig+brand+generic,ФР-00000416,differ,confidence_not_0_95;generic_match_method,rb-1c-review-v1
3176,"Аккумулятор Delta HR 6-7.2 (AGM, 7.2Ah)",4622,КА-00001895,,"Аккумуляторная батарея Delta HR 6-12 6В, 12Ач Страна ввоза: РФ.",DELTAHR6,no,0.85,sig,,new,confidence_not_0_95;brand_not_confirmed;one_c_code_maps_multiple_bitrix_ids,rb-1c-review-v1
3177,"Аккумулятор Delta HRL 12-7.2 (AGM, 7.2Ah)",,КА-00001027,,Аккумуляторная батарея Delta HRL 12-7.2 X /Китай/,DELTAHRL127,yes,0.6,sig+brand+generic,КА-00001027,agree,confidence_not_0_95;generic_match_method;one_c_code_maps_multiple_bitrix_ids,rb-1c-review-v1
3184,"Аккумулятор Leoch DJW 12-7.2 (AGM, 7.2Ah)",,КА-00002491,П1.2.52.44.,"Аккумулятор LEOCH DJW12-2,9 ( 12V 2,9Ah / 12В 2,9Ач )",LEOCHDJW12,yes,0.95,sig+brand,КА-00002491,agree,one_c_code_maps_multiple_bitrix_ids,rb-1c-review-v1
3194,"Аккумулятор WBR GP 1272 F2 (AGM, 7.2Ah)",,КА-00005829,,GP1272 WBR Свинцово-кислотный аккумулятор,GP1272,yes,0.6,sig+brand+generic,КА-00005829,agree,confidence_not_0_95;generic_match_method,rb-1c-review-v1
3196,"Аккумулятор WBR GPL 1272 F2 (AGM, 7.2Ah)",4690,КА-00002880,О4.3.52.73.,"Аккумуляторная батарея Ventura GPL 12-7.2 F2 (12V 7,2Ah), ВЬЕТНАМ",GPL1272,no,0.6,sig+generic,,new,confidence_not_0_95;brand_not_confirmed;generic_match_method,rb-1c-review-v1
3213,"Аккумулятор Delta DTM 1275 L (AGM, 75Ah)",,КА-00004022,,Аккумуляторная батарея DTM 1275 L Delta / Китай,DTM1275L,yes,0.95,sig+brand,КА-00004022,agree,one_c_code_maps_multiple_bitrix_ids,rb-1c-review-v1
3214,"Аккумулятор Delta HRL 12-320W (AGM, 75Ah)",,КА-00000423,,Аккумуляторная батарея Delta HRL 12-140 Х /Вьетнам/,DELTAHRL12,yes,0.6,sig+brand+generic,КА-00000259,differ,confidence_not_0_95;generic_match_method;one_c_code_maps_multiple_bitrix_ids,rb-1c-review-v1
3215,"Аккумулятор Delta HRL 12-75 (AGM, 75Ah)",,КА-00004758,,"Аккумуляторная батарея Delta HRL 12-75 X, OURTO1R / Вьетнам /",DELTAHRL1275,yes,0.95,sig+brand,КА-00004758,agree,one_c_code_maps_multiple_bitrix_ids,rb-1c-review-v1
3232,"Аккумулятор Panasonic UP-VW0645P1 (AGM, 8Ah)",4664,КА-00005894,,"Аккумулятор EnerSys Cyclon Monobloc 0859-0010 (AGM, 8Ah, 4V) / США",AGM8AH,no,0.85,sig,,new,confidence_not_0_95;brand_not_confirmed;one_c_code_maps_multiple_bitrix_ids,rb-1c-review-v1
3233,"Аккумулятор Panasonic UP-VW1245P1 (AGM, 8Ah)",4664,КА-00005894,,"Аккумулятор EnerSys Cyclon Monobloc 0859-0010 (AGM, 8Ah, 4V) / США",AGM8AH,no,0.85,sig,,new,confidence_not_0_95;brand_not_confirmed;one_c_code_maps_multiple_bitrix_ids,rb-1c-review-v1
3234,"Аккумулятор Yuasa REW 45-12 (AGM, 8Ah)",4697,КА-00005894,,"Аккумулятор EnerSys Cyclon Monobloc 0859-0010 (AGM, 8Ah, 4V) / США",AGM8AH,no,0.85,sig,,new,confidence_not_0_95;brand_not_confirmed;one_c_code_maps_multiple_bitrix_ids,rb-1c-review-v1
3237,"Аккумулятор Delta FTS 12-80 (AGM, 80Ah)",,КА-00005119,,Аккумуляторная батарея DELTA FTS 12-180 (12A/180Аh),DELTAFTS12,yes,0.6,sig+brand+generic,КА-00005119,agree,confidence_not_0_95;generic_match_method;one_c_code_maps_multiple_bitrix_ids,rb-1c-review-v1
3238,"Аккумулятор Delta HRL 12-370W (AGM, 80Ah)",,КА-00000423,,Аккумуляторная батарея Delta HRL 12-140 Х /Вьетнам/,DELTAHRL12,yes,0.6,sig+brand+generic,КА-00000259,differ,confidence_not_0_95;generic_match_method;one_c_code_maps_multiple_bitrix_ids,rb-1c-review-v1
3239,"Аккумулятор Delta HRL 12-80 (AGM, 80Ah)",,ФР-00000273,HRL12-80,Аккумуляторныя батарея Delta HRL12-80,DELTAHRL1280,yes,0.95,sig+brand,ФР-00000273,agree,one_c_code_maps_multiple_bitrix_ids,rb-1c-review-v1
3248,"Аккумулятор Sonnenschein A512/85 A для ИБП (GEL, 85Ah)",,КА-00003789,,"Аккумуляторная батарея Sonnenschein  A512/200А, ГЕРМАНИЯ",SONNENSCHEINA512,yes,0.95,sig+brand,КА-00003789,agree,one_c_code_maps_multiple_bitrix_ids,rb-1c-review-v1
3258,"Аккумулятор CSB HRL1234W F2FR (AGM, 9Ah)",,КА-00002670,П1.2.52.26.,"Аккумулятор CSB HRL1234W F2 FR (12V/9Ah),Вьетнам",CSBHRL1234WF2FR,yes,0.95,sig+brand,КА-00002670,agree,one_c_code_maps_multiple_bitrix_ids,rb-1c-review-v1
3261,"Аккумулятор Delta DTM 1209 (AGM, 9Ah)",,КА-00002649,,"Аккумуляторная батарея DTM 1209 Delta, 2AUQQZK /Китай/",DTM1209,yes,0.6,sig+brand+generic,ФР-00000182,differ,confidence_not_0_95;generic_match_method,rb-1c-review-v1
3262,"Аккумулятор Delta HR 12-34W (AGM, 9Ah)",,КА-00003226,,Аккумуляторная батарея Delta HR12-34W  F2 12V9Ah/Китай,DELTAHR1234W,yes,0.95,sig+brand,КА-00003226,agree,one_c_code_maps_multiple_bitrix_ids,rb-1c-review-v1
3263,"Аккумулятор Delta HR 12-9 (AGM, 9Ah)",,КА-00003026,,Аккумуляторная батарея Delta HR 12-9  /Китай/,DELTAHR129,yes,0.6,sig+brand+generic,КА-00003026,agree,confidence_not_0_95;generic_match_method,rb-1c-review-v1
3265,"Аккумулятор Delta HRL 12-9 (1234W) (AGM, 9Ah)",,КА-00002075,,Аккумуляторная батарея Delta HRL 12-9 /Китай/,DELTAHRL129,yes,0.6,sig+brand+generic,КА-00005768,differ,confidence_not_0_95;generic_match_method,rb-1c-review-v1
3270,"Аккумулятор MNB HR 1234W F2 (AGM, 9Ah)",4656,КА-00003226,,Аккумуляторная батарея Delta HR12-34W  F2 12V9Ah/Китай,HR1234WF2,no,0.85,sig,,new,confidence_not_0_95;brand_not_confirmed;one_c_code_maps_multiple_bitrix_ids,rb-1c-review-v1
3271,"Аккумулятор WBR HR 1234W F2 (AGM, 9Ah)",4690,КА-00003226,,Аккумуляторная батарея Delta HR12-34W  F2 12V9Ah/Китай,HR1234WF2,no,0.85,sig,,new,confidence_not_0_95;brand_not_confirmed;one_c_code_maps_multiple_bitrix_ids,rb-1c-review-v1
3272,"Аккумулятор WBR HRL 1234W (AGM, 9Ah)",4690,КА-00002670,П1.2.52.26.,"Аккумулятор CSB HRL1234W F2 FR (12V/9Ah),Вьетнам",HRL1234W,no,0.6,sig+generic,,new,confidence_not_0_95;brand_not_confirmed;generic_match_method;one_c_code_maps_multiple_bitrix_ids,rb-1c-review-v1
3275,"Аккумулятор Delta HRL 12-420W (AGM, 90Ah)",,КА-00000423,,Аккумуляторная батарея Delta HRL 12-140 Х /Вьетнам/,DELTAHRL12,yes,0.6,sig+brand+generic,КА-00000259,differ,confidence_not_0_95;generic_match_method;one_c_code_maps_multiple_bitrix_ids,rb-1c-review-v1
3276,"Аккумулятор Delta HRL 12-90 (AGM, 90Ah)",,КА-00000423,,Аккумуляторная батарея Delta HRL 12-140 Х /Вьетнам/,DELTAHRL12,yes,0.6,sig+brand+generic,КА-00000259,differ,confidence_not_0_95;generic_match_method;one_c_code_maps_multiple_bitrix_ids,rb-1c-review-v1
3279,"Аккумулятор Marathon XL12V85 (AGM, 85Ah)",,КА-00002765,,Аккумуляторная батарея Marathon XL12V85,MARATHONXL12V85,yes,0.95,sig+brand,КА-00002765,agree,one_c_code_maps_multiple_bitrix_ids,rb-1c-review-v1
3280,"Аккумулятор Marathon XL12V85 V0 (AGM, 85Ah)",,КА-00002765,,Аккумуляторная батарея Marathon XL12V85,MARATHONXL12V85,yes,0.95,sig+brand,КА-00002765,agree,one_c_code_maps_multiple_bitrix_ids,rb-1c-review-v1
3283,"Аккумулятор Sonnenschein A412/90 A для ИБП (GEL, 90Ah)",,КА-00002856,,"Аккумуляторная батарея Sonnenschein  A412/50, ГЕРМАНИЯ",SONNENSCHEINA412,yes,0.6,sig+brand+generic,КА-00002667,differ,confidence_not_0_95;generic_match_method;one_c_code_maps_multiple_bitrix_ids,rb-1c-review-v1
3284,"Аккумулятор Sonnenschein A412/90 F10 для ИБП (GEL, 90Ah)",,КА-00002856,,"Аккумуляторная батарея Sonnenschein  A412/50, ГЕРМАНИЯ",SONNENSCHEINA412,yes,0.6,sig+brand+generic,КА-00002667,differ,confidence_not_0_95;generic_match_method;one_c_code_maps_multiple_bitrix_ids,rb-1c-review-v1
3291,"Аккумулятор Sprinter XP12V3000 (AGM, 92Ah)",,КА-00004176,,Аккумуляторная батарея Sprinter XP 12v3000/Португалия,SPRINTERXP12V3000,yes,0.6,sig+brand+generic,КА-00004176,agree,confidence_not_0_95;generic_match_method,rb-1c-review-v1
4728,Источник бесперебойного питания Hiden Expert UDC9206S-RT,,КА-00005082,,Hiden Expert UDC9206S,EXPERTUDC9206S,no,0.95,sig,КА-00005082,agree,brand_not_confirmed,rb-1c-review-v1
20090,"Аккумулятор APC RBC43 (AGM, 5Ah)",20089,КА-00005195,,"EnerSys Cyclon X Cell (AGM, 5 Ah, 2V)",AGM5AH,no,0.85,sig,,new,confidence_not_0_95;brand_not_confirmed;one_c_code_maps_multiple_bitrix_ids,rb-1c-review-v1
20093,"Аккумулятор APC RBC143 (AGM, 5Ah)",20089,КА-00005195,,"EnerSys Cyclon X Cell (AGM, 5 Ah, 2V)",AGM5AH,no,0.85,sig,,new,confidence_not_0_95;brand_not_confirmed;one_c_code_maps_multiple_bitrix_ids,rb-1c-review-v1
20101,"Аккумулятор APC RBC140 (AGM, 5.5Ah)",20089,КА-00003153,,Комплект аккумуляторных батарей APCRBC140 12V 5.5ah /Китай/,APCRBC140,no,0.6,sig+generic,,new,confidence_not_0_95;brand_not_confirmed;generic_match_method,rb-1c-review-v1
20102,"Аккумулятор APC RBC124 (AGM, 9Ah)",20089,ФР-00001702,,Сменный аккумуляторный картридж APCRBC124,APCRBC124,no,0.85,sig,,new,confidence_not_0_95;brand_not_confirmed,rb-1c-review-v1
20108,"Аккумулятор Delta DT 4045 (47) (AGM, 4.5Ah)",,ФР-00001468,О1.2.52.29.,"Аккумуляторная батарея Delta DT 4045 (4V4,5Ah) Страна ввоза: РФ, Страна изготовитель: Китай.",DELTADT4045,yes,0.95,sig+brand,КА-00002347,differ,one_c_code_maps_multiple_bitrix_ids,rb-1c-review-v1
20109,"Аккумулятор Delta DT 12008 (T13) (AGM, 0.8Ah)",,ФР-00000146,DT12008,"Аккумуляторная батарея Delta DT12008 12В, 0,8Ач Страна ввоза: РФ, Страна изготовитель: Вьетнам.",DELTADT12008,yes,0.95,sig+brand,ФР-00000146,agree,one_c_code_maps_multiple_bitrix_ids,rb-1c-review-v1
20110,"Аккумулятор Delta DT 12008 (T9) (AGM, 0.8Ah)",,ФР-00000146,DT12008,"Аккумуляторная батарея Delta DT12008 12В, 0,8Ач Страна ввоза: РФ, Страна изготовитель: Вьетнам.",DELTADT12008,yes,0.95,sig+brand,ФР-00000146,agree,one_c_code_maps_multiple_bitrix_ids,rb-1c-review-v1
20111,"Аккумулятор Delta DTM 1233 I (AGM, 33Ah)",,КА-00002593,,Аккумуляторная батарея Delta DTM 1233 L,DELTADTM1233,yes,0.95,sig+brand,КА-00001918,differ,one_c_code_maps_multiple_bitrix_ids,rb-1c-review-v1
20112,"Аккумулятор Delta DTM 1240 I (AGM, 40Ah)",,КА-00002238,,"Аккумуляторная батарея DTM 1240 L Delta, /Вьетнам/",DTM1240,yes,0.6,sig+brand+generic,КА-00002238,agree,confidence_not_0_95;generic_match_method;one_c_code_maps_multiple_bitrix_ids,rb-1c-review-v1
20113,"Аккумулятор Delta DTM 1255 I (AGM, 55Ah)",,КА-00002130,,Аккумуляторная батарея Delta DTM 1255 L,DELTADTM1255,yes,0.95,sig+brand,КА-00002130,agree,one_c_code_maps_multiple_bitrix_ids,rb-1c-review-v1
20115,"Аккумулятор Delta DTM 1275 I (AGM, 75Ah)",,КА-00004022,,Аккумуляторная батарея DTM 1275 L Delta / Китай,DTM1275,yes,0.95,sig+brand,КА-00004022,agree,one_c_code_maps_multiple_bitrix_ids,rb-1c-review-v1
20116,"Аккумулятор Delta DTM 12100 I (AGM, 100Ah)",,КА-00002549,,"Аккумуляторная батарея Delta DTM 12100 L, страна происхождения товара Вьетнам, страна ввоза Россия",DELTADTM12100,yes,0.95,sig+brand,КА-00002549,agree,one_c_code_maps_multiple_bitrix_ids,rb-1c-review-v1
20117,"Аккумулятор DTM 12120 I (AGM, 120Ah)",,КА-00000260,,"DTM 12120 L Delta Аккумуляторная батарея, страна происхождения товара Вьетнам, страна ввоза Россия",DTM12120,yes,0.6,sig+brand+generic,КА-00000260,agree,confidence_not_0_95;generic_match_method,rb-1c-review-v1
20119,"Аккумулятор Delta DTM 12200 I (AGM, 200Ah)",,КА-00001964,,"Аккумуляторная батарея Delta DTM 12200 L (12V,200A)/ Китай",DELTADTM12200,yes,0.95,sig+brand,КА-00001964,agree,one_c_code_maps_multiple_bitrix_ids,rb-1c-review-v1
20121,"Аккумулятор Delta HR 6-15 (AGM, 15Ah)",,КА-00001895,,"Аккумуляторная батарея Delta HR 6-12 6В, 12Ач Страна ввоза: РФ.",DELTAHR6,yes,0.95,sig+brand,,new,one_c_code_maps_multiple_bitrix_ids,rb-1c-review-v1
20122,"Аккумулятор Delta HR 12-15 (AGM, 15Ah)",,КА-00001615,,"Аккумулятор Delta HR 12-12 12V 12Ah произ-во: Вьетнам, ввоз: Россия",DELTAHR12,yes,0.6,sig+brand+generic,КА-00000258,differ,confidence_not_0_95;generic_match_method;one_c_code_maps_multiple_bitrix_ids,rb-1c-review-v1
20123,"Аккумулятор Delta 12-26 (AGM, 26Ah)",,КА-00000317,,"Аккумуляторная батарея GPL 12-26 AGM/CONTACT, ВЬЕТНАМ",1226AGM,no,0.85,sig,КА-00002916,differ,confidence_not_0_95;brand_not_confirmed;one_c_code_maps_multiple_bitrix_ids,rb-1c-review-v1
20124,"Аккумулятор Delta HR 12-40 (AGM, 40Ah)",,КА-00001615,,"Аккумулятор Delta HR 12-12 12V 12Ah произ-во: Вьетнам, ввоз: Россия",DELTAHR12,yes,0.6,sig+brand+generic,КА-00000258,differ,confidence_not_0_95;generic_match_method;one_c_code_maps_multiple_bitrix_ids,rb-1c-review-v1
20125,"Аккумулятор Delta HR 12-65 (AGM, 65Ah)",,КА-00001615,,"Аккумулятор Delta HR 12-12 12V 12Ah произ-во: Вьетнам, ввоз: Россия",DELTAHR12,yes,0.6,sig+brand+generic,КА-00002753,differ,confidence_not_0_95;generic_match_method;one_c_code_maps_multiple_bitrix_ids,rb-1c-review-v1
20126,"Аккумулятор Delta HR 12-100 (AGM, 100Ah)",,КА-00001615,,"Аккумулятор Delta HR 12-12 12V 12Ah произ-во: Вьетнам, ввоз: Россия",DELTAHR12,yes,0.6,sig+brand+generic,КА-00000258,differ,confidence_not_0_95;generic_match_method;one_c_code_maps_multiple_bitrix_ids,rb-1c-review-v1
20128,"Аккумулятор Delta CGD 1212 (AGM, 12Ah)",4622,КА-00003669,,"Аккумулятор Ventura GP 12-12/AGM, ВЬЕТНАМ",1212AGM,no,0.85,sig,,new,confidence_not_0_95;brand_not_confirmed;one_c_code_maps_multiple_bitrix_ids,rb-1c-review-v1
20133,"Аккумулятор Delta HRL 12-180 X (AGM, 180Ah)",,КА-00005187,,"Аккумуляторная батарея Delta FTS 12-180 X, QHI3MS8 /Вьетнам/",12180X,yes,0.95,sig+brand,КА-00000259,differ,one_c_code_maps_multiple_bitrix_ids,rb-1c-review-v1
20134,"Аккумулятор Delta HRL 12-7.2 X (AGM, 7.2Ah)",,КА-00001027,,Аккумуляторная батарея Delta HRL 12-7.2 X /Китай/,DELTAHRL127,yes,0.6,sig+brand+generic,КА-00001027,agree,confidence_not_0_95;generic_match_method;one_c_code_maps_multiple_bitrix_ids,rb-1c-review-v1
20135,"Аккумулятор HRL 12-9 (1234W) X (AGM, 9 Ah)",4622,КА-00002467,,Аккумулятор HRL12-45X,АККУМУЛЯТОРHRL12,no,0.95,sig,,new,brand_not_confirmed;one_c_code_maps_multiple_bitrix_ids,rb-1c-review-v1
20136,"Аккумулятор Delta HRL 12-12 X (AGM, 12Ah)",,КА-00001251,,Аккумуляторная батарея Delta HRL 12-12 X /Вьетнам/,DELTAHRL1212,yes,0.6,sig+brand+generic,КА-00000259,differ,confidence_not_0_95;generic_match_method;one_c_code_maps_multiple_bitrix_ids,rb-1c-review-v1
20137,"Аккумулятор HRL 12-18 X (AGM, 18Ah)",4622,КА-00002467,,Аккумулятор HRL12-45X,АККУМУЛЯТОРHRL12,no,0.95,sig,,new,brand_not_confirmed;one_c_code_maps_multiple_bitrix_ids,rb-1c-review-v1
20138,"Аккумулятор Delta HRL 12-26 X (AGM, 26Ah)",,КА-00001894,,Аккумуляторная батарея Delta HRL 12-26 Х (12V 28Ah),DELTAHRL1226,yes,0.6,sig+brand+generic,КА-00001894,agree,confidence_not_0_95;generic_match_method;one_c_code_maps_multiple_bitrix_ids,rb-1c-review-v1
20139,"Аккумулятор Delta HRL 12-33 X (AGM, 33Ah)",,КА-00000423,,Аккумуляторная батарея Delta HRL 12-140 Х /Вьетнам/,DELTAHRL12,yes,0.6,sig+brand+generic,КА-00000259,differ,confidence_not_0_95;generic_match_method;one_c_code_maps_multiple_bitrix_ids,rb-1c-review-v1
20140,"Аккумулятор Delta HRL 12-45 X (AGM, 45Ah)",,КА-00000423,,Аккумуляторная батарея Delta HRL 12-140 Х /Вьетнам/,DELTAHRL12,yes,0.6,sig+brand+generic,КА-00000259,differ,confidence_not_0_95;generic_match_method;one_c_code_maps_multiple_bitrix_ids,rb-1c-review-v1
20141,"Аккумулятор Delta HRL 12-55 X (AGM, 55Ah)",,КА-00005563,,Аккумулятор Delta HRL 12-55 X(12V 55A)/ Китай,DELTAHRL1255,yes,0.95,sig+brand,КА-00005563,agree,one_c_code_maps_multiple_bitrix_ids,rb-1c-review-v1
20142,"Аккумулятор Delta HRL 12-65 X (AGM, 65Ah)",,КА-00000423,,Аккумуляторная батарея Delta HRL 12-140 Х /Вьетнам/,DELTAHRL12,yes,0.6,sig+brand+generic,КА-00000259,differ,confidence_not_0_95;generic_match_method;one_c_code_maps_multiple_bitrix_ids,rb-1c-review-v1
20143,"Аккумулятор Delta HRL 12-75 X (AGM, 75Ah)",,КА-00004758,,"Аккумуляторная батарея Delta HRL 12-75 X, OURTO1R / Вьетнам /",DELTAHRL1275,yes,0.95,sig+brand,КА-00004758,agree,one_c_code_maps_multiple_bitrix_ids,rb-1c-review-v1
20144,"Аккумулятор Delta HRL 12-80 X (AGM, 80Ah)",,ФР-00000273,HRL12-80,Аккумуляторныя батарея Delta HRL12-80,DELTAHRL1280,yes,0.95,sig+brand,ФР-00000273,agree,one_c_code_maps_multiple_bitrix_ids,rb-1c-review-v1
20145,"Аккумулятор Delta HRL 12-90 X (AGM, 90Ah)",,КА-00000423,,Аккумуляторная батарея Delta HRL 12-140 Х /Вьетнам/,DELTAHRL12,yes,0.6,sig+brand+generic,КА-00000259,differ,confidence_not_0_95;generic_match_method;one_c_code_maps_multiple_bitrix_ids,rb-1c-review-v1
20146,"Аккумулятор Delta HRL 12-100 X (AGM, 100Ah)",,КА-00006757,,Аккумуляторная батарея Delta FTS 12-100 X /Китай/,12100X,yes,0.95,sig+brand,КА-00000259,differ,one_c_code_maps_multiple_bitrix_ids,rb-1c-review-v1
20147,"Аккумулятор Delta HRL 12-140 X (AGM, 140Ah)",,КА-00000423,,Аккумуляторная батарея Delta HRL 12-140 Х /Вьетнам/,DELTAHRL12140,yes,0.95,sig+brand,КА-00000423,agree,one_c_code_maps_multiple_bitrix_ids,rb-1c-review-v1
20148,"Аккумулятор Delta FT 12-50 M (AGM, 50Ah)",,КА-00001863,,Аккумуляторная батарея Delta FT 12-50 M,DELTAFT1250,yes,0.95,sig+brand,КА-00001863,agree,one_c_code_maps_multiple_bitrix_ids,rb-1c-review-v1
20150,"Аккумулятор Delta FT 12-105 M (AGM, 105Ah)",,КА-00001863,,Аккумуляторная батарея Delta FT 12-50 M,DELTAFT12,yes,0.6,sig+brand+generic,КА-00002602,differ,confidence_not_0_95;generic_match_method;one_c_code_maps_multiple_bitrix_ids,rb-1c-review-v1
20151,"Аккумулятор Delta FT 12-125 M (AGM, 125Ah)",,КА-00002317,,Аккумулятор Delta FT 12-125 M,DELTAFT12125,yes,0.95,sig+brand,КА-00002317,agree,one_c_code_maps_multiple_bitrix_ids,rb-1c-review-v1
20152,"Аккумулятор Delta FT 12-150 M (AGM, 150Ah)",,КА-00001863,,Аккумуляторная батарея Delta FT 12-50 M,DELTAFT12,yes,0.6,sig+brand+generic,КА-00001614,differ,confidence_not_0_95;generic_match_method;one_c_code_maps_multiple_bitrix_ids,rb-1c-review-v1
20153,"Аккумулятор Delta FT 12-180 M (AGM, 180Ah)",,КА-00001863,,Аккумуляторная батарея Delta FT 12-50 M,DELTAFT12,yes,0.6,sig+brand+generic,КА-00001614,differ,confidence_not_0_95;generic_match_method;one_c_code_maps_multiple_bitrix_ids,rb-1c-review-v1
20161,"Аккумулятор Delta XPERT HRL 12-350 W (AGM, 75Ah)",,КА-00001618,,Аккумуляторная батарея HRL12-350W Delta-12V 75Ah,HRL12350W,no,0.85,sig,КА-00000259,differ,confidence_not_0_95;brand_not_confirmed,rb-1c-review-v1
20164,"Аккумулятор Delta XPERT HRL 12-650 W (AGM, 150Ah)",,КА-00004972,,Аккумулятор Ventura HRL 12650W,HRL12650W,no,0.85,sig,КА-00000259,differ,confidence_not_0_95;brand_not_confirmed;one_c_code_maps_multiple_bitrix_ids,rb-1c-review-v1
20170,"Аккумулятор Delta XPERT HRL 12-260W (AGM, 55Ah)",,КА-00005338,,Аккумуляторная батарея HRL 12-260W (VENTURA) /Вьетнам/,HRL12260W,no,0.85,sig,КА-00000259,differ,confidence_not_0_95;brand_not_confirmed;one_c_code_maps_multiple_bitrix_ids,rb-1c-review-v1
20172,"Аккумулятор Delta XPERT HRL 12-155 W (AGM, 28Ah)",,КА-00003302,,Аккумуляторная батарея HRL 12-155 W (12V28Ah),HRL12155W,no,0.85,sig,КА-00000259,differ,confidence_not_0_95;brand_not_confirmed;one_c_code_maps_multiple_bitrix_ids,rb-1c-review-v1
20173,"Аккумулятор Delta XPERT FTS 12-50 X (AGM, 50Ah)",,КА-00006758,,Аккумуляторная батарея Delta FTS 12-50 X /Китай/,FTS1250X,yes,0.95,sig+brand,КА-00006758,agree,one_c_code_maps_multiple_bitrix_ids,rb-1c-review-v1
20175,"Аккумулятор Delta XPERT FTS 12-100 X (AGM, 100Ah)",,КА-00006757,,Аккумуляторная батарея Delta FTS 12-100 X /Китай/,FTS12100X,yes,0.95,sig+brand,КА-00006757,agree,one_c_code_maps_multiple_bitrix_ids,rb-1c-review-v1
20176,"Аккумулятор Delta XPERT FTS 12-105 X (AGM, 105Ah)",,КА-00005743,,Аккумуляторная батарея Delta FTS 12-105 X /Китай/,FTS12105X,yes,0.95,sig+brand,КА-00005743,agree,one_c_code_maps_multiple_bitrix_ids,rb-1c-review-v1
20179,"Аккумулятор Delta XPERT FTS 12-150 X (AGM, 150Ah)",,КА-00007126,,Аккумуляторная батарея Delta FTS 12-150 X,FTS12150X,yes,0.95,sig+brand,КА-00007126,agree,one_c_code_maps_multiple_bitrix_ids,rb-1c-review-v1
20180,"Аккумулятор Delta XPERT FTS 12-180 X (AGM, 180Ah)",,КА-00005187,,"Аккумуляторная батарея Delta FTS 12-180 X, QHI3MS8 /Вьетнам/",FTS12180X,yes,0.95,sig+brand,КА-00005119,differ,one_c_code_maps_multiple_bitrix_ids,rb-1c-review-v1
20191,"Аккумулятор Delta XPERT STC 2000 (AGM, 2000Ah)",4622,КА-00005467,,Аккумулятор Cameron Sino Ni-MH CS-RBS950BL 7.2V 2000Ah /Китай/,2000AH,no,0.85,sig,,new,confidence_not_0_95;brand_not_confirmed;one_c_code_maps_multiple_bitrix_ids,rb-1c-review-v1
23791,"Внешний батарейный блок APC SURT192XLBP (AGM, 10Ah)",20089,КА-00005708,,"Внешний батарейный блок APC SRT192BP2 (AGM, 10Ah)",AGM10AH,no,0.85,sig,,new,confidence_not_0_95;brand_not_confirmed;one_c_code_maps_multiple_bitrix_ids,rb-1c-review-v1
23793,"Внешний батарейный блок APC SRT192RMBP2 (AGM, 10Ah)",20089,КА-00005708,,"Внешний батарейный блок APC SRT192BP2 (AGM, 10Ah)",AGM10AH,no,0.85,sig,,new,confidence_not_0_95;brand_not_confirmed;one_c_code_maps_multiple_bitrix_ids,rb-1c-review-v1
23808,"Внешний батарейный блок APC SRT192RMBP (AGM, 10Ah)",20089,КА-00005708,,"Внешний батарейный блок APC SRT192BP2 (AGM, 10Ah)",AGM10AH,no,0.85,sig,,new,confidence_not_0_95;brand_not_confirmed;one_c_code_maps_multiple_bitrix_ids,rb-1c-review-v1
23809,"Внешний батарейный блок APC SURT192RMXLBP (AGM, 11Ah)",,КА-00006114,,Аккумулятор свинцо-кислотный APC SURT192RMXLBP-CH /Китай/,APCSURT192RMXLBP,no,0.95,sig,КА-00006114,agree,brand_not_confirmed,rb-1c-review-v1
23810,"Внешний батарейный блок APC SMX120RMBP2U (AGM, 10Ah)",20089,КА-00005708,,"Внешний батарейный блок APC SRT192BP2 (AGM, 10Ah)",AGM10AH,no,0.85,sig,,new,confidence_not_0_95;brand_not_confirmed;one_c_code_maps_multiple_bitrix_ids,rb-1c-review-v1
23815,"Внешний батарейный блок APC SRT192BP2 (AGM, 10Ah)",,КА-00005708,,"Внешний батарейный блок APC SRT192BP2 (AGM, 10Ah)",БЛОКAPCSRT192BP2,yes,0.95,sig+brand,КА-00005708,agree,one_c_code_maps_multiple_bitrix_ids,rb-1c-review-v1
23818,"Аккумулятор APCRBC141 для ИБП APC (GEL, 5Ah)",,КА-00003237,,Аккумулятор свинцовый APCRBC141 (12В/5 Ач),APCRBC141,yes,0.6,sig+brand+generic,КА-00003237,agree,confidence_not_0_95;generic_match_method,rb-1c-review-v1
23840,"Внешний батарейный блок APC SMX120BP (AGM, 5Ah)",20089,КА-00005195,,"EnerSys Cyclon X Cell (AGM, 5 Ah, 2V)",AGM5AH,no,0.85,sig,,new,confidence_not_0_95;brand_not_confirmed;one_c_code_maps_multiple_bitrix_ids,rb-1c-review-v1
23938,"Аккумулятор Keheng Battery KH-ES-4850R1 (LiFePO4, 50Ah, 51.2V)",23937,КА-00000063,,"Аккумулятор Lifepo4 IFR18650 3,7V 1500mah (Китай)",LIFEPO4,no,0.6,sig+generic,,new,confidence_not_0_95;brand_not_confirmed;generic_match_method;one_c_code_maps_multiple_bitrix_ids,rb-1c-review-v1
23939,"Аккумулятор Keheng Battery KH-ES-4850R2 (LiFePO4, 50Ah, 51.2V)",23937,КА-00000063,,"Аккумулятор Lifepo4 IFR18650 3,7V 1500mah (Китай)",LIFEPO4,no,0.6,sig+generic,,new,confidence_not_0_95;brand_not_confirmed;generic_match_method;one_c_code_maps_multiple_bitrix_ids,rb-1c-review-v1
23940,"Аккумулятор Keheng Battery KH-ES-48100R1 (LiFePO4, 100Ah, 51.2V)",23937,КА-00000063,,"Аккумулятор Lifepo4 IFR18650 3,7V 1500mah (Китай)",LIFEPO4,no,0.6,sig+generic,,new,confidence_not_0_95;brand_not_confirmed;generic_match_method;one_c_code_maps_multiple_bitrix_ids,rb-1c-review-v1
23941,"Аккумулятор Keheng Battery KH-ES-48200R1 (LiFePO4, 200Ah, 51.2V)",23937,КА-00005276,,Аккумулятор LiFePO4 200Ah TBB Power M12-200/H,LIFEPO4200AH,no,0.95,sig,КА-00005276,agree,brand_not_confirmed;one_c_code_maps_multiple_bitrix_ids,rb-1c-review-v1
23943,"Аккумулятор Deye SE-G5.1PRO (LiFePO4, 100Ah, 51.2V)",23942,КА-00000063,,"Аккумулятор Lifepo4 IFR18650 3,7V 1500mah (Китай)",LIFEPO4,no,0.6,sig+generic,,new,confidence_not_0_95;brand_not_confirmed;generic_match_method;one_c_code_maps_multiple_bitrix_ids,rb-1c-review-v1
23944,"Аккумулятор PCEnersys 4850 (LiFePO4, 100Ah, 48V)",23945,КА-00000063,,"Аккумулятор Lifepo4 IFR18650 3,7V 1500mah (Китай)",LIFEPO4,no,0.6,sig+generic,,new,confidence_not_0_95;brand_not_confirmed;generic_match_method;one_c_code_maps_multiple_bitrix_ids,rb-1c-review-v1
24448,"Аккумулятор Contact GP 12-12 (AGM, 12Ah)",,КА-00001379,О4.2.52.24.,"Аккумулятор CONTACT GP 12-7 F1 (12V/7Ah),ВЬЕТНАМ",CONTACTGP12,yes,0.6,sig+brand+generic,КА-00000141,differ,confidence_not_0_95;generic_match_method;one_c_code_maps_multiple_bitrix_ids,rb-1c-review-v1
24449,"Аккумулятор Contact GP 12-7 (AGM, 7Ah)",,КА-00001379,О4.2.52.24.,"Аккумулятор CONTACT GP 12-7 F1 (12V/7Ah),ВЬЕТНАМ",CONTACTGP127,yes,0.95,sig+brand,КА-00000302,differ,one_c_code_maps_multiple_bitrix_ids,rb-1c-review-v1
24450,"Аккумулятор Contact КТ 12-40 (AGM, 40Ah)",24444,КА-00000316,,Аккумуляторная батарея GPL 12-40 AGM/CONTACT/Вьетнам/,1240AGM,no,0.85,sig,,new,confidence_not_0_95;brand_not_confirmed;one_c_code_maps_multiple_bitrix_ids,rb-1c-review-v1
24451,"Аккумулятор Contact КТ 12-7 (AGM, 7Ah)",24444,КА-00000302,,Аккумулятор GP 12-7 AGM/CONTACT  /Вьетнам/,127AGM,no,0.6,sig+generic,,new,confidence_not_0_95;brand_not_confirmed;generic_match_method,rb-1c-review-v1
24518,"Аккумулятор EnerSys Cyclon E Cell (AGM, 8 Ah, 2V)",,КА-00005894,,"Аккумулятор EnerSys Cyclon Monobloc 0859-0010 (AGM, 8Ah, 4V) / США",AGM8AH,yes,0.95,sig+brand,КА-00005195,differ,one_c_code_maps_multiple_bitrix_ids,rb-1c-review-v1
24519,"Аккумулятор EnerSys Cyclon DT Cell (AGM, 4.5 Ah, 2V)",,КА-00003890,,"Аккумулятор Ventura GPL 12-45 (AGM, 45Ah), ВЬЕТНАМ",AGM45AH,no,0.85,sig,КА-00005195,differ,confidence_not_0_95;brand_not_confirmed;one_c_code_maps_multiple_bitrix_ids,rb-1c-review-v1
24520,"Аккумулятор EnerSys Cyclon 0800-F2W (AGM, 5Ah, 4V)",,КА-00007113,,Аккумулятор свинцово-кислотный EnerSys Cyclon 0800-0115 12V 5Ah /Китай/,ENERSYSCYCLON0800,yes,0.95,sig+brand,КА-00007113,agree,one_c_code_maps_multiple_bitrix_ids,rb-1c-review-v1
24521,"Аккумулятор EnerSys Cyclon 0800-0009 (AGM, 5Ah, 4V)",,КА-00007113,,Аккумулятор свинцово-кислотный EnerSys Cyclon 0800-0115 12V 5Ah /Китай/,ENERSYSCYCLON0800,yes,0.95,sig+brand,КА-00007113,agree,one_c_code_maps_multiple_bitrix_ids,rb-1c-review-v1
24522,"Аккумулятор EnerSys Cyclon 0800-0010 (AGM, 5Ah, 4V)",,КА-00007113,,Аккумулятор свинцово-кислотный EnerSys Cyclon 0800-0115 12V 5Ah /Китай/,ENERSYSCYCLON0800,yes,0.95,sig+brand,КА-00007113,agree,one_c_code_maps_multiple_bitrix_ids,rb-1c-review-v1
24524,"Аккумулятор EnerSys Cyclon 0800-0011 (AGM, 5Ah, 6V)",,КА-00007113,,Аккумулятор свинцово-кислотный EnerSys Cyclon 0800-0115 12V 5Ah /Китай/,ENERSYSCYCLON0800,yes,0.95,sig+brand,КА-00007113,agree,one_c_code_maps_multiple_bitrix_ids,rb-1c-review-v1
24525,"Аккумулятор EnerSys Cyclon 0800-0071 (AGM, 5Ah, 6V)",,КА-00007113,,Аккумулятор свинцово-кислотный EnerSys Cyclon 0800-0115 12V 5Ah /Китай/,ENERSYSCYCLON0800,yes,0.95,sig+brand,КА-00007113,agree,one_c_code_maps_multiple_bitrix_ids,rb-1c-review-v1
24528,"Аккумулятор EnerSys Cyclon 0800-0102 (AGM, 5Ah, 6V)",,КА-00007113,,Аккумулятор свинцово-кислотный EnerSys Cyclon 0800-0115 12V 5Ah /Китай/,ENERSYSCYCLON0800,yes,0.95,sig+brand,КА-00007113,agree,one_c_code_maps_multiple_bitrix_ids,rb-1c-review-v1
24529,"Аккумулятор EnerSys Cyclon 0800-0103 (AGM, 5Ah, 6V)",,КА-00007113,,Аккумулятор свинцово-кислотный EnerSys Cyclon 0800-0115 12V 5Ah /Китай/,ENERSYSCYCLON0800,yes,0.95,sig+brand,КА-00007113,agree,one_c_code_maps_multiple_bitrix_ids,rb-1c-review-v1
24533,"Аккумулятор EnerSys Cyclon 0850-0102 (AGM, 8Ah, 6V)",4629,КА-00005894,,"Аккумулятор EnerSys Cyclon Monobloc 0859-0010 (AGM, 8Ah, 4V) / США",AGM8AH,no,0.85,sig,,new,confidence_not_0_95;brand_not_confirmed;one_c_code_maps_multiple_bitrix_ids,rb-1c-review-v1
24534,"Аккумулятор EnerSys Cyclon 0850-0103 (AGM, 8Ah, 6V)",4629,КА-00005894,,"Аккумулятор EnerSys Cyclon Monobloc 0859-0010 (AGM, 8Ah, 4V) / США",AGM8AH,no,0.85,sig,,new,confidence_not_0_95;brand_not_confirmed;one_c_code_maps_multiple_bitrix_ids,rb-1c-review-v1
24535,"Аккумулятор EnerSys Cyclon 0860-0102 (AGM, 4.5Ah, 6V)",4629,КА-00003890,,"Аккумулятор Ventura GPL 12-45 (AGM, 45Ah), ВЬЕТНАМ",AGM45AH,no,0.85,sig,,new,confidence_not_0_95;brand_not_confirmed;one_c_code_maps_multiple_bitrix_ids,rb-1c-review-v1
24536,"Аккумулятор EnerSys Cyclon 0860-0103 (AGM, 4.5Ah, 6V)",4629,КА-00003890,,"Аккумулятор Ventura GPL 12-45 (AGM, 45Ah), ВЬЕТНАМ",AGM45AH,no,0.85,sig,КА-00003890,agree,confidence_not_0_95;brand_not_confirmed;one_c_code_maps_multiple_bitrix_ids,rb-1c-review-v1
24537,"Аккумулятор EnerSys Cyclon 0800-0104 (AGM, 5Ah, 8V)",,КА-00007113,,Аккумулятор свинцово-кислотный EnerSys Cyclon 0800-0115 12V 5Ah /Китай/,ENERSYSCYCLON0800,yes,0.95,sig+brand,КА-00007113,agree,one_c_code_maps_multiple_bitrix_ids,rb-1c-review-v1
24538,"Аккумулятор EnerSys Cyclon 0800-0105 (AGM, 5Ah, 8V)",,КА-00007113,,Аккумулятор свинцово-кислотный EnerSys Cyclon 0800-0115 12V 5Ah /Китай/,ENERSYSCYCLON0800,yes,0.95,sig+brand,КА-00007113,agree,one_c_code_maps_multiple_bitrix_ids,rb-1c-review-v1
24541,"Аккумулятор EnerSys Cyclon 0800-0008 (AGM, 5Ah, 12V)",,КА-00007113,,Аккумулятор свинцово-кислотный EnerSys Cyclon 0800-0115 12V 5Ah /Китай/,ENERSYSCYCLON0800,yes,0.95,sig+brand,КА-00007113,agree,one_c_code_maps_multiple_bitrix_ids,rb-1c-review-v1
24542,"Аккумулятор EnerSys Cyclon 0800-0016 (AGM, 5Ah, 12V)",,КА-00007113,,Аккумулятор свинцово-кислотный EnerSys Cyclon 0800-0115 12V 5Ah /Китай/,ENERSYSCYCLON0800,yes,0.95,sig+brand,КА-00007113,agree,one_c_code_maps_multiple_bitrix_ids,rb-1c-review-v1
24543,"Аккумулятор EnerSys Cyclon 0800-0047 (AGM, 5Ah, 12V)",,КА-00007113,,Аккумулятор свинцово-кислотный EnerSys Cyclon 0800-0115 12V 5Ah /Китай/,ENERSYSCYCLON0800,yes,0.95,sig+brand,КА-00007113,agree,one_c_code_maps_multiple_bitrix_ids,rb-1c-review-v1
24544,"Аккумулятор EnerSys Cyclon 0800-0072 (AGM, 5Ah, 12V)",,КА-00007113,,Аккумулятор свинцово-кислотный EnerSys Cyclon 0800-0115 12V 5Ah /Китай/,ENERSYSCYCLON0800,yes,0.95,sig+brand,КА-00007113,agree,one_c_code_maps_multiple_bitrix_ids,rb-1c-review-v1
24545,"Аккумулятор EnerSys Cyclon 0800-0108 (AGM, 5Ah, 12V)",,КА-00007113,,Аккумулятор свинцово-кислотный EnerSys Cyclon 0800-0115 12V 5Ah /Китай/,ENERSYSCYCLON0800,yes,0.95,sig+brand,КА-00007113,agree,one_c_code_maps_multiple_bitrix_ids,rb-1c-review-v1
24546,"Аккумулятор EnerSys Cyclon 0800-0109 (AGM, 5Ah, 12V)",,КА-00007113,,Аккумулятор свинцово-кислотный EnerSys Cyclon 0800-0115 12V 5Ah /Китай/,ENERSYSCYCLON0800,yes,0.95,sig+brand,КА-00007113,agree,one_c_code_maps_multiple_bitrix_ids,rb-1c-review-v1
24549,"Аккумулятор EnerSys Cyclon 0800-0114 (AGM, 5Ah, 12V)",,КА-00007113,,Аккумулятор свинцово-кислотный EnerSys Cyclon 0800-0115 12V 5Ah /Китай/,ENERSYSCYCLON0800,yes,0.95,sig+brand,КА-00007113,agree,one_c_code_maps_multiple_bitrix_ids,rb-1c-review-v1
24550,"Аккумулятор EnerSys Cyclon 0800-0115 (AGM, 5Ah, 12V)",,КА-00007113,,Аккумулятор свинцово-кислотный EnerSys Cyclon 0800-0115 12V 5Ah /Китай/,ENERSYSCYCLON0800,yes,0.95,sig+brand,КА-00007113,agree,one_c_code_maps_multiple_bitrix_ids,rb-1c-review-v1
24551,"Аккумулятор EnerSys Cyclon 0810-0008 (AGM, 2.5Ah, 12V)",4629,КА-00003376,,"Аккумулятор Ventura HRL 12-21 5,5Ah 12V",5AH12V,no,0.85,sig,,new,confidence_not_0_95;brand_not_confirmed;one_c_code_maps_multiple_bitrix_ids,rb-1c-review-v1
24552,"Аккумулятор EnerSys Cyclon 0810-0016 (AGM, 2.5Ah, 12V)",4629,КА-00003376,,"Аккумулятор Ventura HRL 12-21 5,5Ah 12V",5AH12V,no,0.85,sig,,new,confidence_not_0_95;brand_not_confirmed;one_c_code_maps_multiple_bitrix_ids,rb-1c-review-v1
24553,"Аккумулятор EnerSys Cyclon 0810-0067 (AGM, 2.5Ah, 12V)",4629,КА-00003376,,"Аккумулятор Ventura HRL 12-21 5,5Ah 12V",5AH12V,no,0.85,sig,,new,confidence_not_0_95;brand_not_confirmed;one_c_code_maps_multiple_bitrix_ids,rb-1c-review-v1
24554,"Аккумулятор EnerSys Cyclon 0810-0075 (AGM, 2.5Ah, 12V)",4629,КА-00003376,,"Аккумулятор Ventura HRL 12-21 5,5Ah 12V",5AH12V,no,0.85,sig,,new,confidence_not_0_95;brand_not_confirmed;one_c_code_maps_multiple_bitrix_ids,rb-1c-review-v1
24555,"Аккумулятор EnerSys Cyclon 0810-0108 (AGM, 2.5Ah, 12V)",4629,КА-00003376,,"Аккумулятор Ventura HRL 12-21 5,5Ah 12V",5AH12V,no,0.85,sig,,new,confidence_not_0_95;brand_not_confirmed;one_c_code_maps_multiple_bitrix_ids,rb-1c-review-v1
24556,"Аккумулятор EnerSys Cyclon 0800-0109 (AGM, 2.5Ah, 12V)",,КА-00007113,,Аккумулятор свинцово-кислотный EnerSys Cyclon 0800-0115 12V 5Ah /Китай/,ENERSYSCYCLON0800,yes,0.95,sig+brand,КА-00007113,agree,one_c_code_maps_multiple_bitrix_ids,rb-1c-review-v1
24557,"Аккумулятор EnerSys Cyclon 0800-0114 (AGM, 2.5Ah, 12V)",,КА-00007113,,Аккумулятор свинцово-кислотный EnerSys Cyclon 0800-0115 12V 5Ah /Китай/,ENERSYSCYCLON0800,yes,0.95,sig+brand,КА-00007113,agree,one_c_code_maps_multiple_bitrix_ids,rb-1c-review-v1
24558,"Аккумулятор EnerSys Cyclon 0800-0115 (AGM, 2.5Ah, 12V)",,КА-00007113,,Аккумулятор свинцово-кислотный EnerSys Cyclon 0800-0115 12V 5Ah /Китай/,ENERSYSCYCLON0800,yes,0.95,sig+brand,КА-00007113,agree,one_c_code_maps_multiple_bitrix_ids,rb-1c-review-v1
24560,"Аккумулятор EnerSys Cyclon 0850-0108 (AGM, 8Ah, 12V)",4629,КА-00005894,,"Аккумулятор EnerSys Cyclon Monobloc 0859-0010 (AGM, 8Ah, 4V) / США",AGM8AH,no,0.85,sig,,new,confidence_not_0_95;brand_not_confirmed;one_c_code_maps_multiple_bitrix_ids,rb-1c-review-v1
24561,"Аккумулятор EnerSys Cyclon 0850-0109 (AGM, 8Ah, 12V)",4629,КА-00005894,,"Аккумулятор EnerSys Cyclon Monobloc 0859-0010 (AGM, 8Ah, 4V) / США",AGM8AH,no,0.85,sig,,new,confidence_not_0_95;brand_not_confirmed;one_c_code_maps_multiple_bitrix_ids,rb-1c-review-v1
24562,"Аккумулятор EnerSys Cyclon 0850-0114 (AGM, 8Ah, 12V)",4629,КА-00005894,,"Аккумулятор EnerSys Cyclon Monobloc 0859-0010 (AGM, 8Ah, 4V) / США",AGM8AH,no,0.85,sig,,new,confidence_not_0_95;brand_not_confirmed;one_c_code_maps_multiple_bitrix_ids,rb-1c-review-v1
24563,"Аккумулятор EnerSys Cyclon 0850-0115 (AGM, 8Ah, 12V)",4629,КА-00005894,,"Аккумулятор EnerSys Cyclon Monobloc 0859-0010 (AGM, 8Ah, 4V) / США",AGM8AH,no,0.85,sig,,new,confidence_not_0_95;brand_not_confirmed;one_c_code_maps_multiple_bitrix_ids,rb-1c-review-v1
24564,"Аккумулятор EnerSys Cyclon 0860-0108 (AGM, 4.5Ah, 12V)",4629,КА-00003890,,"Аккумулятор Ventura GPL 12-45 (AGM, 45Ah), ВЬЕТНАМ",AGM45AH,no,0.85,sig,КА-00003890,agree,confidence_not_0_95;brand_not_confirmed;one_c_code_maps_multiple_bitrix_ids,rb-1c-review-v1
24565,"Аккумулятор EnerSys Cyclon 0860-0109 (AGM, 4.5Ah, 12V)",4629,КА-00003890,,"Аккумулятор Ventura GPL 12-45 (AGM, 45Ah), ВЬЕТНАМ",AGM45AH,no,0.85,sig,КА-00003890,agree,confidence_not_0_95;brand_not_confirmed;one_c_code_maps_multiple_bitrix_ids,rb-1c-review-v1
24566,"Аккумулятор EnerSys Cyclon 0860-0114 (AGM, 4.5Ah, 12V)",4629,КА-00003890,,"Аккумулятор Ventura GPL 12-45 (AGM, 45Ah), ВЬЕТНАМ",AGM45AH,no,0.85,sig,КА-00003890,agree,confidence_not_0_95;brand_not_confirmed;one_c_code_maps_multiple_bitrix_ids,rb-1c-review-v1
24567,"Аккумулятор EnerSys Cyclon 0860-0115 (AGM, 4.5Ah, 12V)",4629,КА-00003890,,"Аккумулятор Ventura GPL 12-45 (AGM, 45Ah), ВЬЕТНАМ",AGM45AH,no,0.85,sig,,new,confidence_not_0_95;brand_not_confirmed;one_c_code_maps_multiple_bitrix_ids,rb-1c-review-v1
24568,"Аккумулятор EnerSys Cyclon Monobloc 0809-0012 (AGM, 5Ah, 6V)",4629,КА-00005195,,"EnerSys Cyclon X Cell (AGM, 5 Ah, 2V)",AGM5AH,no,0.85,sig,,new,confidence_not_0_95;brand_not_confirmed;one_c_code_maps_multiple_bitrix_ids,rb-1c-review-v1
24569,"Аккумулятор EnerSys Cyclon Monobloc 0809-0020 (AGM, 5Ah, 12V)",4629,КА-00005195,,"EnerSys Cyclon X Cell (AGM, 5 Ah, 2V)",AGM5AH,no,0.85,sig,,new,confidence_not_0_95;brand_not_confirmed;one_c_code_maps_multiple_bitrix_ids,rb-1c-review-v1
24570,"Аккумулятор EnerSys Cyclon Monobloc 0809-0030 (AGM, 5Ah, 12V)",4629,КА-00005195,,"EnerSys Cyclon X Cell (AGM, 5 Ah, 2V)",AGM5AH,no,0.85,sig,,new,confidence_not_0_95;brand_not_confirmed;one_c_code_maps_multiple_bitrix_ids,rb-1c-review-v1
24571,"Аккумулятор EnerSys Cyclon Monobloc 0819-0010 (AGM, 2.5Ah, 4V)",4629,КА-00005894,,"Аккумулятор EnerSys Cyclon Monobloc 0859-0010 (AGM, 8Ah, 4V) / США",0010AGM,no,0.85,sig,,new,confidence_not_0_95;brand_not_confirmed;one_c_code_maps_multiple_bitrix_ids,rb-1c-review-v1
24574,"Аккумулятор EnerSys Cyclon Monobloc 0819-0016 (AGM, 2.5Ah, 12V)",4629,КА-00003376,,"Аккумулятор Ventura HRL 12-21 5,5Ah 12V",5AH12V,no,0.85,sig,,new,confidence_not_0_95;brand_not_confirmed;one_c_code_maps_multiple_bitrix_ids,rb-1c-review-v1
24576,"Аккумулятор EnerSys Cyclon Monobloc 0819-0020 (AGM, 2.5Ah, 12V)",4629,КА-00003376,,"Аккумулятор Ventura HRL 12-21 5,5Ah 12V",5AH12V,no,0.85,sig,,new,confidence_not_0_95;brand_not_confirmed;one_c_code_maps_multiple_bitrix_ids,rb-1c-review-v1
24577,"Аккумулятор EnerSys Cyclon Monobloc 0819-0030 (AGM, 2.5Ah, 12V)",4629,КА-00003376,,"Аккумулятор Ventura HRL 12-21 5,5Ah 12V",5AH12V,no,0.85,sig,,new,confidence_not_0_95;brand_not_confirmed;one_c_code_maps_multiple_bitrix_ids,rb-1c-review-v1
24580,"Аккумулятор EnerSys Cyclon Monobloc 0859-0010 (AGM, 8Ah, 4V)",4629,КА-00005894,,"Аккумулятор EnerSys Cyclon Monobloc 0859-0010 (AGM, 8Ah, 4V) / США",CYCLONMONOBLOC0859,no,0.95,sig,КА-00005894,agree,brand_not_confirmed;one_c_code_maps_multiple_bitrix_ids,rb-1c-review-v1
24581,"Аккумулятор EnerSys Cyclon Monobloc 0859-0014 (AGM, 8Ah, 8V)",4629,КА-00005894,,"Аккумулятор EnerSys Cyclon Monobloc 0859-0010 (AGM, 8Ah, 4V) / США",CYCLONMONOBLOC0859,no,0.95,sig,,new,brand_not_confirmed;one_c_code_maps_multiple_bitrix_ids,rb-1c-review-v1
24582,"Аккумулятор EnerSys Cyclon Monobloc 0859-0016 (AGM, 8Ah, 12V)",4629,КА-00005894,,"Аккумулятор EnerSys Cyclon Monobloc 0859-0010 (AGM, 8Ah, 4V) / США",CYCLONMONOBLOC0859,no,0.95,sig,,new,brand_not_confirmed;one_c_code_maps_multiple_bitrix_ids,rb-1c-review-v1
24583,"Аккумулятор EnerSys Cyclon Monobloc 0859-0019 (AGM, 8Ah, 8V)",4629,КА-00005894,,"Аккумулятор EnerSys Cyclon Monobloc 0859-0010 (AGM, 8Ah, 4V) / США",CYCLONMONOBLOC0859,no,0.95,sig,,new,brand_not_confirmed;one_c_code_maps_multiple_bitrix_ids,rb-1c-review-v1
24584,"Аккумулятор EnerSys Cyclon Monobloc 0859-0020 (AGM, 8Ah, 12V)",4629,КА-00005894,,"Аккумулятор EnerSys Cyclon Monobloc 0859-0010 (AGM, 8Ah, 4V) / США",CYCLONMONOBLOC0859,no,0.95,sig,,new,brand_not_confirmed;one_c_code_maps_multiple_bitrix_ids,rb-1c-review-v1
24585,"Аккумулятор EnerSys Cyclon Monobloc 0859-0030 (AGM, 8Ah, 12V)",4629,КА-00005894,,"Аккумулятор EnerSys Cyclon Monobloc 0859-0010 (AGM, 8Ah, 4V) / США",CYCLONMONOBLOC0859,no,0.95,sig,,new,brand_not_confirmed;one_c_code_maps_multiple_bitrix_ids,rb-1c-review-v1
24586,"Аккумулятор EnerSys Cyclon Monobloc 4X0859-0012E (AGM, 8Ah, 24V)",4629,КА-00005894,,"Аккумулятор EnerSys Cyclon Monobloc 0859-0010 (AGM, 8Ah, 4V) / США",AGM8AH,no,0.85,sig,,new,confidence_not_0_95;brand_not_confirmed;one_c_code_maps_multiple_bitrix_ids,rb-1c-review-v1
25046,Источник бесперебойного питания APC Smart UPS SRT 3000VA,,КА-00006872,,Источник бесперебойного питания APC Smart-UPS 3000VA (SMT3000IC) / Китай,3000VA,yes,0.95,sig+brand,КА-00006872,agree,one_c_code_maps_multiple_bitrix_ids,rb-1c-review-v1
25054,Источник бесперебойного питания APC Smart-UPS C 1000VA,,КА-00005734,,ИБП Сайбер Электро ЭКСПЕРТ-II-1000Р 1000VA/1000W 2U/LCD/USB/RS-232/EPO/SNMPslot/RJ11/45/(8 IEC С13./,1000VA,no,0.85,sig,КА-00005734,agree,confidence_not_0_95;brand_not_confirmed;one_c_code_maps_multiple_bitrix_ids,rb-1c-review-v1
25056,Источник бесперебойного питания APC Smart-UPS 1000VA,,КА-00005734,,ИБП Сайбер Электро ЭКСПЕРТ-II-1000Р 1000VA/1000W 2U/LCD/USB/RS-232/EPO/SNMPslot/RJ11/45/(8 IEC С13./,1000VA,no,0.85,sig,КА-00005734,agree,confidence_not_0_95;brand_not_confirmed;one_c_code_maps_multiple_bitrix_ids,rb-1c-review-v1
25057,Источник бесперебойного питания APC Smart-UPS 1000VA USB & Serial RM,,КА-00005734,,ИБП Сайбер Электро ЭКСПЕРТ-II-1000Р 1000VA/1000W 2U/LCD/USB/RS-232/EPO/SNMPslot/RJ11/45/(8 IEC С13./,1000VA,no,0.85,sig,КА-00005734,agree,confidence_not_0_95;brand_not_confirmed;one_c_code_maps_multiple_bitrix_ids,rb-1c-review-v1
25061,Источник бесперебойного питания APC Smart-UPS 1500VA LCD RM,,КА-00005636,,ИБП CyberPower UT1500EIG 1500VA/900W LED/USB/RJ11/45 (6 IEC С13) 12V/7.5Ah*2/USB charger A/C,1500VA,no,0.85,sig,КА-00005636,agree,confidence_not_0_95;brand_not_confirmed;one_c_code_maps_multiple_bitrix_ids,rb-1c-review-v1
25062,Источник бесперебойного питания APC Smart-UPS 1500VA LCD,,КА-00005636,,ИБП CyberPower UT1500EIG 1500VA/900W LED/USB/RJ11/45 (6 IEC С13) 12V/7.5Ah*2/USB charger A/C,1500VA,no,0.85,sig,КА-00005636,agree,confidence_not_0_95;brand_not_confirmed;one_c_code_maps_multiple_bitrix_ids,rb-1c-review-v1
25065,Источник бесперебойного питания APC Smart-UPS 1000VA LCD,,КА-00005734,,ИБП Сайбер Электро ЭКСПЕРТ-II-1000Р 1000VA/1000W 2U/LCD/USB/RS-232/EPO/SNMPslot/RJ11/45/(8 IEC С13./,1000VA,no,0.85,sig,КА-00005734,agree,confidence_not_0_95;brand_not_confirmed;one_c_code_maps_multiple_bitrix_ids,rb-1c-review-v1
25066,Источник бесперебойного питания APC Smart-UPS RT 1000VA,,КА-00005734,,ИБП Сайбер Электро ЭКСПЕРТ-II-1000Р 1000VA/1000W 2U/LCD/USB/RS-232/EPO/SNMPslot/RJ11/45/(8 IEC С13./,1000VA,no,0.85,sig,КА-00005734,agree,confidence_not_0_95;brand_not_confirmed;one_c_code_maps_multiple_bitrix_ids,rb-1c-review-v1
25067,Источник бесперебойного питания APC Smart-UPS C 1500VA,,КА-00005636,,ИБП CyberPower UT1500EIG 1500VA/900W LED/USB/RJ11/45 (6 IEC С13) 12V/7.5Ah*2/USB charger A/C,1500VA,no,0.85,sig,КА-00005636,agree,confidence_not_0_95;brand_not_confirmed;one_c_code_maps_multiple_bitrix_ids,rb-1c-review-v1
25068,Источник бесперебойного питания APC Smart-UPS X 1500VA Rack/Tower LCD,,КА-00005636,,ИБП CyberPower UT1500EIG 1500VA/900W LED/USB/RJ11/45 (6 IEC С13) 12V/7.5Ah*2/USB charger A/C,1500VA,no,0.85,sig,КА-00005636,agree,confidence_not_0_95;brand_not_confirmed;one_c_code_maps_multiple_bitrix_ids,rb-1c-review-v1
25070,Источник бесперебойного питания APC Smart-UPS 1U 1500VA LCD,,КА-00005636,,ИБП CyberPower UT1500EIG 1500VA/900W LED/USB/RJ11/45 (6 IEC С13) 12V/7.5Ah*2/USB charger A/C,1500VA,no,0.85,sig,КА-00005636,agree,confidence_not_0_95;brand_not_confirmed;one_c_code_maps_multiple_bitrix_ids,rb-1c-review-v1
25071,Источник бесперебойного питания APC Smart-UPS C 3000VA LCD,,КА-00006872,,Источник бесперебойного питания APC Smart-UPS 3000VA (SMT3000IC) / Китай,3000VA,yes,0.95,sig+brand,КА-00006872,agree,one_c_code_maps_multiple_bitrix_ids,rb-1c-review-v1
25072,Источник бесперебойного питания APC Smart-UPS C 3000VA RM LCD,,КА-00006872,,Источник бесперебойного питания APC Smart-UPS 3000VA (SMT3000IC) / Китай,3000VA,yes,0.95,sig+brand,КА-00006872,agree,one_c_code_maps_multiple_bitrix_ids,rb-1c-review-v1
25099,Источник бесперебойного питания CyberPower Professional RM LCD 3000VA,,КА-00006872,,Источник бесперебойного питания APC Smart-UPS 3000VA (SMT3000IC) / Китай,3000VA,yes,0.95,sig+brand,КА-00006872,agree,one_c_code_maps_multiple_bitrix_ids,rb-1c-review-v1
25121,Источник бесперебойного питания IPPON Back Basic 1050,,КА-00003995,,Источник бесперебойного питания IPPON Back Basic 1050¶Euro,IPPONBACKBASIC1050,yes,0.95,sig+brand,КА-00003995,agree,one_c_code_maps_multiple_bitrix_ids,rb-1c-review-v1
25122,Источник бесперебойного питания IPPON Back Basic 1050 Euro,,КА-00003995,,Источник бесперебойного питания IPPON Back Basic 1050¶Euro,IPPONBACKBASIC1050,yes,0.95,sig+brand,КА-00003995,agree,one_c_code_maps_multiple_bitrix_ids,rb-1c-review-v1
25126,Источник бесперебойного питания IPPON Back Basic 1050 S Euro,,КА-00003995,,Источник бесперебойного питания IPPON Back Basic 1050¶Euro,IPPONBACKBASIC1050,yes,0.95,sig+brand,КА-00003995,agree,one_c_code_maps_multiple_bitrix_ids,rb-1c-review-v1
25143,Источник бесперебойного питания IPPON Innova G2 1000,,КА-00005756,,Источник бесперебойного питания IPPON Innova G2 1000,IPPONINNOVAG21000,yes,0.95,sig+brand,КА-00005756,agree,one_c_code_maps_multiple_bitrix_ids,rb-1c-review-v1
25144,Источник бесперебойного питания IPPON Innova G2 1000 Euro,,КА-00005756,,Источник бесперебойного питания IPPON Innova G2 1000,IPPONINNOVAG21000,yes,0.95,sig+brand,КА-00005756,agree,one_c_code_maps_multiple_bitrix_ids,rb-1c-review-v1
25146,Источник бесперебойного питания IPPON Innova RT 1K 1000VA,,КА-00005734,,ИБП Сайбер Электро ЭКСПЕРТ-II-1000Р 1000VA/1000W 2U/LCD/USB/RS-232/EPO/SNMPslot/RJ11/45/(8 IEC С13./,1000VA,no,0.85,sig,КА-00005734,agree,confidence_not_0_95;brand_not_confirmed;one_c_code_maps_multiple_bitrix_ids,rb-1c-review-v1
25149,Источник бесперебойного питания IPPON Innova G2 2000L,25108,КА-00005756,,Источник бесперебойного питания IPPON Innova G2 1000,IPPONINNOVAG2,no,0.95,sig,,new,brand_not_confirmed;one_c_code_maps_multiple_bitrix_ids,rb-1c-review-v1
25152,Источник бесперебойного питания IPPON Innova G2 2000 Euro,25108,КА-00005756,,Источник бесперебойного питания IPPON Innova G2 1000,IPPONINNOVAG2,no,0.95,sig,,new,brand_not_confirmed;one_c_code_maps_multiple_bitrix_ids,rb-1c-review-v1
25155,Источник бесперебойного питания IPPON Innova G2 3000 Euro,25108,КА-00005756,,Источник бесперебойного питания IPPON Innova G2 1000,IPPONINNOVAG2,no,0.95,sig,,new,brand_not_confirmed;one_c_code_maps_multiple_bitrix_ids,rb-1c-review-v1
25248,Источник бесперебойного питания Eaton 9SX 5000VA,,КА-00004366,,Источник бесперебойного питания IНЭЛТ серии GAMMA 5KR 5000VA (IN5000-SI),5000VA,yes,0.95,sig+brand,КА-00004366,agree,one_c_code_maps_multiple_bitrix_ids,rb-1c-review-v1
25249,Источник бесперебойного питания Eaton 9130 Rackmount 1500VA,,КА-00005636,,ИБП CyberPower UT1500EIG 1500VA/900W LED/USB/RJ11/45 (6 IEC С13) 12V/7.5Ah*2/USB charger A/C,1500VA,no,0.85,sig,КА-00005636,agree,confidence_not_0_95;brand_not_confirmed;one_c_code_maps_multiple_bitrix_ids,rb-1c-review-v1
25257,Источник бесперебойного питания Eaton 5SC 1000VA,,КА-00005734,,ИБП Сайбер Электро ЭКСПЕРТ-II-1000Р 1000VA/1000W 2U/LCD/USB/RS-232/EPO/SNMPslot/RJ11/45/(8 IEC С13./,1000VA,no,0.85,sig,КА-00005734,agree,confidence_not_0_95;brand_not_confirmed;one_c_code_maps_multiple_bitrix_ids,rb-1c-review-v1
25258,Источник бесперебойного питания Eaton 5S 1500VA,,КА-00005636,,ИБП CyberPower UT1500EIG 1500VA/900W LED/USB/RJ11/45 (6 IEC С13) 12V/7.5Ah*2/USB charger A/C,1500VA,no,0.85,sig,КА-00005636,agree,confidence_not_0_95;brand_not_confirmed;one_c_code_maps_multiple_bitrix_ids,rb-1c-review-v1
25259,Источник бесперебойного питания Eaton 5S 1000VA,,КА-00005734,,ИБП Сайбер Электро ЭКСПЕРТ-II-1000Р 1000VA/1000W 2U/LCD/USB/RS-232/EPO/SNMPslot/RJ11/45/(8 IEC С13./,1000VA,no,0.85,sig,КА-00005734,agree,confidence_not_0_95;brand_not_confirmed;one_c_code_maps_multiple_bitrix_ids,rb-1c-review-v1
25310,Источник бесперебойного питания IНЭЛТ SIGMA 5К 5000VA,,КА-00004366,,Источник бесперебойного питания IНЭЛТ серии GAMMA 5KR 5000VA (IN5000-SI),5000VA,yes,0.95,sig+brand,КА-00004366,agree,one_c_code_maps_multiple_bitrix_ids,rb-1c-review-v1
25311,Источник бесперебойного питания IНЭЛТ SIGMA KS 3К,25307,КА-00003956,,Источник бесперебойного питания серии SIGMA KS 3К (IN3000-SI-KS),SIGMAKS3К,no,0.85,sig,,new,confidence_not_0_95;brand_not_confirmed;one_c_code_maps_multiple_bitrix_ids,rb-1c-review-v1
25312,Источник бесперебойного питания IНЭЛТ Gamma 3K IN3000RM-GA-1,25307,КА-00003883,,ИБП серии GAMMA 3K (IN3000RM-GA-1),GAMMA3KIN3000RMGA,no,0.95,sig,,new,brand_not_confirmed;one_c_code_maps_multiple_bitrix_ids,rb-1c-review-v1
25313,Источник бесперебойного питания IНЭЛТ Gamma 3KR IN3000RM-GA-KR-KS,25307,КА-00003883,,ИБП серии GAMMA 3K (IN3000RM-GA-1),IN3000RMGA,no,0.95,sig,,new,brand_not_confirmed;one_c_code_maps_multiple_bitrix_ids,rb-1c-review-v1
25314,Источник бесперебойного питания IНЭЛТ Gamma 3KR IN3000RM-GA-KR-KS-TW-IEC,25307,КА-00003883,,ИБП серии GAMMA 3K (IN3000RM-GA-1),IN3000RMGA,no,0.95,sig,,new,brand_not_confirmed;one_c_code_maps_multiple_bitrix_ids,rb-1c-review-v1
25315,Источник бесперебойного питания IНЭЛТ Gamma 3KR IN3000RM-GA-KR-KS-TW-SCH,25307,КА-00003883,,ИБП серии GAMMA 3K (IN3000RM-GA-1),IN3000RMGA,no,0.95,sig,,new,brand_not_confirmed;one_c_code_maps_multiple_bitrix_ids,rb-1c-review-v1
25316,Источник бесперебойного питания IНЭЛТ GAMMA 3К 3000VA,,КА-00006872,,Источник бесперебойного питания APC Smart-UPS 3000VA (SMT3000IC) / Китай,3000VA,yes,0.95,sig+brand,КА-00006872,agree,one_c_code_maps_multiple_bitrix_ids,rb-1c-review-v1
25318,Источник бесперебойного питания IНЭЛТ Gamma 3KL IN3000RM-GA-KL,25307,КА-00003883,,ИБП серии GAMMA 3K (IN3000RM-GA-1),IN3000RMGA,no,0.95,sig,,new,brand_not_confirmed;one_c_code_maps_multiple_bitrix_ids,rb-1c-review-v1
25319,Источник бесперебойного питания IНЭЛТ BETA 3К IN3000-ВЕ LCD,25307,КА-00003956,,Источник бесперебойного питания серии SIGMA KS 3К (IN3000-SI-KS),3КIN3000,no,0.85,sig,,new,confidence_not_0_95;brand_not_confirmed;one_c_code_maps_multiple_bitrix_ids,rb-1c-review-v1
25785,"Аккумулятор Ventura GPL 12-7.5 (AGM, 7.5Ah)",,КА-00003668,,"Аккумулятор Ventura GPL 12-7.5, ВЬЕТНАМ",VENTURAGPL127,yes,0.6,sig+brand+generic,КА-00003227,differ,confidence_not_0_95;generic_match_method,rb-1c-review-v1
25786,"Аккумулятор Ventura GPL 12-18 (AGM, 18Ah)",,КА-00003579,,"Аккумулятор Ventura GPL 12-18/AGM, ВЬЕТНАМ",GPL1218AGM,yes,0.95,sig+brand,КА-00000855,differ,one_c_code_maps_multiple_bitrix_ids,rb-1c-review-v1
25787,"Аккумулятор Ventura GPL 12-7.2 (AGM, 7.2Ah)",,КА-00001362,О4.3.52.73.,"Аккумуляторная батарея Ventura GPL 12-7.2 (12V 7,2Ah) ВЬЕТНАМ",VENTURAGPL127,yes,0.6,sig+brand+generic,КА-00000252,differ,confidence_not_0_95;generic_match_method;one_c_code_maps_multiple_bitrix_ids,rb-1c-review-v1
25829,"Аккумулятор Leoch FT12-55 (AGM, 55Ah)",4649,КА-00000347,,Аккумуляторная батарея Ritar FT12-55 страна происхождения - Китай,FT1255,no,0.85,sig,,new,confidence_not_0_95;brand_not_confirmed,rb-1c-review-v1
25833,"Аккумулятор Leoch FT12-100A (AGM, 12V, 100Ah)",4649,КА-00003031,,"Аккумулятор Ventura FT 12-100 (12V100Ah),Китай",12V100AH,no,0.6,sig+generic,,new,confidence_not_0_95;brand_not_confirmed;generic_match_method;one_c_code_maps_multiple_bitrix_ids,rb-1c-review-v1
25834,"Аккумулятор Leoch FT12-100H (AGM, 12V, 100Ah)",4649,КА-00003031,,"Аккумулятор Ventura FT 12-100 (12V100Ah),Китай",12V100AH,no,0.6,sig+generic,,new,confidence_not_0_95;brand_not_confirmed;generic_match_method;one_c_code_maps_multiple_bitrix_ids,rb-1c-review-v1
25835,"Аккумулятор Leoch FT12-125 (AGM, 12V, 125Ah)",4649,КА-00002317,,Аккумулятор Delta FT 12-125 M,FT12125,no,0.85,sig,,new,confidence_not_0_95;brand_not_confirmed;one_c_code_maps_multiple_bitrix_ids,rb-1c-review-v1
25838,"Аккумулятор Leoch FT12-200 (AGM, 200Ah)",4649,КА-00003906,,"Аккумулятор Ventura  FT 12-200 (12V, 200Ah)",FT12200,no,0.6,sig+generic,,new,confidence_not_0_95;brand_not_confirmed;generic_match_method,rb-1c-review-v1
25937,"Аккумулятор Atlas Battery (LiFePO4, 480Ah, 48V)",25883,КА-00000063,,"Аккумулятор Lifepo4 IFR18650 3,7V 1500mah (Китай)",LIFEPO4,no,0.6,sig+generic,,new,confidence_not_0_95;brand_not_confirmed;generic_match_method;one_c_code_maps_multiple_bitrix_ids,rb-1c-review-v1
25938,"Аккумулятор Atlas Battery (LiFePO4, 525Ah, 48V)",25883,КА-00000063,,"Аккумулятор Lifepo4 IFR18650 3,7V 1500mah (Китай)",LIFEPO4,no,0.6,sig+generic,,new,confidence_not_0_95;brand_not_confirmed;generic_match_method;one_c_code_maps_multiple_bitrix_ids,rb-1c-review-v1
25981,"Аккумулятор Kanavno LFP1224 (LiFePO4, 24Ah, 12.8V)",25974,КА-00000063,,"Аккумулятор Lifepo4 IFR18650 3,7V 1500mah (Китай)",LIFEPO4,no,0.6,sig+generic,,new,confidence_not_0_95;brand_not_confirmed;generic_match_method;one_c_code_maps_multiple_bitrix_ids,rb-1c-review-v1
25982,"Аккумулятор Kanavno LFP1206 (LiFePO4, 6Ah, 12.8V)",25974,КА-00000063,,"Аккумулятор Lifepo4 IFR18650 3,7V 1500mah (Китай)",LIFEPO4,no,0.6,sig+generic,,new,confidence_not_0_95;brand_not_confirmed;generic_match_method;one_c_code_maps_multiple_bitrix_ids,rb-1c-review-v1
25983,"Аккумулятор Kanavno LFP1208 (LiFePO4, 8Ah, 12.8V)",25974,КА-00000063,,"Аккумулятор Lifepo4 IFR18650 3,7V 1500mah (Китай)",LIFEPO4,no,0.6,sig+generic,,new,confidence_not_0_95;brand_not_confirmed;generic_match_method;one_c_code_maps_multiple_bitrix_ids,rb-1c-review-v1
25984,"Аккумулятор Kanavno LFP24100 (LiFePO4, 100Ah, 24V)",25974,КА-00000063,,"Аккумулятор Lifepo4 IFR18650 3,7V 1500mah (Китай)",LIFEPO4,no,0.6,sig+generic,,new,confidence_not_0_95;brand_not_confirmed;generic_match_method;one_c_code_maps_multiple_bitrix_ids,rb-1c-review-v1
25992,"Аккумулятор LiitoKala LFP12100 (LiFePO4, 100Ah, 12.8V)",20378,КА-00000063,,"Аккумулятор Lifepo4 IFR18650 3,7V 1500mah (Китай)",LIFEPO4,no,0.6,sig+generic,,new,confidence_not_0_95;brand_not_confirmed;generic_match_method;one_c_code_maps_multiple_bitrix_ids,rb-1c-review-v1
25997,"Аккумулятор LITJET PRO 1207 (LiFePO4, 7Ah, 12V)",25996,КА-00000063,,"Аккумулятор Lifepo4 IFR18650 3,7V 1500mah (Китай)",LIFEPO4,no,0.6,sig+generic,,new,confidence_not_0_95;brand_not_confirmed;generic_match_method;one_c_code_maps_multiple_bitrix_ids,rb-1c-review-v1
25998,"Аккумулятор LITJET PRO 1212 (LiFePO4, 12Ah, 12V)",25996,КА-00000063,,"Аккумулятор Lifepo4 IFR18650 3,7V 1500mah (Китай)",LIFEPO4,no,0.6,sig+generic,,new,confidence_not_0_95;brand_not_confirmed;generic_match_method;one_c_code_maps_multiple_bitrix_ids,rb-1c-review-v1
25999,"Аккумулятор LITJET PRO 1218 (LiFePO4, 18Ah, 12V)",25996,КА-00000063,,"Аккумулятор Lifepo4 IFR18650 3,7V 1500mah (Китай)",LIFEPO4,no,0.6,sig+generic,,new,confidence_not_0_95;brand_not_confirmed;generic_match_method;one_c_code_maps_multiple_bitrix_ids,rb-1c-review-v1
26000,"Аккумулятор LITJET PRO 1225 (LiFePO4, 25Ah, 12V)",25996,КА-00001605,,"Аккумулятор LiFePO4 25ah 3,2v",LIFEPO425AH,no,0.95,sig,КА-00001605,agree,brand_not_confirmed,rb-1c-review-v1
26001,"Аккумулятор LITJET PRO 1240 (LiFePO4, 40Ah, 12V)",25996,ФР-00000703,,"Аккум. батарея NP12-40Ah, 12V 40Ah, Китай",40AH12V,no,0.85,sig,,new,confidence_not_0_95;brand_not_confirmed,rb-1c-review-v1
26002,"Аккумулятор LITJET PRO 1275 (LiFePO4, 75Ah, 12V)",25996,КА-00000063,,"Аккумулятор Lifepo4 IFR18650 3,7V 1500mah (Китай)",LIFEPO4,no,0.6,sig+generic,,new,confidence_not_0_95;brand_not_confirmed;generic_match_method;one_c_code_maps_multiple_bitrix_ids,rb-1c-review-v1
26003,"Аккумулятор LITJET PRO 2460 (LiFePO4, 60Ah, 24V)",25996,КА-00000063,,"Аккумулятор Lifepo4 IFR18650 3,7V 1500mah (Китай)",LIFEPO4,no,0.6,sig+generic,,new,confidence_not_0_95;brand_not_confirmed;generic_match_method;one_c_code_maps_multiple_bitrix_ids,rb-1c-review-v1
26004,"Аккумулятор LITJET PRO 12150 (LiFePO4, 150Ah, 12V)",25996,КА-00000063,,"Аккумулятор Lifepo4 IFR18650 3,7V 1500mah (Китай)",LIFEPO4,no,0.6,sig+generic,,new,confidence_not_0_95;brand_not_confirmed;generic_match_method;one_c_code_maps_multiple_bitrix_ids,rb-1c-review-v1
26005,"Аккумулятор LITJET PRO 2480 (LiFePO4, 80Ah, 24V)",25996,КА-00000063,,"Аккумулятор Lifepo4 IFR18650 3,7V 1500mah (Китай)",LIFEPO4,no,0.6,sig+generic,,new,confidence_not_0_95;brand_not_confirmed;generic_match_method;one_c_code_maps_multiple_bitrix_ids,rb-1c-review-v1
26006,"Аккумулятор LITJET BLACK 1218 (LiFePO4, 18Ah, 12V)",25996,КА-00000063,,"Аккумулятор Lifepo4 IFR18650 3,7V 1500mah (Китай)",LIFEPO4,no,0.6,sig+generic,,new,confidence_not_0_95;brand_not_confirmed;generic_match_method;one_c_code_maps_multiple_bitrix_ids,rb-1c-review-v1
26007,"Аккумулятор LITJET BLACK 1275 (LiFePO4, 75Ah, 12V)",25996,КА-00000063,,"Аккумулятор Lifepo4 IFR18650 3,7V 1500mah (Китай)",LIFEPO4,no,0.6,sig+generic,,new,confidence_not_0_95;brand_not_confirmed;generic_match_method;one_c_code_maps_multiple_bitrix_ids,rb-1c-review-v1
26008,"Аккумулятор LITJET BLACK 2480 (LiFePO4, 80Ah, 24V)",25996,КА-00000063,,"Аккумулятор Lifepo4 IFR18650 3,7V 1500mah (Китай)",LIFEPO4,no,0.6,sig+generic,,new,confidence_not_0_95;brand_not_confirmed;generic_match_method;one_c_code_maps_multiple_bitrix_ids,rb-1c-review-v1
26009,"Аккумулятор LITJET BLACK 12200 (LiFePO4, 200Ah, 12V)",25996,КА-00005276,,Аккумулятор LiFePO4 200Ah TBB Power M12-200/H,LIFEPO4200AH,no,0.95,sig,КА-00005276,agree,brand_not_confirmed;one_c_code_maps_multiple_bitrix_ids,rb-1c-review-v1
26010,"Аккумулятор LITJET SMART 12100 (LiFePO4, 100Ah, 12V)",25996,КА-00000063,,"Аккумулятор Lifepo4 IFR18650 3,7V 1500mah (Китай)",LIFEPO4,no,0.6,sig+generic,,new,confidence_not_0_95;brand_not_confirmed;generic_match_method;one_c_code_maps_multiple_bitrix_ids,rb-1c-review-v1
26011,"Аккумулятор LITJET SMART 24100 (LiFePO4, 100Ah, 24V)",25996,КА-00000063,,"Аккумулятор Lifepo4 IFR18650 3,7V 1500mah (Китай)",LIFEPO4,no,0.6,sig+generic,,new,confidence_not_0_95;brand_not_confirmed;generic_match_method;one_c_code_maps_multiple_bitrix_ids,rb-1c-review-v1
26012,"Аккумулятор LITJET SMART 12200 (LiFePO4, 200Ah, 12V)",25996,КА-00005276,,Аккумулятор LiFePO4 200Ah TBB Power M12-200/H,LIFEPO4200AH,no,0.95,sig,КА-00005276,agree,brand_not_confirmed;one_c_code_maps_multiple_bitrix_ids,rb-1c-review-v1
26013,"Аккумулятор LITJET SMART 36100 (LiFePO4, 100Ah, 36V)",25996,КА-00000063,,"Аккумулятор Lifepo4 IFR18650 3,7V 1500mah (Китай)",LIFEPO4,no,0.6,sig+generic,,new,confidence_not_0_95;brand_not_confirmed;generic_match_method;one_c_code_maps_multiple_bitrix_ids,rb-1c-review-v1
26014,"Аккумулятор LITJET SMART 24150 (LiFePO4, 150Ah, 24V)",25996,КА-00000063,,"Аккумулятор Lifepo4 IFR18650 3,7V 1500mah (Китай)",LIFEPO4,no,0.6,sig+generic,,new,confidence_not_0_95;brand_not_confirmed;generic_match_method;one_c_code_maps_multiple_bitrix_ids,rb-1c-review-v1
26015,"Аккумулятор LITJET SMART 24120 (LiFePO4, 120Ah, 24V)",25996,КА-00000063,,"Аккумулятор Lifepo4 IFR18650 3,7V 1500mah (Китай)",LIFEPO4,no,0.6,sig+generic,,new,confidence_not_0_95;brand_not_confirmed;generic_match_method;one_c_code_maps_multiple_bitrix_ids,rb-1c-review-v1
26017,"Аккумулятор KEPWORTH 12180 (LiFePO4, 180Ah, 12.8V)",26016,КА-00000063,,"Аккумулятор Lifepo4 IFR18650 3,7V 1500mah (Китай)",LIFEPO4,no,0.6,sig+generic,КА-00006687,differ,confidence_not_0_95;brand_not_confirmed;generic_match_method;one_c_code_maps_multiple_bitrix_ids,rb-1c-review-v1
26018,"Аккумулятор KEPWORTH 12300 (LiFePO4, 300Ah, 12.8V)",26016,КА-00000063,,"Аккумулятор Lifepo4 IFR18650 3,7V 1500mah (Китай)",LIFEPO4,no,0.6,sig+generic,КА-00006687,differ,confidence_not_0_95;brand_not_confirmed;generic_match_method;one_c_code_maps_multiple_bitrix_ids,rb-1c-review-v1
26019,"Аккумулятор KEPWORTH 12100 (LiFePO4, 100Ah, 12.8V)",26016,КА-00000063,,"Аккумулятор Lifepo4 IFR18650 3,7V 1500mah (Китай)",LIFEPO4,no,0.6,sig+generic,КА-00006687,differ,confidence_not_0_95;brand_not_confirmed;generic_match_method;one_c_code_maps_multiple_bitrix_ids,rb-1c-review-v1
26020,"Аккумулятор KEPWORTH 12200 (LiFePO4, 200Ah, 12.8V)",26016,КА-00005276,,Аккумулятор LiFePO4 200Ah TBB Power M12-200/H,LIFEPO4200AH,no,0.95,sig,,new,brand_not_confirmed;one_c_code_maps_multiple_bitrix_ids,rb-1c-review-v1
26021,"Аккумулятор KEPWORTH 1260 (LiFePO4, 60Ah, 12.8V)",26016,КА-00000063,,"Аккумулятор Lifepo4 IFR18650 3,7V 1500mah (Китай)",LIFEPO4,no,0.6,sig+generic,КА-00006687,differ,confidence_not_0_95;brand_not_confirmed;generic_match_method;one_c_code_maps_multiple_bitrix_ids,rb-1c-review-v1
26022,"Аккумулятор KEPWORTH 12120 (LiFePO4, 120Ah, 12.8V)",26016,КА-00000063,,"Аккумулятор Lifepo4 IFR18650 3,7V 1500mah (Китай)",LIFEPO4,no,0.6,sig+generic,КА-00006687,differ,confidence_not_0_95;brand_not_confirmed;generic_match_method;one_c_code_maps_multiple_bitrix_ids,rb-1c-review-v1
26023,"Аккумулятор KEPWORTH 2440 (LiFePO4, 40Ah, 24V)",26016,КА-00000063,,"Аккумулятор Lifepo4 IFR18650 3,7V 1500mah (Китай)",LIFEPO4,no,0.6,sig+generic,КА-00006687,differ,confidence_not_0_95;brand_not_confirmed;generic_match_method;one_c_code_maps_multiple_bitrix_ids,rb-1c-review-v1
26024,"Аккумулятор KEPWORTH 24100 (LiFePO4, 100Ah, 24V)",26016,КА-00000063,,"Аккумулятор Lifepo4 IFR18650 3,7V 1500mah (Китай)",LIFEPO4,no,0.6,sig+generic,КА-00006687,differ,confidence_not_0_95;brand_not_confirmed;generic_match_method;one_c_code_maps_multiple_bitrix_ids,rb-1c-review-v1
26025,"Аккумулятор Delta LFP Plastic 2424 (LiFePO4, 24Ah, 24V)",4622,КА-00000063,,"Аккумулятор Lifepo4 IFR18650 3,7V 1500mah (Китай)",LIFEPO4,no,0.6,sig+generic,,new,confidence_not_0_95;brand_not_confirmed;generic_match_method;one_c_code_maps_multiple_bitrix_ids,rb-1c-review-v1
26026,"Аккумулятор Delta LFP Plastic 2454 (LiFePO4, 24Ah, 54V)",4622,КА-00000063,,"Аккумулятор Lifepo4 IFR18650 3,7V 1500mah (Китай)",LIFEPO4,no,0.6,sig+generic,,new,confidence_not_0_95;brand_not_confirmed;generic_match_method;one_c_code_maps_multiple_bitrix_ids,rb-1c-review-v1
26027,"Аккумулятор Delta RTL4810 (LiFePO4, 48V, 10Ah)",4622,КА-00003988,,Аккумулятор LiFEPO4 48V 320ah (подогрев),LIFEPO448V,no,0.6,sig+generic,,new,confidence_not_0_95;brand_not_confirmed;generic_match_method;one_c_code_maps_multiple_bitrix_ids,rb-1c-review-v1
26028,"Аккумулятор Delta RTL4820 (LiFePO4, 48V, 20Ah)",4622,КА-00003988,,Аккумулятор LiFEPO4 48V 320ah (подогрев),LIFEPO448V,no,0.6,sig+generic,,new,confidence_not_0_95;brand_not_confirmed;generic_match_method;one_c_code_maps_multiple_bitrix_ids,rb-1c-review-v1
26029,"Аккумулятор Delta RTL4840 (LiFePO4, 48V, 40Ah)",4622,КА-00003988,,Аккумулятор LiFEPO4 48V 320ah (подогрев),LIFEPO448V,no,0.6,sig+generic,,new,confidence_not_0_95;brand_not_confirmed;generic_match_method;one_c_code_maps_multiple_bitrix_ids,rb-1c-review-v1
26030,"Аккумулятор Delta RTL4850 (LiFePO4, 48V, 50Ah)",4622,КА-00003988,,Аккумулятор LiFEPO4 48V 320ah (подогрев),LIFEPO448V,no,0.6,sig+generic,,new,confidence_not_0_95;brand_not_confirmed;generic_match_method;one_c_code_maps_multiple_bitrix_ids,rb-1c-review-v1
26031,"Аккумулятор Delta RTL48100 (LiFePO4, 48V, 100Ah)",4622,КА-00003988,,Аккумулятор LiFEPO4 48V 320ah (подогрев),LIFEPO448V,no,0.6,sig+generic,,new,confidence_not_0_95;brand_not_confirmed;generic_match_method;one_c_code_maps_multiple_bitrix_ids,rb-1c-review-v1
26032,"Аккумулятор Delta RTL48150 (LiFePO4, 48V, 150Ah)",4622,КА-00003988,,Аккумулятор LiFEPO4 48V 320ah (подогрев),LIFEPO448V,no,0.6,sig+generic,,new,confidence_not_0_95;brand_not_confirmed;generic_match_method;one_c_code_maps_multiple_bitrix_ids,rb-1c-review-v1
26033,"Аккумулятор Delta RTL48200 (LiFePO4, 48V, 200Ah)",4622,КА-00003988,,Аккумулятор LiFEPO4 48V 320ah (подогрев),LIFEPO448V,no,0.6,sig+generic,,new,confidence_not_0_95;brand_not_confirmed;generic_match_method;one_c_code_maps_multiple_bitrix_ids,rb-1c-review-v1
26049,"Аккумулятор НЭТЕР LFP4-300-150P13 (LiFePO4, 300Ah, 12V)",25675,КА-00000063,,"Аккумулятор Lifepo4 IFR18650 3,7V 1500mah (Китай)",LIFEPO4,no,0.6,sig+generic,,new,confidence_not_0_95;brand_not_confirmed;generic_match_method;one_c_code_maps_multiple_bitrix_ids,rb-1c-review-v1
26050,"Аккумулятор Liitokala LFP12300 (LiFePO4, 300Ah, 12V)",20378,КА-00000063,,"Аккумулятор Lifepo4 IFR18650 3,7V 1500mah (Китай)",LIFEPO4,no,0.6,sig+generic,,new,confidence_not_0_95;brand_not_confirmed;generic_match_method;one_c_code_maps_multiple_bitrix_ids,rb-1c-review-v1
