product_external_id;source;source_price;currency;observed_at;source_reference;source_external_id;multiplier;price_type
bitrix:1138;legacy_site;110;BYN;2026-06-23T00:00:00+03:00;bitrix-backup://2026-06-23/element/1138;1138;1;legacy_public_price_direct_bitrix
bitrix:1139;legacy_site;33;BYN;2026-06-23T00:00:00+03:00;bitrix-backup://2026-06-23/element/1139;1139;1;legacy_public_price_direct_bitrix
bitrix:1140;legacy_site;57;BYN;2026-06-23T00:00:00+03:00;bitrix-backup://2026-06-23/element/1140;1140;1;legacy_public_price_direct_bitrix
bitrix:1142;legacy_site;80;BYN;2026-06-23T00:00:00+03:00;bitrix-backup://2026-06-23/element/1142;1142;1;legacy_public_price_direct_bitrix
bitrix:1143;legacy_site;973;BYN;2026-06-23T00:00:00+03:00;bitrix-backup://2026-06-23/element/1143;1143;1;legacy_public_price_direct_bitrix
bitrix:1144;legacy_site;1164;BYN;2026-06-23T00:00:00+03:00;bitrix-backup://2026-06-23/element/1144;1144;1;legacy_public_price_direct_bitrix
bitrix:1145;legacy_site;828;BYN;2026-06-23T00:00:00+03:00;bitrix-backup://2026-06-23/element/1145;1145;1;legacy_public_price_direct_bitrix
bitrix:1147;legacy_site;85;BYN;2026-06-23T00:00:00+03:00;bitrix-backup://2026-06-23/element/1147;1147;1;legacy_public_price_direct_bitrix
bitrix:1149;legacy_site;64;BYN;2026-06-23T00:00:00+03:00;bitrix-backup://2026-06-23/element/1149;1149;1;legacy_public_price_direct_bitrix
bitrix:1150;legacy_site;64;BYN;2026-06-23T00:00:00+03:00;bitrix-backup://2026-06-23/element/1150;1150;1;legacy_public_price_direct_bitrix
bitrix:1151;legacy_site;110;BYN;2026-06-23T00:00:00+03:00;bitrix-backup://2026-06-23/element/1151;1151;1;legacy_public_price_direct_bitrix
bitrix:1152;legacy_site;1190;BYN;2026-06-23T00:00:00+03:00;bitrix-backup://2026-06-23/element/1152;1152;1;legacy_public_price_direct_bitrix
bitrix:1153;legacy_site;133;BYN;2026-06-23T00:00:00+03:00;bitrix-backup://2026-06-23/element/1153;1153;1;legacy_public_price_direct_bitrix
bitrix:1154;legacy_site;152;BYN;2026-06-23T00:00:00+03:00;bitrix-backup://2026-06-23/element/1154;1154;1;legacy_public_price_direct_bitrix
bitrix:1155;legacy_site;152;BYN;2026-06-23T00:00:00+03:00;bitrix-backup://2026-06-23/element/1155;1155;1;legacy_public_price_direct_bitrix
bitrix:1156;legacy_site;65;BYN;2026-06-23T00:00:00+03:00;bitrix-backup://2026-06-23/element/1156;1156;1;legacy_public_price_direct_bitrix
bitrix:1157;legacy_site;65;BYN;2026-06-23T00:00:00+03:00;bitrix-backup://2026-06-23/element/1157;1157;1;legacy_public_price_direct_bitrix
bitrix:1159;legacy_site;173;BYN;2026-06-23T00:00:00+03:00;bitrix-backup://2026-06-23/element/1159;1159;1;legacy_public_price_direct_bitrix
bitrix:1160;legacy_site;69;BYN;2026-06-23T00:00:00+03:00;bitrix-backup://2026-06-23/element/1160;1160;1;legacy_public_price_direct_bitrix
bitrix:1161;legacy_site;64;BYN;2026-06-23T00:00:00+03:00;bitrix-backup://2026-06-23/element/1161;1161;1;legacy_public_price_direct_bitrix
bitrix:1162;legacy_site;959;BYN;2026-06-23T00:00:00+03:00;bitrix-backup://2026-06-23/element/1162;1162;1;legacy_public_price_direct_bitrix
bitrix:1163;legacy_site;1621;BYN;2026-06-23T00:00:00+03:00;bitrix-backup://2026-06-23/element/1163;1163;1;legacy_public_price_direct_bitrix
bitrix:1164;legacy_site;204;BYN;2026-06-23T00:00:00+03:00;bitrix-backup://2026-06-23/element/1164;1164;1;legacy_public_price_direct_bitrix
bitrix:1191;legacy_site;18;BYN;2026-06-23T00:00:00+03:00;bitrix-backup://2026-06-23/element/1191;1191;1;legacy_public_price_direct_bitrix
bitrix:1397;legacy_site;23;BYN;2026-06-23T00:00:00+03:00;bitrix-backup://2026-06-23/element/1397;1397;1;legacy_public_price_direct_bitrix
bitrix:1398;legacy_site;20;BYN;2026-06-23T00:00:00+03:00;bitrix-backup://2026-06-23/element/1398;1398;1;legacy_public_price_direct_bitrix
bitrix:1399;legacy_site;11;BYN;2026-06-23T00:00:00+03:00;bitrix-backup://2026-06-23/element/1399;1399;1;legacy_public_price_direct_bitrix
bitrix:1402;legacy_site;11;BYN;2026-06-23T00:00:00+03:00;bitrix-backup://2026-06-23/element/1402;1402;1;legacy_public_price_direct_bitrix
bitrix:1403;legacy_site;19;BYN;2026-06-23T00:00:00+03:00;bitrix-backup://2026-06-23/element/1403;1403;1;legacy_public_price_direct_bitrix
bitrix:1405;legacy_site;35;BYN;2026-06-23T00:00:00+03:00;bitrix-backup://2026-06-23/element/1405;1405;1;legacy_public_price_direct_bitrix
bitrix:1406;legacy_site;40;BYN;2026-06-23T00:00:00+03:00;bitrix-backup://2026-06-23/element/1406;1406;1;legacy_public_price_direct_bitrix
bitrix:1407;legacy_site;43;BYN;2026-06-23T00:00:00+03:00;bitrix-backup://2026-06-23/element/1407;1407;1;legacy_public_price_direct_bitrix
bitrix:1408;legacy_site;10;BYN;2026-06-23T00:00:00+03:00;bitrix-backup://2026-06-23/element/1408;1408;1;legacy_public_price_direct_bitrix
bitrix:1410;legacy_site;9;BYN;2026-06-23T00:00:00+03:00;bitrix-backup://2026-06-23/element/1410;1410;1;legacy_public_price_direct_bitrix
bitrix:1412;legacy_site;17;BYN;2026-06-23T00:00:00+03:00;bitrix-backup://2026-06-23/element/1412;1412;1;legacy_public_price_direct_bitrix
bitrix:1413;legacy_site;12;BYN;2026-06-23T00:00:00+03:00;bitrix-backup://2026-06-23/element/1413;1413;1;legacy_public_price_direct_bitrix
bitrix:1414;legacy_site;13;BYN;2026-06-23T00:00:00+03:00;bitrix-backup://2026-06-23/element/1414;1414;1;legacy_public_price_direct_bitrix
bitrix:1416;legacy_site;10;BYN;2026-06-23T00:00:00+03:00;bitrix-backup://2026-06-23/element/1416;1416;1;legacy_public_price_direct_bitrix
bitrix:1418;legacy_site;1127;BYN;2026-06-23T00:00:00+03:00;bitrix-backup://2026-06-23/element/1418;1418;1;legacy_public_price_direct_bitrix
bitrix:1421;legacy_site;613;BYN;2026-06-23T00:00:00+03:00;bitrix-backup://2026-06-23/element/1421;1421;1;legacy_public_price_direct_bitrix
bitrix:1422;legacy_site;674;BYN;2026-06-23T00:00:00+03:00;bitrix-backup://2026-06-23/element/1422;1422;1;legacy_public_price_direct_bitrix
bitrix:1423;legacy_site;568;BYN;2026-06-23T00:00:00+03:00;bitrix-backup://2026-06-23/element/1423;1423;1;legacy_public_price_direct_bitrix
bitrix:1425;legacy_site;589;BYN;2026-06-23T00:00:00+03:00;bitrix-backup://2026-06-23/element/1425;1425;1;legacy_public_price_direct_bitrix
bitrix:1426;legacy_site;813;BYN;2026-06-23T00:00:00+03:00;bitrix-backup://2026-06-23/element/1426;1426;1;legacy_public_price_direct_bitrix
bitrix:1427;legacy_site;718.5;BYN;2026-06-23T00:00:00+03:00;bitrix-backup://2026-06-23/element/1427;1427;1;legacy_public_price_direct_bitrix
bitrix:1431;legacy_site;812;BYN;2026-06-23T00:00:00+03:00;bitrix-backup://2026-06-23/element/1431;1431;1;legacy_public_price_direct_bitrix
bitrix:1433;legacy_site;542;BYN;2026-06-23T00:00:00+03:00;bitrix-backup://2026-06-23/element/1433;1433;1;legacy_public_price_direct_bitrix
bitrix:1434;legacy_site;560;BYN;2026-06-23T00:00:00+03:00;bitrix-backup://2026-06-23/element/1434;1434;1;legacy_public_price_direct_bitrix
bitrix:1435;legacy_site;619;BYN;2026-06-23T00:00:00+03:00;bitrix-backup://2026-06-23/element/1435;1435;1;legacy_public_price_direct_bitrix
bitrix:1436;legacy_site;660;BYN;2026-06-23T00:00:00+03:00;bitrix-backup://2026-06-23/element/1436;1436;1;legacy_public_price_direct_bitrix
bitrix:1437;legacy_site;490;BYN;2026-06-23T00:00:00+03:00;bitrix-backup://2026-06-23/element/1437;1437;1;legacy_public_price_direct_bitrix
bitrix:1440;legacy_site;449;BYN;2026-06-23T00:00:00+03:00;bitrix-backup://2026-06-23/element/1440;1440;1;legacy_public_price_direct_bitrix
bitrix:1441;legacy_site;594;BYN;2026-06-23T00:00:00+03:00;bitrix-backup://2026-06-23/element/1441;1441;1;legacy_public_price_direct_bitrix
bitrix:1442;legacy_site;99;BYN;2026-06-23T00:00:00+03:00;bitrix-backup://2026-06-23/element/1442;1442;1;legacy_public_price_direct_bitrix
bitrix:1443;legacy_site;72;BYN;2026-06-23T00:00:00+03:00;bitrix-backup://2026-06-23/element/1443;1443;1;legacy_public_price_direct_bitrix
bitrix:1444;legacy_site;841;BYN;2026-06-23T00:00:00+03:00;bitrix-backup://2026-06-23/element/1444;1444;1;legacy_public_price_direct_bitrix
bitrix:1445;legacy_site;129;BYN;2026-06-23T00:00:00+03:00;bitrix-backup://2026-06-23/element/1445;1445;1;legacy_public_price_direct_bitrix
bitrix:1446;legacy_site;103;BYN;2026-06-23T00:00:00+03:00;bitrix-backup://2026-06-23/element/1446;1446;1;legacy_public_price_direct_bitrix
bitrix:1447;legacy_site;122;BYN;2026-06-23T00:00:00+03:00;bitrix-backup://2026-06-23/element/1447;1447;1;legacy_public_price_direct_bitrix
bitrix:1448;legacy_site;125;BYN;2026-06-23T00:00:00+03:00;bitrix-backup://2026-06-23/element/1448;1448;1;legacy_public_price_direct_bitrix
bitrix:1450;legacy_site;213;BYN;2026-06-23T00:00:00+03:00;bitrix-backup://2026-06-23/element/1450;1450;1;legacy_public_price_direct_bitrix
bitrix:1452;legacy_site;230;BYN;2026-06-23T00:00:00+03:00;bitrix-backup://2026-06-23/element/1452;1452;1;legacy_public_price_direct_bitrix
bitrix:1453;legacy_site;58;BYN;2026-06-23T00:00:00+03:00;bitrix-backup://2026-06-23/element/1453;1453;1;legacy_public_price_direct_bitrix
bitrix:1454;legacy_site;77;BYN;2026-06-23T00:00:00+03:00;bitrix-backup://2026-06-23/element/1454;1454;1;legacy_public_price_direct_bitrix
bitrix:1455;legacy_site;90;BYN;2026-06-23T00:00:00+03:00;bitrix-backup://2026-06-23/element/1455;1455;1;legacy_public_price_direct_bitrix
bitrix:1456;legacy_site;103;BYN;2026-06-23T00:00:00+03:00;bitrix-backup://2026-06-23/element/1456;1456;1;legacy_public_price_direct_bitrix
bitrix:1458;legacy_site;630;BYN;2026-06-23T00:00:00+03:00;bitrix-backup://2026-06-23/element/1458;1458;1;legacy_public_price_direct_bitrix
bitrix:1459;legacy_site;824;BYN;2026-06-23T00:00:00+03:00;bitrix-backup://2026-06-23/element/1459;1459;1;legacy_public_price_direct_bitrix
bitrix:1460;legacy_site;836;BYN;2026-06-23T00:00:00+03:00;bitrix-backup://2026-06-23/element/1460;1460;1;legacy_public_price_direct_bitrix
bitrix:1462;legacy_site;950;BYN;2026-06-23T00:00:00+03:00;bitrix-backup://2026-06-23/element/1462;1462;1;legacy_public_price_direct_bitrix
bitrix:1463;legacy_site;598;BYN;2026-06-23T00:00:00+03:00;bitrix-backup://2026-06-23/element/1463;1463;1;legacy_public_price_direct_bitrix
bitrix:1464;legacy_site;603;BYN;2026-06-23T00:00:00+03:00;bitrix-backup://2026-06-23/element/1464;1464;1;legacy_public_price_direct_bitrix
bitrix:1465;legacy_site;653;BYN;2026-06-23T00:00:00+03:00;bitrix-backup://2026-06-23/element/1465;1465;1;legacy_public_price_direct_bitrix
bitrix:1466;legacy_site;628.5;BYN;2026-06-23T00:00:00+03:00;bitrix-backup://2026-06-23/element/1466;1466;1;legacy_public_price_direct_bitrix
bitrix:1467;legacy_site;768;BYN;2026-06-23T00:00:00+03:00;bitrix-backup://2026-06-23/element/1467;1467;1;legacy_public_price_direct_bitrix
bitrix:1468;legacy_site;542;BYN;2026-06-23T00:00:00+03:00;bitrix-backup://2026-06-23/element/1468;1468;1;legacy_public_price_direct_bitrix
bitrix:1470;legacy_site;792.5;BYN;2026-06-23T00:00:00+03:00;bitrix-backup://2026-06-23/element/1470;1470;1;legacy_public_price_direct_bitrix
bitrix:1471;legacy_site;901;BYN;2026-06-23T00:00:00+03:00;bitrix-backup://2026-06-23/element/1471;1471;1;legacy_public_price_direct_bitrix
bitrix:1472;legacy_site;83;BYN;2026-06-23T00:00:00+03:00;bitrix-backup://2026-06-23/element/1472;1472;1;legacy_public_price_direct_bitrix
bitrix:1473;legacy_site;39;BYN;2026-06-23T00:00:00+03:00;bitrix-backup://2026-06-23/element/1473;1473;1;legacy_public_price_direct_bitrix
bitrix:1474;legacy_site;120;BYN;2026-06-23T00:00:00+03:00;bitrix-backup://2026-06-23/element/1474;1474;1;legacy_public_price_direct_bitrix
bitrix:1477;legacy_site;77;BYN;2026-06-23T00:00:00+03:00;bitrix-backup://2026-06-23/element/1477;1477;1;legacy_public_price_direct_bitrix
bitrix:1478;legacy_site;41;BYN;2026-06-23T00:00:00+03:00;bitrix-backup://2026-06-23/element/1478;1478;1;legacy_public_price_direct_bitrix
bitrix:1480;legacy_site;93;BYN;2026-06-23T00:00:00+03:00;bitrix-backup://2026-06-23/element/1480;1480;1;legacy_public_price_direct_bitrix
bitrix:1482;legacy_site;89;BYN;2026-06-23T00:00:00+03:00;bitrix-backup://2026-06-23/element/1482;1482;1;legacy_public_price_direct_bitrix
bitrix:1483;legacy_site;134;BYN;2026-06-23T00:00:00+03:00;bitrix-backup://2026-06-23/element/1483;1483;1;legacy_public_price_direct_bitrix
bitrix:1484;legacy_site;104;BYN;2026-06-23T00:00:00+03:00;bitrix-backup://2026-06-23/element/1484;1484;1;legacy_public_price_direct_bitrix
bitrix:1485;legacy_site;48;BYN;2026-06-23T00:00:00+03:00;bitrix-backup://2026-06-23/element/1485;1485;1;legacy_public_price_direct_bitrix
bitrix:1486;legacy_site;56;BYN;2026-06-23T00:00:00+03:00;bitrix-backup://2026-06-23/element/1486;1486;1;legacy_public_price_direct_bitrix
bitrix:1487;legacy_site;79;BYN;2026-06-23T00:00:00+03:00;bitrix-backup://2026-06-23/element/1487;1487;1;legacy_public_price_direct_bitrix
bitrix:1489;legacy_site;69;BYN;2026-06-23T00:00:00+03:00;bitrix-backup://2026-06-23/element/1489;1489;1;legacy_public_price_direct_bitrix
bitrix:1490;legacy_site;32;BYN;2026-06-23T00:00:00+03:00;bitrix-backup://2026-06-23/element/1490;1490;1;legacy_public_price_direct_bitrix
bitrix:1491;legacy_site;52;BYN;2026-06-23T00:00:00+03:00;bitrix-backup://2026-06-23/element/1491;1491;1;legacy_public_price_direct_bitrix
bitrix:1492;legacy_site;28;BYN;2026-06-23T00:00:00+03:00;bitrix-backup://2026-06-23/element/1492;1492;1;legacy_public_price_direct_bitrix
bitrix:1493;legacy_site;64;BYN;2026-06-23T00:00:00+03:00;bitrix-backup://2026-06-23/element/1493;1493;1;legacy_public_price_direct_bitrix
bitrix:1494;legacy_site;983;BYN;2026-06-23T00:00:00+03:00;bitrix-backup://2026-06-23/element/1494;1494;1;legacy_public_price_direct_bitrix
bitrix:1495;legacy_site;1380;BYN;2026-06-23T00:00:00+03:00;bitrix-backup://2026-06-23/element/1495;1495;1;legacy_public_price_direct_bitrix
bitrix:1496;legacy_site;643;BYN;2026-06-23T00:00:00+03:00;bitrix-backup://2026-06-23/element/1496;1496;1;legacy_public_price_direct_bitrix
bitrix:1497;legacy_site;742;BYN;2026-06-23T00:00:00+03:00;bitrix-backup://2026-06-23/element/1497;1497;1;legacy_public_price_direct_bitrix
bitrix:1498;legacy_site;580;BYN;2026-06-23T00:00:00+03:00;bitrix-backup://2026-06-23/element/1498;1498;1;legacy_public_price_direct_bitrix
bitrix:1499;legacy_site;925.16;BYN;2026-06-23T00:00:00+03:00;bitrix-backup://2026-06-23/element/1499;1499;1;legacy_public_price_direct_bitrix
bitrix:1500;legacy_site;692;BYN;2026-06-23T00:00:00+03:00;bitrix-backup://2026-06-23/element/1500;1500;1;legacy_public_price_direct_bitrix
bitrix:1501;legacy_site;743;BYN;2026-06-23T00:00:00+03:00;bitrix-backup://2026-06-23/element/1501;1501;1;legacy_public_price_direct_bitrix
bitrix:1502;legacy_site;140;BYN;2026-06-23T00:00:00+03:00;bitrix-backup://2026-06-23/element/1502;1502;1;legacy_public_price_direct_bitrix
bitrix:1503;legacy_site;763;BYN;2026-06-23T00:00:00+03:00;bitrix-backup://2026-06-23/element/1503;1503;1;legacy_public_price_direct_bitrix
bitrix:1505;legacy_site;740;BYN;2026-06-23T00:00:00+03:00;bitrix-backup://2026-06-23/element/1505;1505;1;legacy_public_price_direct_bitrix
bitrix:1508;legacy_site;1063.5;BYN;2026-06-23T00:00:00+03:00;bitrix-backup://2026-06-23/element/1508;1508;1;legacy_public_price_direct_bitrix
bitrix:1509;legacy_site;1043;BYN;2026-06-23T00:00:00+03:00;bitrix-backup://2026-06-23/element/1509;1509;1;legacy_public_price_direct_bitrix
bitrix:1510;legacy_site;855;BYN;2026-06-23T00:00:00+03:00;bitrix-backup://2026-06-23/element/1510;1510;1;legacy_public_price_direct_bitrix
bitrix:1512;legacy_site;46.5;BYN;2026-06-23T00:00:00+03:00;bitrix-backup://2026-06-23/element/1512;1512;1;legacy_public_price_direct_bitrix
bitrix:1513;legacy_site;820.5;BYN;2026-06-23T00:00:00+03:00;bitrix-backup://2026-06-23/element/1513;1513;1;legacy_public_price_direct_bitrix
bitrix:1514;legacy_site;817;BYN;2026-06-23T00:00:00+03:00;bitrix-backup://2026-06-23/element/1514;1514;1;legacy_public_price_direct_bitrix
bitrix:1517;legacy_site;816.5;BYN;2026-06-23T00:00:00+03:00;bitrix-backup://2026-06-23/element/1517;1517;1;legacy_public_price_direct_bitrix
bitrix:1518;legacy_site;894.5;BYN;2026-06-23T00:00:00+03:00;bitrix-backup://2026-06-23/element/1518;1518;1;legacy_public_price_direct_bitrix
bitrix:1519;legacy_site;137.5;BYN;2026-06-23T00:00:00+03:00;bitrix-backup://2026-06-23/element/1519;1519;1;legacy_public_price_direct_bitrix
bitrix:1521;legacy_site;722.5;BYN;2026-06-23T00:00:00+03:00;bitrix-backup://2026-06-23/element/1521;1521;1;legacy_public_price_direct_bitrix
bitrix:1523;legacy_site;199;BYN;2026-06-23T00:00:00+03:00;bitrix-backup://2026-06-23/element/1523;1523;1;legacy_public_price_direct_bitrix
bitrix:1524;legacy_site;932;BYN;2026-06-23T00:00:00+03:00;bitrix-backup://2026-06-23/element/1524;1524;1;legacy_public_price_direct_bitrix
bitrix:1525;legacy_site;945;BYN;2026-06-23T00:00:00+03:00;bitrix-backup://2026-06-23/element/1525;1525;1;legacy_public_price_direct_bitrix
bitrix:1526;legacy_site;199;BYN;2026-06-23T00:00:00+03:00;bitrix-backup://2026-06-23/element/1526;1526;1;legacy_public_price_direct_bitrix
bitrix:1528;legacy_site;290;BYN;2026-06-23T00:00:00+03:00;bitrix-backup://2026-06-23/element/1528;1528;1;legacy_public_price_direct_bitrix
bitrix:1529;legacy_site;96;BYN;2026-06-23T00:00:00+03:00;bitrix-backup://2026-06-23/element/1529;1529;1;legacy_public_price_direct_bitrix
bitrix:1530;legacy_site;836;BYN;2026-06-23T00:00:00+03:00;bitrix-backup://2026-06-23/element/1530;1530;1;legacy_public_price_direct_bitrix
bitrix:1531;legacy_site;1271;BYN;2026-06-23T00:00:00+03:00;bitrix-backup://2026-06-23/element/1531;1531;1;legacy_public_price_direct_bitrix
bitrix:1533;legacy_site;793;BYN;2026-06-23T00:00:00+03:00;bitrix-backup://2026-06-23/element/1533;1533;1;legacy_public_price_direct_bitrix
bitrix:1534;legacy_site;1018.5;BYN;2026-06-23T00:00:00+03:00;bitrix-backup://2026-06-23/element/1534;1534;1;legacy_public_price_direct_bitrix
bitrix:1535;legacy_site;1071;BYN;2026-06-23T00:00:00+03:00;bitrix-backup://2026-06-23/element/1535;1535;1;legacy_public_price_direct_bitrix
bitrix:1536;legacy_site;115;BYN;2026-06-23T00:00:00+03:00;bitrix-backup://2026-06-23/element/1536;1536;1;legacy_public_price_direct_bitrix
bitrix:1537;legacy_site;210;BYN;2026-06-23T00:00:00+03:00;bitrix-backup://2026-06-23/element/1537;1537;1;legacy_public_price_direct_bitrix
bitrix:1538;legacy_site;94;BYN;2026-06-23T00:00:00+03:00;bitrix-backup://2026-06-23/element/1538;1538;1;legacy_public_price_direct_bitrix
bitrix:1539;legacy_site;128;BYN;2026-06-23T00:00:00+03:00;bitrix-backup://2026-06-23/element/1539;1539;1;legacy_public_price_direct_bitrix
bitrix:1540;legacy_site;125;BYN;2026-06-23T00:00:00+03:00;bitrix-backup://2026-06-23/element/1540;1540;1;legacy_public_price_direct_bitrix
bitrix:1541;legacy_site;148;BYN;2026-06-23T00:00:00+03:00;bitrix-backup://2026-06-23/element/1541;1541;1;legacy_public_price_direct_bitrix
bitrix:1543;legacy_site;105;BYN;2026-06-23T00:00:00+03:00;bitrix-backup://2026-06-23/element/1543;1543;1;legacy_public_price_direct_bitrix
bitrix:1544;legacy_site;79;BYN;2026-06-23T00:00:00+03:00;bitrix-backup://2026-06-23/element/1544;1544;1;legacy_public_price_direct_bitrix
bitrix:1545;legacy_site;65;BYN;2026-06-23T00:00:00+03:00;bitrix-backup://2026-06-23/element/1545;1545;1;legacy_public_price_direct_bitrix
bitrix:1546;legacy_site;32;BYN;2026-06-23T00:00:00+03:00;bitrix-backup://2026-06-23/element/1546;1546;1;legacy_public_price_direct_bitrix
bitrix:1547;legacy_site;26;BYN;2026-06-23T00:00:00+03:00;bitrix-backup://2026-06-23/element/1547;1547;1;legacy_public_price_direct_bitrix
bitrix:1550;legacy_site;16;BYN;2026-06-23T00:00:00+03:00;bitrix-backup://2026-06-23/element/1550;1550;1;legacy_public_price_direct_bitrix
bitrix:1551;legacy_site;21.5;BYN;2026-06-23T00:00:00+03:00;bitrix-backup://2026-06-23/element/1551;1551;1;legacy_public_price_direct_bitrix
bitrix:1553;legacy_site;42;BYN;2026-06-23T00:00:00+03:00;bitrix-backup://2026-06-23/element/1553;1553;1;legacy_public_price_direct_bitrix
bitrix:1554;legacy_site;46;BYN;2026-06-23T00:00:00+03:00;bitrix-backup://2026-06-23/element/1554;1554;1;legacy_public_price_direct_bitrix
bitrix:1555;legacy_site;16;BYN;2026-06-23T00:00:00+03:00;bitrix-backup://2026-06-23/element/1555;1555;1;legacy_public_price_direct_bitrix
bitrix:1557;legacy_site;16;BYN;2026-06-23T00:00:00+03:00;bitrix-backup://2026-06-23/element/1557;1557;1;legacy_public_price_direct_bitrix
bitrix:1558;legacy_site;840;BYN;2026-06-23T00:00:00+03:00;bitrix-backup://2026-06-23/element/1558;1558;1;legacy_public_price_direct_bitrix
bitrix:1559;legacy_site;1090;BYN;2026-06-23T00:00:00+03:00;bitrix-backup://2026-06-23/element/1559;1559;1;legacy_public_price_direct_bitrix
bitrix:1560;legacy_site;650;BYN;2026-06-23T00:00:00+03:00;bitrix-backup://2026-06-23/element/1560;1560;1;legacy_public_price_direct_bitrix
bitrix:1561;legacy_site;1049.5;BYN;2026-06-23T00:00:00+03:00;bitrix-backup://2026-06-23/element/1561;1561;1;legacy_public_price_direct_bitrix
bitrix:1562;legacy_site;1070;BYN;2026-06-23T00:00:00+03:00;bitrix-backup://2026-06-23/element/1562;1562;1;legacy_public_price_direct_bitrix
bitrix:1565;legacy_site;220;BYN;2026-06-23T00:00:00+03:00;bitrix-backup://2026-06-23/element/1565;1565;1;legacy_public_price_direct_bitrix
bitrix:1566;legacy_site;1329.5;BYN;2026-06-23T00:00:00+03:00;bitrix-backup://2026-06-23/element/1566;1566;1;legacy_public_price_direct_bitrix
bitrix:1569;legacy_site;220;BYN;2026-06-23T00:00:00+03:00;bitrix-backup://2026-06-23/element/1569;1569;1;legacy_public_price_direct_bitrix
bitrix:1570;legacy_site;1173;BYN;2026-06-23T00:00:00+03:00;bitrix-backup://2026-06-23/element/1570;1570;1;legacy_public_price_direct_bitrix
bitrix:1571;legacy_site;1267;BYN;2026-06-23T00:00:00+03:00;bitrix-backup://2026-06-23/element/1571;1571;1;legacy_public_price_direct_bitrix
bitrix:1572;legacy_site;228;BYN;2026-06-23T00:00:00+03:00;bitrix-backup://2026-06-23/element/1572;1572;1;legacy_public_price_direct_bitrix
bitrix:1573;legacy_site;366.5;BYN;2026-06-23T00:00:00+03:00;bitrix-backup://2026-06-23/element/1573;1573;1;legacy_public_price_direct_bitrix
bitrix:1574;legacy_site;1285;BYN;2026-06-23T00:00:00+03:00;bitrix-backup://2026-06-23/element/1574;1574;1;legacy_public_price_direct_bitrix
bitrix:1575;legacy_site;1341;BYN;2026-06-23T00:00:00+03:00;bitrix-backup://2026-06-23/element/1575;1575;1;legacy_public_price_direct_bitrix
bitrix:1576;legacy_site;120;BYN;2026-06-23T00:00:00+03:00;bitrix-backup://2026-06-23/element/1576;1576;1;legacy_public_price_direct_bitrix
bitrix:1577;legacy_site;148;BYN;2026-06-23T00:00:00+03:00;bitrix-backup://2026-06-23/element/1577;1577;1;legacy_public_price_direct_bitrix
bitrix:1579;legacy_site;242;BYN;2026-06-23T00:00:00+03:00;bitrix-backup://2026-06-23/element/1579;1579;1;legacy_public_price_direct_bitrix
bitrix:1580;legacy_site;341;BYN;2026-06-23T00:00:00+03:00;bitrix-backup://2026-06-23/element/1580;1580;1;legacy_public_price_direct_bitrix
bitrix:1582;legacy_site;32;BYN;2026-06-23T00:00:00+03:00;bitrix-backup://2026-06-23/element/1582;1582;1;legacy_public_price_direct_bitrix
bitrix:1583;legacy_site;17;BYN;2026-06-23T00:00:00+03:00;bitrix-backup://2026-06-23/element/1583;1583;1;legacy_public_price_direct_bitrix
bitrix:1584;legacy_site;65.5;BYN;2026-06-23T00:00:00+03:00;bitrix-backup://2026-06-23/element/1584;1584;1;legacy_public_price_direct_bitrix
bitrix:1585;legacy_site;65;BYN;2026-06-23T00:00:00+03:00;bitrix-backup://2026-06-23/element/1585;1585;1;legacy_public_price_direct_bitrix
bitrix:1586;legacy_site;79;BYN;2026-06-23T00:00:00+03:00;bitrix-backup://2026-06-23/element/1586;1586;1;legacy_public_price_direct_bitrix
bitrix:1587;legacy_site;53;BYN;2026-06-23T00:00:00+03:00;bitrix-backup://2026-06-23/element/1587;1587;1;legacy_public_price_direct_bitrix
bitrix:1591;legacy_site;387;BYN;2026-06-23T00:00:00+03:00;bitrix-backup://2026-06-23/element/1591;1591;1;legacy_public_price_direct_bitrix
bitrix:1592;legacy_site;195;BYN;2026-06-23T00:00:00+03:00;bitrix-backup://2026-06-23/element/1592;1592;1;legacy_public_price_direct_bitrix
bitrix:1593;legacy_site;345;BYN;2026-06-23T00:00:00+03:00;bitrix-backup://2026-06-23/element/1593;1593;1;legacy_public_price_direct_bitrix
bitrix:1594;legacy_site;447;BYN;2026-06-23T00:00:00+03:00;bitrix-backup://2026-06-23/element/1594;1594;1;legacy_public_price_direct_bitrix
bitrix:1595;legacy_site;309;BYN;2026-06-23T00:00:00+03:00;bitrix-backup://2026-06-23/element/1595;1595;1;legacy_public_price_direct_bitrix
bitrix:1596;legacy_site;433;BYN;2026-06-23T00:00:00+03:00;bitrix-backup://2026-06-23/element/1596;1596;1;legacy_public_price_direct_bitrix
bitrix:1597;legacy_site;282;BYN;2026-06-23T00:00:00+03:00;bitrix-backup://2026-06-23/element/1597;1597;1;legacy_public_price_direct_bitrix
bitrix:1599;legacy_site;13;BYN;2026-06-23T00:00:00+03:00;bitrix-backup://2026-06-23/element/1599;1599;1;legacy_public_price_direct_bitrix
bitrix:1606;legacy_site;29.5;BYN;2026-06-23T00:00:00+03:00;bitrix-backup://2026-06-23/element/1606;1606;1;legacy_public_price_direct_bitrix
bitrix:1608;legacy_site;242;BYN;2026-06-23T00:00:00+03:00;bitrix-backup://2026-06-23/element/1608;1608;1;legacy_public_price_direct_bitrix
bitrix:1609;legacy_site;232.5;BYN;2026-06-23T00:00:00+03:00;bitrix-backup://2026-06-23/element/1609;1609;1;legacy_public_price_direct_bitrix
bitrix:1610;legacy_site;257;BYN;2026-06-23T00:00:00+03:00;bitrix-backup://2026-06-23/element/1610;1610;1;legacy_public_price_direct_bitrix
bitrix:1612;legacy_site;510;BYN;2026-06-23T00:00:00+03:00;bitrix-backup://2026-06-23/element/1612;1612;1;legacy_public_price_direct_bitrix
bitrix:1616;legacy_site;38;BYN;2026-06-23T00:00:00+03:00;bitrix-backup://2026-06-23/element/1616;1616;1;legacy_public_price_direct_bitrix
bitrix:1617;legacy_site;56;BYN;2026-06-23T00:00:00+03:00;bitrix-backup://2026-06-23/element/1617;1617;1;legacy_public_price_direct_bitrix
bitrix:1619;legacy_site;479;BYN;2026-06-23T00:00:00+03:00;bitrix-backup://2026-06-23/element/1619;1619;1;legacy_public_price_direct_bitrix
bitrix:1623;legacy_site;369.5;BYN;2026-06-23T00:00:00+03:00;bitrix-backup://2026-06-23/element/1623;1623;1;legacy_public_price_direct_bitrix
bitrix:1624;legacy_site;43.5;BYN;2026-06-23T00:00:00+03:00;bitrix-backup://2026-06-23/element/1624;1624;1;legacy_public_price_direct_bitrix
bitrix:1625;legacy_site;81;BYN;2026-06-23T00:00:00+03:00;bitrix-backup://2026-06-23/element/1625;1625;1;legacy_public_price_direct_bitrix
bitrix:1626;legacy_site;29;BYN;2026-06-23T00:00:00+03:00;bitrix-backup://2026-06-23/element/1626;1626;1;legacy_public_price_direct_bitrix
bitrix:1627;legacy_site;31;BYN;2026-06-23T00:00:00+03:00;bitrix-backup://2026-06-23/element/1627;1627;1;legacy_public_price_direct_bitrix
bitrix:1629;legacy_site;26;BYN;2026-06-23T00:00:00+03:00;bitrix-backup://2026-06-23/element/1629;1629;1;legacy_public_price_direct_bitrix
bitrix:1631;legacy_site;720;BYN;2026-06-23T00:00:00+03:00;bitrix-backup://2026-06-23/element/1631;1631;1;legacy_public_price_direct_bitrix
bitrix:1635;legacy_site;51;BYN;2026-06-23T00:00:00+03:00;bitrix-backup://2026-06-23/element/1635;1635;1;legacy_public_price_direct_bitrix
bitrix:1640;legacy_site;65.5;BYN;2026-06-23T00:00:00+03:00;bitrix-backup://2026-06-23/element/1640;1640;1;legacy_public_price_direct_bitrix
bitrix:1641;legacy_site;40.5;BYN;2026-06-23T00:00:00+03:00;bitrix-backup://2026-06-23/element/1641;1641;1;legacy_public_price_direct_bitrix
bitrix:1643;legacy_site;25.5;BYN;2026-06-23T00:00:00+03:00;bitrix-backup://2026-06-23/element/1643;1643;1;legacy_public_price_direct_bitrix
bitrix:1644;legacy_site;210;BYN;2026-06-23T00:00:00+03:00;bitrix-backup://2026-06-23/element/1644;1644;1;legacy_public_price_direct_bitrix
bitrix:1645;legacy_site;81;BYN;2026-06-23T00:00:00+03:00;bitrix-backup://2026-06-23/element/1645;1645;1;legacy_public_price_direct_bitrix
bitrix:1686;legacy_site;0.43;BYN;2026-06-23T00:00:00+03:00;bitrix-backup://2026-06-23/element/1686;1686;1;legacy_public_price_direct_bitrix
bitrix:1687;legacy_site;43678;BYN;2026-06-23T00:00:00+03:00;bitrix-backup://2026-06-23/element/1687;1687;1;legacy_public_price_direct_bitrix
bitrix:1688;legacy_site;43588;BYN;2026-06-23T00:00:00+03:00;bitrix-backup://2026-06-23/element/1688;1688;1;legacy_public_price_direct_bitrix
bitrix:1689;legacy_site;43528;BYN;2026-06-23T00:00:00+03:00;bitrix-backup://2026-06-23/element/1689;1689;1;legacy_public_price_direct_bitrix
bitrix:1690;legacy_site;2230;BYN;2026-06-23T00:00:00+03:00;bitrix-backup://2026-06-23/element/1690;1690;1;legacy_public_price_direct_bitrix
bitrix:1697;legacy_site;2000;BYN;2026-06-23T00:00:00+03:00;bitrix-backup://2026-06-23/element/1697;1697;1;legacy_public_price_direct_bitrix
bitrix:1704;legacy_site;2650;BYN;2026-06-23T00:00:00+03:00;bitrix-backup://2026-06-23/element/1704;1704;1;legacy_public_price_direct_bitrix
bitrix:1706;legacy_site;2195;BYN;2026-06-23T00:00:00+03:00;bitrix-backup://2026-06-23/element/1706;1706;1;legacy_public_price_direct_bitrix
bitrix:1708;legacy_site;2750;BYN;2026-06-23T00:00:00+03:00;bitrix-backup://2026-06-23/element/1708;1708;1;legacy_public_price_direct_bitrix
bitrix:1715;legacy_site;2900;BYN;2026-06-23T00:00:00+03:00;bitrix-backup://2026-06-23/element/1715;1715;1;legacy_public_price_direct_bitrix
bitrix:1717;legacy_site;3160;BYN;2026-06-23T00:00:00+03:00;bitrix-backup://2026-06-23/element/1717;1717;1;legacy_public_price_direct_bitrix
bitrix:1723;legacy_site;619;BYN;2026-06-23T00:00:00+03:00;bitrix-backup://2026-06-23/element/1723;1723;1;legacy_public_price_direct_bitrix
bitrix:1725;legacy_site;490;BYN;2026-06-23T00:00:00+03:00;bitrix-backup://2026-06-23/element/1725;1725;1;legacy_public_price_direct_bitrix
bitrix:1726;legacy_site;499;BYN;2026-06-23T00:00:00+03:00;bitrix-backup://2026-06-23/element/1726;1726;1;legacy_public_price_direct_bitrix
bitrix:1727;legacy_site;17;BYN;2026-06-23T00:00:00+03:00;bitrix-backup://2026-06-23/element/1727;1727;1;legacy_public_price_direct_bitrix
bitrix:1732;legacy_site;3800;BYN;2026-06-23T00:00:00+03:00;bitrix-backup://2026-06-23/element/1732;1732;1;legacy_public_price_direct_bitrix
bitrix:1737;legacy_site;823;BYN;2026-06-23T00:00:00+03:00;bitrix-backup://2026-06-23/element/1737;1737;1;legacy_public_price_direct_bitrix
bitrix:1739;legacy_site;549;BYN;2026-06-23T00:00:00+03:00;bitrix-backup://2026-06-23/element/1739;1739;1;legacy_public_price_direct_bitrix
bitrix:1740;legacy_site;558.5;BYN;2026-06-23T00:00:00+03:00;bitrix-backup://2026-06-23/element/1740;1740;1;legacy_public_price_direct_bitrix
bitrix:1744;legacy_site;582;BYN;2026-06-23T00:00:00+03:00;bitrix-backup://2026-06-23/element/1744;1744;1;legacy_public_price_direct_bitrix
bitrix:1747;legacy_site;4980;BYN;2026-06-23T00:00:00+03:00;bitrix-backup://2026-06-23/element/1747;1747;1;legacy_public_price_direct_bitrix
bitrix:1750;legacy_site;22;BYN;2026-06-23T00:00:00+03:00;bitrix-backup://2026-06-23/element/1750;1750;1;legacy_public_price_direct_bitrix
bitrix:1754;legacy_site;1070;BYN;2026-06-23T00:00:00+03:00;bitrix-backup://2026-06-23/element/1754;1754;1;legacy_public_price_direct_bitrix
bitrix:1756;legacy_site;739;BYN;2026-06-23T00:00:00+03:00;bitrix-backup://2026-06-23/element/1756;1756;1;legacy_public_price_direct_bitrix
bitrix:1757;legacy_site;748;BYN;2026-06-23T00:00:00+03:00;bitrix-backup://2026-06-23/element/1757;1757;1;legacy_public_price_direct_bitrix
bitrix:1764;legacy_site;781;BYN;2026-06-23T00:00:00+03:00;bitrix-backup://2026-06-23/element/1764;1764;1;legacy_public_price_direct_bitrix
bitrix:1766;legacy_site;787.5;BYN;2026-06-23T00:00:00+03:00;bitrix-backup://2026-06-23/element/1766;1766;1;legacy_public_price_direct_bitrix
bitrix:1767;legacy_site;791.5;BYN;2026-06-23T00:00:00+03:00;bitrix-backup://2026-06-23/element/1767;1767;1;legacy_public_price_direct_bitrix
bitrix:1768;legacy_site;1210;BYN;2026-06-23T00:00:00+03:00;bitrix-backup://2026-06-23/element/1768;1768;1;legacy_public_price_direct_bitrix
bitrix:1772;legacy_site;828;BYN;2026-06-23T00:00:00+03:00;bitrix-backup://2026-06-23/element/1772;1772;1;legacy_public_price_direct_bitrix
bitrix:1773;legacy_site;836;BYN;2026-06-23T00:00:00+03:00;bitrix-backup://2026-06-23/element/1773;1773;1;legacy_public_price_direct_bitrix
bitrix:1774;legacy_site;1340;BYN;2026-06-23T00:00:00+03:00;bitrix-backup://2026-06-23/element/1774;1774;1;legacy_public_price_direct_bitrix
bitrix:1776;legacy_site;1008.5;BYN;2026-06-23T00:00:00+03:00;bitrix-backup://2026-06-23/element/1776;1776;1;legacy_public_price_direct_bitrix
bitrix:1777;legacy_site;1010;BYN;2026-06-23T00:00:00+03:00;bitrix-backup://2026-06-23/element/1777;1777;1;legacy_public_price_direct_bitrix
bitrix:1778;legacy_site;1590;BYN;2026-06-23T00:00:00+03:00;bitrix-backup://2026-06-23/element/1778;1778;1;legacy_public_price_direct_bitrix
bitrix:1779;legacy_site;1062;BYN;2026-06-23T00:00:00+03:00;bitrix-backup://2026-06-23/element/1779;1779;1;legacy_public_price_direct_bitrix
bitrix:1780;legacy_site;1062.5;BYN;2026-06-23T00:00:00+03:00;bitrix-backup://2026-06-23/element/1780;1780;1;legacy_public_price_direct_bitrix
bitrix:1781;legacy_site;1239;BYN;2026-06-23T00:00:00+03:00;bitrix-backup://2026-06-23/element/1781;1781;1;legacy_public_price_direct_bitrix
bitrix:1783;legacy_site;1105;BYN;2026-06-23T00:00:00+03:00;bitrix-backup://2026-06-23/element/1783;1783;1;legacy_public_price_direct_bitrix
bitrix:1784;legacy_site;1103.5;BYN;2026-06-23T00:00:00+03:00;bitrix-backup://2026-06-23/element/1784;1784;1;legacy_public_price_direct_bitrix
bitrix:1785;legacy_site;1830;BYN;2026-06-23T00:00:00+03:00;bitrix-backup://2026-06-23/element/1785;1785;1;legacy_public_price_direct_bitrix
bitrix:1786;legacy_site;1995;BYN;2026-06-23T00:00:00+03:00;bitrix-backup://2026-06-23/element/1786;1786;1;legacy_public_price_direct_bitrix
bitrix:1787;legacy_site;2095;BYN;2026-06-23T00:00:00+03:00;bitrix-backup://2026-06-23/element/1787;1787;1;legacy_public_price_direct_bitrix
bitrix:1789;legacy_site;2270;BYN;2026-06-23T00:00:00+03:00;bitrix-backup://2026-06-23/element/1789;1789;1;legacy_public_price_direct_bitrix
bitrix:1791;legacy_site;1980;BYN;2026-06-23T00:00:00+03:00;bitrix-backup://2026-06-23/element/1791;1791;1;legacy_public_price_direct_bitrix
bitrix:20090;legacy_site;2345.3;BYN;2026-06-23T00:00:00+03:00;bitrix-backup://2026-06-23/element/20090;20090;1;legacy_public_price_direct_bitrix
bitrix:20091;legacy_site;455.3;BYN;2026-06-23T00:00:00+03:00;bitrix-backup://2026-06-23/element/20091;20091;1;legacy_public_price_direct_bitrix
bitrix:20092;legacy_site;285.6;BYN;2026-06-23T00:00:00+03:00;bitrix-backup://2026-06-23/element/20092;20092;1;legacy_public_price_direct_bitrix
bitrix:20093;legacy_site;1765.7;BYN;2026-06-23T00:00:00+03:00;bitrix-backup://2026-06-23/element/20093;20093;1;legacy_public_price_direct_bitrix
bitrix:20094;legacy_site;348.9;BYN;2026-06-23T00:00:00+03:00;bitrix-backup://2026-06-23/element/20094;20094;1;legacy_public_price_direct_bitrix
bitrix:20095;legacy_site;1230.4;BYN;2026-06-23T00:00:00+03:00;bitrix-backup://2026-06-23/element/20095;20095;1;legacy_public_price_direct_bitrix
bitrix:20096;legacy_site;2035.3;BYN;2026-06-23T00:00:00+03:00;bitrix-backup://2026-06-23/element/20096;20096;1;legacy_public_price_direct_bitrix
bitrix:20097;legacy_site;556.8;BYN;2026-06-23T00:00:00+03:00;bitrix-backup://2026-06-23/element/20097;20097;1;legacy_public_price_direct_bitrix
bitrix:20098;legacy_site;1230.1;BYN;2026-06-23T00:00:00+03:00;bitrix-backup://2026-06-23/element/20098;20098;1;legacy_public_price_direct_bitrix
bitrix:20099;legacy_site;705.3;BYN;2026-06-23T00:00:00+03:00;bitrix-backup://2026-06-23/element/20099;20099;1;legacy_public_price_direct_bitrix
bitrix:20101;legacy_site;3600.1;BYN;2026-06-23T00:00:00+03:00;bitrix-backup://2026-06-23/element/20101;20101;1;legacy_public_price_direct_bitrix
bitrix:20102;legacy_site;426.9;BYN;2026-06-23T00:00:00+03:00;bitrix-backup://2026-06-23/element/20102;20102;1;legacy_public_price_direct_bitrix
bitrix:20104;legacy_site;254.8;BYN;2026-06-23T00:00:00+03:00;bitrix-backup://2026-06-23/element/20104;20104;1;legacy_public_price_direct_bitrix
bitrix:20105;legacy_site;2230.8;BYN;2026-06-23T00:00:00+03:00;bitrix-backup://2026-06-23/element/20105;20105;1;legacy_public_price_direct_bitrix
bitrix:20108;legacy_site;19.2;BYN;2026-06-23T00:00:00+03:00;bitrix-backup://2026-06-23/element/20108;20108;1;legacy_public_price_direct_bitrix
bitrix:20109;legacy_site;29.7;BYN;2026-06-23T00:00:00+03:00;bitrix-backup://2026-06-23/element/20109;20109;1;legacy_public_price_direct_bitrix
bitrix:20110;legacy_site;27.3;BYN;2026-06-23T00:00:00+03:00;bitrix-backup://2026-06-23/element/20110;20110;1;legacy_public_price_direct_bitrix
bitrix:20111;legacy_site;278.5;BYN;2026-06-23T00:00:00+03:00;bitrix-backup://2026-06-23/element/20111;20111;1;legacy_public_price_direct_bitrix
bitrix:20112;legacy_site;330.9;BYN;2026-06-23T00:00:00+03:00;bitrix-backup://2026-06-23/element/20112;20112;1;legacy_public_price_direct_bitrix
bitrix:20113;legacy_site;325.8;BYN;2026-06-23T00:00:00+03:00;bitrix-backup://2026-06-23/element/20113;20113;1;legacy_public_price_direct_bitrix
bitrix:20116;legacy_site;745;BYN;2026-06-23T00:00:00+03:00;bitrix-backup://2026-06-23/element/20116;20116;1;legacy_public_price_direct_bitrix
bitrix:20117;legacy_site;820;BYN;2026-06-23T00:00:00+03:00;bitrix-backup://2026-06-23/element/20117;20117;1;legacy_public_price_direct_bitrix
bitrix:20119;legacy_site;1165;BYN;2026-06-23T00:00:00+03:00;bitrix-backup://2026-06-23/element/20119;20119;1;legacy_public_price_direct_bitrix
bitrix:20120;legacy_site;1280;BYN;2026-06-23T00:00:00+03:00;bitrix-backup://2026-06-23/element/20120;20120;1;legacy_public_price_direct_bitrix
bitrix:20121;legacy_site;55;BYN;2026-06-23T00:00:00+03:00;bitrix-backup://2026-06-23/element/20121;20121;1;legacy_public_price_direct_bitrix
bitrix:20122;legacy_site;109;BYN;2026-06-23T00:00:00+03:00;bitrix-backup://2026-06-23/element/20122;20122;1;legacy_public_price_direct_bitrix
bitrix:20123;legacy_site;287;BYN;2026-06-23T00:00:00+03:00;bitrix-backup://2026-06-23/element/20123;20123;1;legacy_public_price_direct_bitrix
bitrix:20124;legacy_site;390;BYN;2026-06-23T00:00:00+03:00;bitrix-backup://2026-06-23/element/20124;20124;1;legacy_public_price_direct_bitrix
bitrix:20125;legacy_site;605;BYN;2026-06-23T00:00:00+03:00;bitrix-backup://2026-06-23/element/20125;20125;1;legacy_public_price_direct_bitrix
bitrix:20126;legacy_site;708;BYN;2026-06-23T00:00:00+03:00;bitrix-backup://2026-06-23/element/20126;20126;1;legacy_public_price_direct_bitrix
bitrix:20128;legacy_site;122;BYN;2026-06-23T00:00:00+03:00;bitrix-backup://2026-06-23/element/20128;20128;1;legacy_public_price_direct_bitrix
bitrix:20133;legacy_site;2180;BYN;2026-06-23T00:00:00+03:00;bitrix-backup://2026-06-23/element/20133;20133;1;legacy_public_price_direct_bitrix
bitrix:20134;legacy_site;68;BYN;2026-06-23T00:00:00+03:00;bitrix-backup://2026-06-23/element/20134;20134;1;legacy_public_price_direct_bitrix
bitrix:20135;legacy_site;76.7;BYN;2026-06-23T00:00:00+03:00;bitrix-backup://2026-06-23/element/20135;20135;1;legacy_public_price_direct_bitrix
bitrix:20136;legacy_site;110.2;BYN;2026-06-23T00:00:00+03:00;bitrix-backup://2026-06-23/element/20136;20136;1;legacy_public_price_direct_bitrix
bitrix:20137;legacy_site;140;BYN;2026-06-23T00:00:00+03:00;bitrix-backup://2026-06-23/element/20137;20137;1;legacy_public_price_direct_bitrix
bitrix:20138;legacy_site;268.8;BYN;2026-06-23T00:00:00+03:00;bitrix-backup://2026-06-23/element/20138;20138;1;legacy_public_price_direct_bitrix
bitrix:20139;legacy_site;330;BYN;2026-06-23T00:00:00+03:00;bitrix-backup://2026-06-23/element/20139;20139;1;legacy_public_price_direct_bitrix
bitrix:20140;legacy_site;431.7;BYN;2026-06-23T00:00:00+03:00;bitrix-backup://2026-06-23/element/20140;20140;1;legacy_public_price_direct_bitrix
bitrix:20142;legacy_site;650.4;BYN;2026-06-23T00:00:00+03:00;bitrix-backup://2026-06-23/element/20142;20142;1;legacy_public_price_direct_bitrix
bitrix:20143;legacy_site;763.5;BYN;2026-06-23T00:00:00+03:00;bitrix-backup://2026-06-23/element/20143;20143;1;legacy_public_price_direct_bitrix
bitrix:20144;legacy_site;790.8;BYN;2026-06-23T00:00:00+03:00;bitrix-backup://2026-06-23/element/20144;20144;1;legacy_public_price_direct_bitrix
bitrix:20145;legacy_site;872.6;BYN;2026-06-23T00:00:00+03:00;bitrix-backup://2026-06-23/element/20145;20145;1;legacy_public_price_direct_bitrix
bitrix:20146;legacy_site;918.1;BYN;2026-06-23T00:00:00+03:00;bitrix-backup://2026-06-23/element/20146;20146;1;legacy_public_price_direct_bitrix
bitrix:20147;legacy_site;980.5;BYN;2026-06-23T00:00:00+03:00;bitrix-backup://2026-06-23/element/20147;20147;1;legacy_public_price_direct_bitrix
bitrix:20150;legacy_site;880.8;BYN;2026-06-23T00:00:00+03:00;bitrix-backup://2026-06-23/element/20150;20150;1;legacy_public_price_direct_bitrix
bitrix:20152;legacy_site;1240.5;BYN;2026-06-23T00:00:00+03:00;bitrix-backup://2026-06-23/element/20152;20152;1;legacy_public_price_direct_bitrix
bitrix:20153;legacy_site;1320.6;BYN;2026-06-23T00:00:00+03:00;bitrix-backup://2026-06-23/element/20153;20153;1;legacy_public_price_direct_bitrix
bitrix:20154;legacy_site;1308.9;BYN;2026-06-23T00:00:00+03:00;bitrix-backup://2026-06-23/element/20154;20154;1;legacy_public_price_direct_bitrix
bitrix:20155;legacy_site;1230.1;BYN;2026-06-23T00:00:00+03:00;bitrix-backup://2026-06-23/element/20155;20155;1;legacy_public_price_direct_bitrix
bitrix:20157;legacy_site;954.4;BYN;2026-06-23T00:00:00+03:00;bitrix-backup://2026-06-23/element/20157;20157;1;legacy_public_price_direct_bitrix
bitrix:20158;legacy_site;895.8;BYN;2026-06-23T00:00:00+03:00;bitrix-backup://2026-06-23/element/20158;20158;1;legacy_public_price_direct_bitrix
bitrix:20160;legacy_site;736.2;BYN;2026-06-23T00:00:00+03:00;bitrix-backup://2026-06-23/element/20160;20160;1;legacy_public_price_direct_bitrix
bitrix:20161;legacy_site;630.2;BYN;2026-06-23T00:00:00+03:00;bitrix-backup://2026-06-23/element/20161;20161;1;legacy_public_price_direct_bitrix
bitrix:20163;legacy_site;1230;BYN;2026-06-23T00:00:00+03:00;bitrix-backup://2026-06-23/element/20163;20163;1;legacy_public_price_direct_bitrix
bitrix:20164;legacy_site;1150.5;BYN;2026-06-23T00:00:00+03:00;bitrix-backup://2026-06-23/element/20164;20164;1;legacy_public_price_direct_bitrix
bitrix:20165;legacy_site;1020.3;BYN;2026-06-23T00:00:00+03:00;bitrix-backup://2026-06-23/element/20165;20165;1;legacy_public_price_direct_bitrix
bitrix:20166;legacy_site;974.5;BYN;2026-06-23T00:00:00+03:00;bitrix-backup://2026-06-23/element/20166;20166;1;legacy_public_price_direct_bitrix
bitrix:20167;legacy_site;836.9;BYN;2026-06-23T00:00:00+03:00;bitrix-backup://2026-06-23/element/20167;20167;1;legacy_public_price_direct_bitrix
bitrix:20168;legacy_site;695.2;BYN;2026-06-23T00:00:00+03:00;bitrix-backup://2026-06-23/element/20168;20168;1;legacy_public_price_direct_bitrix
bitrix:20169;legacy_site;648.1;BYN;2026-06-23T00:00:00+03:00;bitrix-backup://2026-06-23/element/20169;20169;1;legacy_public_price_direct_bitrix
bitrix:20172;legacy_site;413.2;BYN;2026-06-23T00:00:00+03:00;bitrix-backup://2026-06-23/element/20172;20172;1;legacy_public_price_direct_bitrix
bitrix:20173;legacy_site;620.3;BYN;2026-06-23T00:00:00+03:00;bitrix-backup://2026-06-23/element/20173;20173;1;legacy_public_price_direct_bitrix
bitrix:20174;legacy_site;755.8;BYN;2026-06-23T00:00:00+03:00;bitrix-backup://2026-06-23/element/20174;20174;1;legacy_public_price_direct_bitrix
bitrix:20176;legacy_site;915;BYN;2026-06-23T00:00:00+03:00;bitrix-backup://2026-06-23/element/20176;20176;1;legacy_public_price_direct_bitrix
bitrix:20177;legacy_site;1035.6;BYN;2026-06-23T00:00:00+03:00;bitrix-backup://2026-06-23/element/20177;20177;1;legacy_public_price_direct_bitrix
bitrix:20178;legacy_site;1115.5;BYN;2026-06-23T00:00:00+03:00;bitrix-backup://2026-06-23/element/20178;20178;1;legacy_public_price_direct_bitrix
bitrix:20179;legacy_site;1250;BYN;2026-06-23T00:00:00+03:00;bitrix-backup://2026-06-23/element/20179;20179;1;legacy_public_price_direct_bitrix
bitrix:20180;legacy_site;1410;BYN;2026-06-23T00:00:00+03:00;bitrix-backup://2026-06-23/element/20180;20180;1;legacy_public_price_direct_bitrix
bitrix:20181;legacy_site;368;BYN;2026-06-23T00:00:00+03:00;bitrix-backup://2026-06-23/element/20181;20181;1;legacy_public_price_direct_bitrix
bitrix:20182;legacy_site;420;BYN;2026-06-23T00:00:00+03:00;bitrix-backup://2026-06-23/element/20182;20182;1;legacy_public_price_direct_bitrix
bitrix:20183;legacy_site;495;BYN;2026-06-23T00:00:00+03:00;bitrix-backup://2026-06-23/element/20183;20183;1;legacy_public_price_direct_bitrix
bitrix:20184;legacy_site;576;BYN;2026-06-23T00:00:00+03:00;bitrix-backup://2026-06-23/element/20184;20184;1;legacy_public_price_direct_bitrix
bitrix:20185;legacy_site;632;BYN;2026-06-23T00:00:00+03:00;bitrix-backup://2026-06-23/element/20185;20185;1;legacy_public_price_direct_bitrix
bitrix:20187;legacy_site;968;BYN;2026-06-23T00:00:00+03:00;bitrix-backup://2026-06-23/element/20187;20187;1;legacy_public_price_direct_bitrix
bitrix:20188;legacy_site;1184;BYN;2026-06-23T00:00:00+03:00;bitrix-backup://2026-06-23/element/20188;20188;1;legacy_public_price_direct_bitrix
bitrix:20189;legacy_site;1596;BYN;2026-06-23T00:00:00+03:00;bitrix-backup://2026-06-23/element/20189;20189;1;legacy_public_price_direct_bitrix
bitrix:20190;legacy_site;2130;BYN;2026-06-23T00:00:00+03:00;bitrix-backup://2026-06-23/element/20190;20190;1;legacy_public_price_direct_bitrix
bitrix:20191;legacy_site;2780;BYN;2026-06-23T00:00:00+03:00;bitrix-backup://2026-06-23/element/20191;20191;1;legacy_public_price_direct_bitrix
bitrix:20192;legacy_site;3430;BYN;2026-06-23T00:00:00+03:00;bitrix-backup://2026-06-23/element/20192;20192;1;legacy_public_price_direct_bitrix
bitrix:2260;legacy_site;37.5;BYN;2026-06-23T00:00:00+03:00;bitrix-backup://2026-06-23/element/2260;2260;1;legacy_public_price_direct_bitrix
bitrix:2295;legacy_site;260;BYN;2026-06-23T00:00:00+03:00;bitrix-backup://2026-06-23/element/2295;2295;1;legacy_public_price_direct_bitrix
bitrix:2296;legacy_site;340;BYN;2026-06-23T00:00:00+03:00;bitrix-backup://2026-06-23/element/2296;2296;1;legacy_public_price_direct_bitrix
bitrix:2298;legacy_site;384;BYN;2026-06-23T00:00:00+03:00;bitrix-backup://2026-06-23/element/2298;2298;1;legacy_public_price_direct_bitrix
bitrix:2299;legacy_site;260;BYN;2026-06-23T00:00:00+03:00;bitrix-backup://2026-06-23/element/2299;2299;1;legacy_public_price_direct_bitrix
bitrix:2300;legacy_site;340;BYN;2026-06-23T00:00:00+03:00;bitrix-backup://2026-06-23/element/2300;2300;1;legacy_public_price_direct_bitrix
bitrix:2301;legacy_site;344;BYN;2026-06-23T00:00:00+03:00;bitrix-backup://2026-06-23/element/2301;2301;1;legacy_public_price_direct_bitrix
bitrix:2302;legacy_site;480;BYN;2026-06-23T00:00:00+03:00;bitrix-backup://2026-06-23/element/2302;2302;1;legacy_public_price_direct_bitrix
bitrix:2303;legacy_site;380;BYN;2026-06-23T00:00:00+03:00;bitrix-backup://2026-06-23/element/2303;2303;1;legacy_public_price_direct_bitrix
bitrix:2305;legacy_site;385.6;BYN;2026-06-23T00:00:00+03:00;bitrix-backup://2026-06-23/element/2305;2305;1;legacy_public_price_direct_bitrix
bitrix:2316;legacy_site;875;BYN;2026-06-23T00:00:00+03:00;bitrix-backup://2026-06-23/element/2316;2316;1;legacy_public_price_direct_bitrix
bitrix:2317;legacy_site;1050;BYN;2026-06-23T00:00:00+03:00;bitrix-backup://2026-06-23/element/2317;2317;1;legacy_public_price_direct_bitrix
bitrix:2319;legacy_site;235.95;BYN;2026-06-23T00:00:00+03:00;bitrix-backup://2026-06-23/element/2319;2319;1;legacy_public_price_direct_bitrix
bitrix:2320;legacy_site;343.49;BYN;2026-06-23T00:00:00+03:00;bitrix-backup://2026-06-23/element/2320;2320;1;legacy_public_price_direct_bitrix
bitrix:2321;legacy_site;416.23;BYN;2026-06-23T00:00:00+03:00;bitrix-backup://2026-06-23/element/2321;2321;1;legacy_public_price_direct_bitrix
bitrix:2322;legacy_site;0.2;BYN;2026-06-23T00:00:00+03:00;bitrix-backup://2026-06-23/element/2322;2322;1;legacy_public_price_direct_bitrix
bitrix:2323;legacy_site;43541;BYN;2026-06-23T00:00:00+03:00;bitrix-backup://2026-06-23/element/2323;2323;1;legacy_public_price_direct_bitrix
bitrix:2325;legacy_site;43534;BYN;2026-06-23T00:00:00+03:00;bitrix-backup://2026-06-23/element/2325;2325;1;legacy_public_price_direct_bitrix
bitrix:2326;legacy_site;43545;BYN;2026-06-23T00:00:00+03:00;bitrix-backup://2026-06-23/element/2326;2326;1;legacy_public_price_direct_bitrix
bitrix:2327;legacy_site;43606;BYN;2026-06-23T00:00:00+03:00;bitrix-backup://2026-06-23/element/2327;2327;1;legacy_public_price_direct_bitrix
bitrix:2329;legacy_site;43641;BYN;2026-06-23T00:00:00+03:00;bitrix-backup://2026-06-23/element/2329;2329;1;legacy_public_price_direct_bitrix
bitrix:2339;legacy_site;1260;BYN;2026-06-23T00:00:00+03:00;bitrix-backup://2026-06-23/element/2339;2339;1;legacy_public_price_direct_bitrix
bitrix:2340;legacy_site;1512;BYN;2026-06-23T00:00:00+03:00;bitrix-backup://2026-06-23/element/2340;2340;1;legacy_public_price_direct_bitrix
bitrix:2341;legacy_site;840;BYN;2026-06-23T00:00:00+03:00;bitrix-backup://2026-06-23/element/2341;2341;1;legacy_public_price_direct_bitrix
bitrix:2342;legacy_site;1065;BYN;2026-06-23T00:00:00+03:00;bitrix-backup://2026-06-23/element/2342;2342;1;legacy_public_price_direct_bitrix
bitrix:2343;legacy_site;840;BYN;2026-06-23T00:00:00+03:00;bitrix-backup://2026-06-23/element/2343;2343;1;legacy_public_price_direct_bitrix
bitrix:2344;legacy_site;1065;BYN;2026-06-23T00:00:00+03:00;bitrix-backup://2026-06-23/element/2344;2344;1;legacy_public_price_direct_bitrix
bitrix:2348;legacy_site;546;BYN;2026-06-23T00:00:00+03:00;bitrix-backup://2026-06-23/element/2348;2348;1;legacy_public_price_direct_bitrix
bitrix:23783;legacy_site;7000;BYN;2026-06-23T00:00:00+03:00;bitrix-backup://2026-06-23/element/23783;23783;1;legacy_public_price_direct_bitrix
bitrix:23784;legacy_site;4800;BYN;2026-06-23T00:00:00+03:00;bitrix-backup://2026-06-23/element/23784;23784;1;legacy_public_price_direct_bitrix
bitrix:23785;legacy_site;1720;BYN;2026-06-23T00:00:00+03:00;bitrix-backup://2026-06-23/element/23785;23785;1;legacy_public_price_direct_bitrix
bitrix:23786;legacy_site;2230;BYN;2026-06-23T00:00:00+03:00;bitrix-backup://2026-06-23/element/23786;23786;1;legacy_public_price_direct_bitrix
bitrix:23787;legacy_site;4900;BYN;2026-06-23T00:00:00+03:00;bitrix-backup://2026-06-23/element/23787;23787;1;legacy_public_price_direct_bitrix
bitrix:23788;legacy_site;2000;BYN;2026-06-23T00:00:00+03:00;bitrix-backup://2026-06-23/element/23788;23788;1;legacy_public_price_direct_bitrix
bitrix:23789;legacy_site;2870;BYN;2026-06-23T00:00:00+03:00;bitrix-backup://2026-06-23/element/23789;23789;1;legacy_public_price_direct_bitrix
bitrix:23790;legacy_site;2120;BYN;2026-06-23T00:00:00+03:00;bitrix-backup://2026-06-23/element/23790;23790;1;legacy_public_price_direct_bitrix
bitrix:23791;legacy_site;5390;BYN;2026-06-23T00:00:00+03:00;bitrix-backup://2026-06-23/element/23791;23791;1;legacy_public_price_direct_bitrix
bitrix:23792;legacy_site;3165;BYN;2026-06-23T00:00:00+03:00;bitrix-backup://2026-06-23/element/23792;23792;1;legacy_public_price_direct_bitrix
bitrix:23793;legacy_site;11690;BYN;2026-06-23T00:00:00+03:00;bitrix-backup://2026-06-23/element/23793;23793;1;legacy_public_price_direct_bitrix
bitrix:23794;legacy_site;4650;BYN;2026-06-23T00:00:00+03:00;bitrix-backup://2026-06-23/element/23794;23794;1;legacy_public_price_direct_bitrix
bitrix:23795;legacy_site;930;BYN;2026-06-23T00:00:00+03:00;bitrix-backup://2026-06-23/element/23795;23795;1;legacy_public_price_direct_bitrix
bitrix:23796;legacy_site;590;BYN;2026-06-23T00:00:00+03:00;bitrix-backup://2026-06-23/element/23796;23796;1;legacy_public_price_direct_bitrix
bitrix:23797;legacy_site;510;BYN;2026-06-23T00:00:00+03:00;bitrix-backup://2026-06-23/element/23797;23797;1;legacy_public_price_direct_bitrix
bitrix:23798;legacy_site;1320;BYN;2026-06-23T00:00:00+03:00;bitrix-backup://2026-06-23/element/23798;23798;1;legacy_public_price_direct_bitrix
bitrix:23800;legacy_site;2670;BYN;2026-06-23T00:00:00+03:00;bitrix-backup://2026-06-23/element/23800;23800;1;legacy_public_price_direct_bitrix
bitrix:23801;legacy_site;980;BYN;2026-06-23T00:00:00+03:00;bitrix-backup://2026-06-23/element/23801;23801;1;legacy_public_price_direct_bitrix
bitrix:23802;legacy_site;4800;BYN;2026-06-23T00:00:00+03:00;bitrix-backup://2026-06-23/element/23802;23802;1;legacy_public_price_direct_bitrix
bitrix:23804;legacy_site;790;BYN;2026-06-23T00:00:00+03:00;bitrix-backup://2026-06-23/element/23804;23804;1;legacy_public_price_direct_bitrix
bitrix:23805;legacy_site;1380;BYN;2026-06-23T00:00:00+03:00;bitrix-backup://2026-06-23/element/23805;23805;1;legacy_public_price_direct_bitrix
bitrix:23806;legacy_site;1280;BYN;2026-06-23T00:00:00+03:00;bitrix-backup://2026-06-23/element/23806;23806;1;legacy_public_price_direct_bitrix
bitrix:23807;legacy_site;685;BYN;2026-06-23T00:00:00+03:00;bitrix-backup://2026-06-23/element/23807;23807;1;legacy_public_price_direct_bitrix
bitrix:23808;legacy_site;4870;BYN;2026-06-23T00:00:00+03:00;bitrix-backup://2026-06-23/element/23808;23808;1;legacy_public_price_direct_bitrix
bitrix:23810;legacy_site;2340;BYN;2026-06-23T00:00:00+03:00;bitrix-backup://2026-06-23/element/23810;23810;1;legacy_public_price_direct_bitrix
bitrix:23811;legacy_site;790;BYN;2026-06-23T00:00:00+03:00;bitrix-backup://2026-06-23/element/23811;23811;1;legacy_public_price_direct_bitrix
bitrix:23812;legacy_site;1980;BYN;2026-06-23T00:00:00+03:00;bitrix-backup://2026-06-23/element/23812;23812;1;legacy_public_price_direct_bitrix
bitrix:23813;legacy_site;2190;BYN;2026-06-23T00:00:00+03:00;bitrix-backup://2026-06-23/element/23813;23813;1;legacy_public_price_direct_bitrix
bitrix:23814;legacy_site;1970;BYN;2026-06-23T00:00:00+03:00;bitrix-backup://2026-06-23/element/23814;23814;1;legacy_public_price_direct_bitrix
bitrix:23816;legacy_site;1270;BYN;2026-06-23T00:00:00+03:00;bitrix-backup://2026-06-23/element/23816;23816;1;legacy_public_price_direct_bitrix
bitrix:23817;legacy_site;1230;BYN;2026-06-23T00:00:00+03:00;bitrix-backup://2026-06-23/element/23817;23817;1;legacy_public_price_direct_bitrix
bitrix:23818;legacy_site;1035;BYN;2026-06-23T00:00:00+03:00;bitrix-backup://2026-06-23/element/23818;23818;1;legacy_public_price_direct_bitrix
bitrix:23819;legacy_site;3965;BYN;2026-06-23T00:00:00+03:00;bitrix-backup://2026-06-23/element/23819;23819;1;legacy_public_price_direct_bitrix
bitrix:23820;legacy_site;1724;BYN;2026-06-23T00:00:00+03:00;bitrix-backup://2026-06-23/element/23820;23820;1;legacy_public_price_direct_bitrix
bitrix:23821;legacy_site;420;BYN;2026-06-23T00:00:00+03:00;bitrix-backup://2026-06-23/element/23821;23821;1;legacy_public_price_direct_bitrix
bitrix:23822;legacy_site;680;BYN;2026-06-23T00:00:00+03:00;bitrix-backup://2026-06-23/element/23822;23822;1;legacy_public_price_direct_bitrix
bitrix:23824;legacy_site;1200;BYN;2026-06-23T00:00:00+03:00;bitrix-backup://2026-06-23/element/23824;23824;1;legacy_public_price_direct_bitrix
bitrix:23825;legacy_site;50;BYN;2026-06-23T00:00:00+03:00;bitrix-backup://2026-06-23/element/23825;23825;1;legacy_public_price_direct_bitrix
bitrix:23826;legacy_site;105;BYN;2026-06-23T00:00:00+03:00;bitrix-backup://2026-06-23/element/23826;23826;1;legacy_public_price_direct_bitrix
bitrix:23827;legacy_site;180;BYN;2026-06-23T00:00:00+03:00;bitrix-backup://2026-06-23/element/23827;23827;1;legacy_public_price_direct_bitrix
bitrix:23828;legacy_site;200;BYN;2026-06-23T00:00:00+03:00;bitrix-backup://2026-06-23/element/23828;23828;1;legacy_public_price_direct_bitrix
bitrix:23829;legacy_site;270;BYN;2026-06-23T00:00:00+03:00;bitrix-backup://2026-06-23/element/23829;23829;1;legacy_public_price_direct_bitrix
bitrix:23830;legacy_site;170;BYN;2026-06-23T00:00:00+03:00;bitrix-backup://2026-06-23/element/23830;23830;1;legacy_public_price_direct_bitrix
bitrix:23831;legacy_site;1200;BYN;2026-06-23T00:00:00+03:00;bitrix-backup://2026-06-23/element/23831;23831;1;legacy_public_price_direct_bitrix
bitrix:23832;legacy_site;2130;BYN;2026-06-23T00:00:00+03:00;bitrix-backup://2026-06-23/element/23832;23832;1;legacy_public_price_direct_bitrix
bitrix:23833;legacy_site;1890;BYN;2026-06-23T00:00:00+03:00;bitrix-backup://2026-06-23/element/23833;23833;1;legacy_public_price_direct_bitrix
bitrix:23834;legacy_site;1560;BYN;2026-06-23T00:00:00+03:00;bitrix-backup://2026-06-23/element/23834;23834;1;legacy_public_price_direct_bitrix
bitrix:23835;legacy_site;1980;BYN;2026-06-23T00:00:00+03:00;bitrix-backup://2026-06-23/element/23835;23835;1;legacy_public_price_direct_bitrix
bitrix:23836;legacy_site;1015;BYN;2026-06-23T00:00:00+03:00;bitrix-backup://2026-06-23/element/23836;23836;1;legacy_public_price_direct_bitrix
bitrix:23837;legacy_site;2500;BYN;2026-06-23T00:00:00+03:00;bitrix-backup://2026-06-23/element/23837;23837;1;legacy_public_price_direct_bitrix
bitrix:23838;legacy_site;1920;BYN;2026-06-23T00:00:00+03:00;bitrix-backup://2026-06-23/element/23838;23838;1;legacy_public_price_direct_bitrix
bitrix:23839;legacy_site;8600;BYN;2026-06-23T00:00:00+03:00;bitrix-backup://2026-06-23/element/23839;23839;1;legacy_public_price_direct_bitrix
bitrix:23840;legacy_site;3200;BYN;2026-06-23T00:00:00+03:00;bitrix-backup://2026-06-23/element/23840;23840;1;legacy_public_price_direct_bitrix
bitrix:23841;legacy_site;470;BYN;2026-06-23T00:00:00+03:00;bitrix-backup://2026-06-23/element/23841;23841;1;legacy_public_price_direct_bitrix
bitrix:23842;legacy_site;1730;BYN;2026-06-23T00:00:00+03:00;bitrix-backup://2026-06-23/element/23842;23842;1;legacy_public_price_direct_bitrix
bitrix:23843;legacy_site;780;BYN;2026-06-23T00:00:00+03:00;bitrix-backup://2026-06-23/element/23843;23843;1;legacy_public_price_direct_bitrix
bitrix:23844;legacy_site;350;BYN;2026-06-23T00:00:00+03:00;bitrix-backup://2026-06-23/element/23844;23844;1;legacy_public_price_direct_bitrix
bitrix:2389;legacy_site;2563.78;BYN;2026-06-23T00:00:00+03:00;bitrix-backup://2026-06-23/element/2389;2389;1;legacy_public_price_direct_bitrix
bitrix:24448;legacy_site;42;BYN;2026-06-23T00:00:00+03:00;bitrix-backup://2026-06-23/element/24448;24448;1;legacy_public_price_direct_bitrix
bitrix:24449;legacy_site;28;BYN;2026-06-23T00:00:00+03:00;bitrix-backup://2026-06-23/element/24449;24449;1;legacy_public_price_direct_bitrix
bitrix:24451;legacy_site;25;BYN;2026-06-23T00:00:00+03:00;bitrix-backup://2026-06-23/element/24451;24451;1;legacy_public_price_direct_bitrix
bitrix:24518;legacy_site;96;BYN;2026-06-23T00:00:00+03:00;bitrix-backup://2026-06-23/element/24518;24518;1;legacy_public_price_direct_bitrix
bitrix:24519;legacy_site;105;BYN;2026-06-23T00:00:00+03:00;bitrix-backup://2026-06-23/element/24519;24519;1;legacy_public_price_direct_bitrix
bitrix:24523;legacy_site;165;BYN;2026-06-23T00:00:00+03:00;bitrix-backup://2026-06-23/element/24523;24523;1;legacy_public_price_direct_bitrix
bitrix:24526;legacy_site;195;BYN;2026-06-23T00:00:00+03:00;bitrix-backup://2026-06-23/element/24526;24526;1;legacy_public_price_direct_bitrix
bitrix:24527;legacy_site;195;BYN;2026-06-23T00:00:00+03:00;bitrix-backup://2026-06-23/element/24527;24527;1;legacy_public_price_direct_bitrix
bitrix:24530;legacy_site;195;BYN;2026-06-23T00:00:00+03:00;bitrix-backup://2026-06-23/element/24530;24530;1;legacy_public_price_direct_bitrix
bitrix:24531;legacy_site;195;BYN;2026-06-23T00:00:00+03:00;bitrix-backup://2026-06-23/element/24531;24531;1;legacy_public_price_direct_bitrix
bitrix:24532;legacy_site;675;BYN;2026-06-23T00:00:00+03:00;bitrix-backup://2026-06-23/element/24532;24532;1;legacy_public_price_direct_bitrix
bitrix:24533;legacy_site;270;BYN;2026-06-23T00:00:00+03:00;bitrix-backup://2026-06-23/element/24533;24533;1;legacy_public_price_direct_bitrix
bitrix:24534;legacy_site;270;BYN;2026-06-23T00:00:00+03:00;bitrix-backup://2026-06-23/element/24534;24534;1;legacy_public_price_direct_bitrix
bitrix:24535;legacy_site;297;BYN;2026-06-23T00:00:00+03:00;bitrix-backup://2026-06-23/element/24535;24535;1;legacy_public_price_direct_bitrix
bitrix:24539;legacy_site;240;BYN;2026-06-23T00:00:00+03:00;bitrix-backup://2026-06-23/element/24539;24539;1;legacy_public_price_direct_bitrix
bitrix:24540;legacy_site;240;BYN;2026-06-23T00:00:00+03:00;bitrix-backup://2026-06-23/element/24540;24540;1;legacy_public_price_direct_bitrix
bitrix:24551;legacy_site;375;BYN;2026-06-23T00:00:00+03:00;bitrix-backup://2026-06-23/element/24551;24551;1;legacy_public_price_direct_bitrix
bitrix:24552;legacy_site;375;BYN;2026-06-23T00:00:00+03:00;bitrix-backup://2026-06-23/element/24552;24552;1;legacy_public_price_direct_bitrix
bitrix:24553;legacy_site;375;BYN;2026-06-23T00:00:00+03:00;bitrix-backup://2026-06-23/element/24553;24553;1;legacy_public_price_direct_bitrix
bitrix:24554;legacy_site;375;BYN;2026-06-23T00:00:00+03:00;bitrix-backup://2026-06-23/element/24554;24554;1;legacy_public_price_direct_bitrix
bitrix:24555;legacy_site;375;BYN;2026-06-23T00:00:00+03:00;bitrix-backup://2026-06-23/element/24555;24555;1;legacy_public_price_direct_bitrix
bitrix:24559;legacy_site;1278;BYN;2026-06-23T00:00:00+03:00;bitrix-backup://2026-06-23/element/24559;24559;1;legacy_public_price_direct_bitrix
bitrix:24560;legacy_site;546;BYN;2026-06-23T00:00:00+03:00;bitrix-backup://2026-06-23/element/24560;24560;1;legacy_public_price_direct_bitrix
bitrix:24561;legacy_site;546;BYN;2026-06-23T00:00:00+03:00;bitrix-backup://2026-06-23/element/24561;24561;1;legacy_public_price_direct_bitrix
bitrix:24563;legacy_site;546;BYN;2026-06-23T00:00:00+03:00;bitrix-backup://2026-06-23/element/24563;24563;1;legacy_public_price_direct_bitrix
bitrix:24567;legacy_site;594;BYN;2026-06-23T00:00:00+03:00;bitrix-backup://2026-06-23/element/24567;24567;1;legacy_public_price_direct_bitrix
bitrix:24568;legacy_site;139;BYN;2026-06-23T00:00:00+03:00;bitrix-backup://2026-06-23/element/24568;24568;1;legacy_public_price_direct_bitrix
bitrix:24569;legacy_site;240;BYN;2026-06-23T00:00:00+03:00;bitrix-backup://2026-06-23/element/24569;24569;1;legacy_public_price_direct_bitrix
bitrix:24570;legacy_site;240;BYN;2026-06-23T00:00:00+03:00;bitrix-backup://2026-06-23/element/24570;24570;1;legacy_public_price_direct_bitrix
bitrix:24571;legacy_site;85;BYN;2026-06-23T00:00:00+03:00;bitrix-backup://2026-06-23/element/24571;24571;1;legacy_public_price_direct_bitrix
bitrix:24572;legacy_site;90;BYN;2026-06-23T00:00:00+03:00;bitrix-backup://2026-06-23/element/24572;24572;1;legacy_public_price_direct_bitrix
bitrix:24573;legacy_site;180;BYN;2026-06-23T00:00:00+03:00;bitrix-backup://2026-06-23/element/24573;24573;1;legacy_public_price_direct_bitrix
bitrix:24574;legacy_site;225;BYN;2026-06-23T00:00:00+03:00;bitrix-backup://2026-06-23/element/24574;24574;1;legacy_public_price_direct_bitrix
bitrix:24575;legacy_site;150;BYN;2026-06-23T00:00:00+03:00;bitrix-backup://2026-06-23/element/24575;24575;1;legacy_public_price_direct_bitrix
bitrix:24576;legacy_site;168;BYN;2026-06-23T00:00:00+03:00;bitrix-backup://2026-06-23/element/24576;24576;1;legacy_public_price_direct_bitrix
bitrix:24577;legacy_site;225;BYN;2026-06-23T00:00:00+03:00;bitrix-backup://2026-06-23/element/24577;24577;1;legacy_public_price_direct_bitrix
bitrix:24578;legacy_site;495;BYN;2026-06-23T00:00:00+03:00;bitrix-backup://2026-06-23/element/24578;24578;1;legacy_public_price_direct_bitrix
bitrix:24579;legacy_site;120;BYN;2026-06-23T00:00:00+03:00;bitrix-backup://2026-06-23/element/24579;24579;1;legacy_public_price_direct_bitrix
bitrix:24581;legacy_site;150;BYN;2026-06-23T00:00:00+03:00;bitrix-backup://2026-06-23/element/24581;24581;1;legacy_public_price_direct_bitrix
bitrix:24582;legacy_site;390;BYN;2026-06-23T00:00:00+03:00;bitrix-backup://2026-06-23/element/24582;24582;1;legacy_public_price_direct_bitrix
bitrix:24583;legacy_site;180;BYN;2026-06-23T00:00:00+03:00;bitrix-backup://2026-06-23/element/24583;24583;1;legacy_public_price_direct_bitrix
bitrix:24584;legacy_site;390;BYN;2026-06-23T00:00:00+03:00;bitrix-backup://2026-06-23/element/24584;24584;1;legacy_public_price_direct_bitrix
bitrix:24585;legacy_site;390;BYN;2026-06-23T00:00:00+03:00;bitrix-backup://2026-06-23/element/24585;24585;1;legacy_public_price_direct_bitrix
bitrix:24586;legacy_site;675;BYN;2026-06-23T00:00:00+03:00;bitrix-backup://2026-06-23/element/24586;24586;1;legacy_public_price_direct_bitrix
bitrix:25017;legacy_site;1600;BYN;2026-06-23T00:00:00+03:00;bitrix-backup://2026-06-23/element/25017;25017;1;legacy_public_price_direct_bitrix
bitrix:25018;legacy_site;1400;BYN;2026-06-23T00:00:00+03:00;bitrix-backup://2026-06-23/element/25018;25018;1;legacy_public_price_direct_bitrix
bitrix:25019;legacy_site;1450;BYN;2026-06-23T00:00:00+03:00;bitrix-backup://2026-06-23/element/25019;25019;1;legacy_public_price_direct_bitrix
bitrix:25020;legacy_site;2400;BYN;2026-06-23T00:00:00+03:00;bitrix-backup://2026-06-23/element/25020;25020;1;legacy_public_price_direct_bitrix
bitrix:25021;legacy_site;3100;BYN;2026-06-23T00:00:00+03:00;bitrix-backup://2026-06-23/element/25021;25021;1;legacy_public_price_direct_bitrix
bitrix:25022;legacy_site;1600;BYN;2026-06-23T00:00:00+03:00;bitrix-backup://2026-06-23/element/25022;25022;1;legacy_public_price_direct_bitrix
bitrix:25023;legacy_site;1850;BYN;2026-06-23T00:00:00+03:00;bitrix-backup://2026-06-23/element/25023;25023;1;legacy_public_price_direct_bitrix
bitrix:25024;legacy_site;2040;BYN;2026-06-23T00:00:00+03:00;bitrix-backup://2026-06-23/element/25024;25024;1;legacy_public_price_direct_bitrix
bitrix:25025;legacy_site;800;BYN;2026-06-23T00:00:00+03:00;bitrix-backup://2026-06-23/element/25025;25025;1;legacy_public_price_direct_bitrix
bitrix:25026;legacy_site;960;BYN;2026-06-23T00:00:00+03:00;bitrix-backup://2026-06-23/element/25026;25026;1;legacy_public_price_direct_bitrix
bitrix:25027;legacy_site;1150;BYN;2026-06-23T00:00:00+03:00;bitrix-backup://2026-06-23/element/25027;25027;1;legacy_public_price_direct_bitrix
bitrix:25028;legacy_site;4300;BYN;2026-06-23T00:00:00+03:00;bitrix-backup://2026-06-23/element/25028;25028;1;legacy_public_price_direct_bitrix
bitrix:25029;legacy_site;5000;BYN;2026-06-23T00:00:00+03:00;bitrix-backup://2026-06-23/element/25029;25029;1;legacy_public_price_direct_bitrix
bitrix:25030;legacy_site;3900;BYN;2026-06-23T00:00:00+03:00;bitrix-backup://2026-06-23/element/25030;25030;1;legacy_public_price_direct_bitrix
bitrix:25031;legacy_site;1100;BYN;2026-06-23T00:00:00+03:00;bitrix-backup://2026-06-23/element/25031;25031;1;legacy_public_price_direct_bitrix
bitrix:25032;legacy_site;900;BYN;2026-06-23T00:00:00+03:00;bitrix-backup://2026-06-23/element/25032;25032;1;legacy_public_price_direct_bitrix
bitrix:25033;legacy_site;730;BYN;2026-06-23T00:00:00+03:00;bitrix-backup://2026-06-23/element/25033;25033;1;legacy_public_price_direct_bitrix
bitrix:25034;legacy_site;5400;BYN;2026-06-23T00:00:00+03:00;bitrix-backup://2026-06-23/element/25034;25034;1;legacy_public_price_direct_bitrix
bitrix:25035;legacy_site;4600;BYN;2026-06-23T00:00:00+03:00;bitrix-backup://2026-06-23/element/25035;25035;1;legacy_public_price_direct_bitrix
bitrix:25036;legacy_site;5300;BYN;2026-06-23T00:00:00+03:00;bitrix-backup://2026-06-23/element/25036;25036;1;legacy_public_price_direct_bitrix
bitrix:25037;legacy_site;360;BYN;2026-06-23T00:00:00+03:00;bitrix-backup://2026-06-23/element/25037;25037;1;legacy_public_price_direct_bitrix
bitrix:25038;legacy_site;340;BYN;2026-06-23T00:00:00+03:00;bitrix-backup://2026-06-23/element/25038;25038;1;legacy_public_price_direct_bitrix
bitrix:25040;legacy_site;560;BYN;2026-06-23T00:00:00+03:00;bitrix-backup://2026-06-23/element/25040;25040;1;legacy_public_price_direct_bitrix
bitrix:25041;legacy_site;610;BYN;2026-06-23T00:00:00+03:00;bitrix-backup://2026-06-23/element/25041;25041;1;legacy_public_price_direct_bitrix
bitrix:25042;legacy_site;850;BYN;2026-06-23T00:00:00+03:00;bitrix-backup://2026-06-23/element/25042;25042;1;legacy_public_price_direct_bitrix
bitrix:25043;legacy_site;1150;BYN;2026-06-23T00:00:00+03:00;bitrix-backup://2026-06-23/element/25043;25043;1;legacy_public_price_direct_bitrix
bitrix:25044;legacy_site;3800;BYN;2026-06-23T00:00:00+03:00;bitrix-backup://2026-06-23/element/25044;25044;1;legacy_public_price_direct_bitrix
bitrix:25045;legacy_site;570;BYN;2026-06-23T00:00:00+03:00;bitrix-backup://2026-06-23/element/25045;25045;1;legacy_public_price_direct_bitrix
bitrix:25046;legacy_site;12000;BYN;2026-06-23T00:00:00+03:00;bitrix-backup://2026-06-23/element/25046;25046;1;legacy_public_price_direct_bitrix
bitrix:25047;legacy_site;450;BYN;2026-06-23T00:00:00+03:00;bitrix-backup://2026-06-23/element/25047;25047;1;legacy_public_price_direct_bitrix
bitrix:25048;legacy_site;550;BYN;2026-06-23T00:00:00+03:00;bitrix-backup://2026-06-23/element/25048;25048;1;legacy_public_price_direct_bitrix
bitrix:25049;legacy_site;870;BYN;2026-06-23T00:00:00+03:00;bitrix-backup://2026-06-23/element/25049;25049;1;legacy_public_price_direct_bitrix
bitrix:25050;legacy_site;1500;BYN;2026-06-23T00:00:00+03:00;bitrix-backup://2026-06-23/element/25050;25050;1;legacy_public_price_direct_bitrix
bitrix:25051;legacy_site;980;BYN;2026-06-23T00:00:00+03:00;bitrix-backup://2026-06-23/element/25051;25051;1;legacy_public_price_direct_bitrix
bitrix:25052;legacy_site;680;BYN;2026-06-23T00:00:00+03:00;bitrix-backup://2026-06-23/element/25052;25052;1;legacy_public_price_direct_bitrix
bitrix:25053;legacy_site;1400;BYN;2026-06-23T00:00:00+03:00;bitrix-backup://2026-06-23/element/25053;25053;1;legacy_public_price_direct_bitrix
bitrix:25056;legacy_site;3300;BYN;2026-06-23T00:00:00+03:00;bitrix-backup://2026-06-23/element/25056;25056;1;legacy_public_price_direct_bitrix
bitrix:25070;legacy_site;6400;BYN;2026-06-23T00:00:00+03:00;bitrix-backup://2026-06-23/element/25070;25070;1;legacy_public_price_direct_bitrix
bitrix:25080;legacy_site;170;BYN;2026-06-23T00:00:00+03:00;bitrix-backup://2026-06-23/element/25080;25080;1;legacy_public_price_direct_bitrix
bitrix:25090;legacy_site;265;BYN;2026-06-23T00:00:00+03:00;bitrix-backup://2026-06-23/element/25090;25090;1;legacy_public_price_direct_bitrix
bitrix:25091;legacy_site;275;BYN;2026-06-23T00:00:00+03:00;bitrix-backup://2026-06-23/element/25091;25091;1;legacy_public_price_direct_bitrix
bitrix:25094;legacy_site;7400;BYN;2026-06-23T00:00:00+03:00;bitrix-backup://2026-06-23/element/25094;25094;1;legacy_public_price_direct_bitrix
bitrix:25095;legacy_site;7000;BYN;2026-06-23T00:00:00+03:00;bitrix-backup://2026-06-23/element/25095;25095;1;legacy_public_price_direct_bitrix
bitrix:25096;legacy_site;6700;BYN;2026-06-23T00:00:00+03:00;bitrix-backup://2026-06-23/element/25096;25096;1;legacy_public_price_direct_bitrix
bitrix:25097;legacy_site;6500;BYN;2026-06-23T00:00:00+03:00;bitrix-backup://2026-06-23/element/25097;25097;1;legacy_public_price_direct_bitrix
bitrix:25098;legacy_site;6100;BYN;2026-06-23T00:00:00+03:00;bitrix-backup://2026-06-23/element/25098;25098;1;legacy_public_price_direct_bitrix
bitrix:25099;legacy_site;6100;BYN;2026-06-23T00:00:00+03:00;bitrix-backup://2026-06-23/element/25099;25099;1;legacy_public_price_direct_bitrix
bitrix:25100;legacy_site;5100;BYN;2026-06-23T00:00:00+03:00;bitrix-backup://2026-06-23/element/25100;25100;1;legacy_public_price_direct_bitrix
bitrix:25101;legacy_site;4700;BYN;2026-06-23T00:00:00+03:00;bitrix-backup://2026-06-23/element/25101;25101;1;legacy_public_price_direct_bitrix
bitrix:25102;legacy_site;4500;BYN;2026-06-23T00:00:00+03:00;bitrix-backup://2026-06-23/element/25102;25102;1;legacy_public_price_direct_bitrix
bitrix:25103;legacy_site;8300;BYN;2026-06-23T00:00:00+03:00;bitrix-backup://2026-06-23/element/25103;25103;1;legacy_public_price_direct_bitrix
bitrix:25104;legacy_site;3700;BYN;2026-06-23T00:00:00+03:00;bitrix-backup://2026-06-23/element/25104;25104;1;legacy_public_price_direct_bitrix
bitrix:25105;legacy_site;3400;BYN;2026-06-23T00:00:00+03:00;bitrix-backup://2026-06-23/element/25105;25105;1;legacy_public_price_direct_bitrix
bitrix:25106;legacy_site;2200;BYN;2026-06-23T00:00:00+03:00;bitrix-backup://2026-06-23/element/25106;25106;1;legacy_public_price_direct_bitrix
bitrix:25107;legacy_site;1200;BYN;2026-06-23T00:00:00+03:00;bitrix-backup://2026-06-23/element/25107;25107;1;legacy_public_price_direct_bitrix
bitrix:25109;legacy_site;145;BYN;2026-06-23T00:00:00+03:00;bitrix-backup://2026-06-23/element/25109;25109;1;legacy_public_price_direct_bitrix
bitrix:25145;legacy_site;1200;BYN;2026-06-23T00:00:00+03:00;bitrix-backup://2026-06-23/element/25145;25145;1;legacy_public_price_direct_bitrix
bitrix:25170;legacy_site;1100;BYN;2026-06-23T00:00:00+03:00;bitrix-backup://2026-06-23/element/25170;25170;1;legacy_public_price_direct_bitrix
bitrix:25186;legacy_site;2350;BYN;2026-06-23T00:00:00+03:00;bitrix-backup://2026-06-23/element/25186;25186;1;legacy_public_price_direct_bitrix
bitrix:25187;legacy_site;2250;BYN;2026-06-23T00:00:00+03:00;bitrix-backup://2026-06-23/element/25187;25187;1;legacy_public_price_direct_bitrix
bitrix:25205;legacy_site;298;BYN;2026-06-23T00:00:00+03:00;bitrix-backup://2026-06-23/element/25205;25205;1;legacy_public_price_direct_bitrix
bitrix:25225;legacy_site;340;BYN;2026-06-23T00:00:00+03:00;bitrix-backup://2026-06-23/element/25225;25225;1;legacy_public_price_direct_bitrix
bitrix:25251;legacy_site;2100;BYN;2026-06-23T00:00:00+03:00;bitrix-backup://2026-06-23/element/25251;25251;1;legacy_public_price_direct_bitrix
bitrix:25255;legacy_site;1150;BYN;2026-06-23T00:00:00+03:00;bitrix-backup://2026-06-23/element/25255;25255;1;legacy_public_price_direct_bitrix
bitrix:25274;legacy_site;510;BYN;2026-06-23T00:00:00+03:00;bitrix-backup://2026-06-23/element/25274;25274;1;legacy_public_price_direct_bitrix
bitrix:25275;legacy_site;690;BYN;2026-06-23T00:00:00+03:00;bitrix-backup://2026-06-23/element/25275;25275;1;legacy_public_price_direct_bitrix
bitrix:25297;legacy_site;1350;BYN;2026-06-23T00:00:00+03:00;bitrix-backup://2026-06-23/element/25297;25297;1;legacy_public_price_direct_bitrix
bitrix:25308;legacy_site;7200;BYN;2026-06-23T00:00:00+03:00;bitrix-backup://2026-06-23/element/25308;25308;1;legacy_public_price_direct_bitrix
bitrix:25309;legacy_site;5500;BYN;2026-06-23T00:00:00+03:00;bitrix-backup://2026-06-23/element/25309;25309;1;legacy_public_price_direct_bitrix
bitrix:25318;legacy_site;1770;BYN;2026-06-23T00:00:00+03:00;bitrix-backup://2026-06-23/element/25318;25318;1;legacy_public_price_direct_bitrix
bitrix:25324;legacy_site;235;BYN;2026-06-23T00:00:00+03:00;bitrix-backup://2026-06-23/element/25324;25324;1;legacy_public_price_direct_bitrix
bitrix:25337;legacy_site;1080;BYN;2026-06-23T00:00:00+03:00;bitrix-backup://2026-06-23/element/25337;25337;1;legacy_public_price_direct_bitrix
bitrix:25343;legacy_site;5400;BYN;2026-06-23T00:00:00+03:00;bitrix-backup://2026-06-23/element/25343;25343;1;legacy_public_price_direct_bitrix
bitrix:25345;legacy_site;11190;BYN;2026-06-23T00:00:00+03:00;bitrix-backup://2026-06-23/element/25345;25345;1;legacy_public_price_direct_bitrix
bitrix:25348;legacy_site;31705;BYN;2026-06-23T00:00:00+03:00;bitrix-backup://2026-06-23/element/25348;25348;1;legacy_public_price_direct_bitrix
bitrix:25357;legacy_site;265;BYN;2026-06-23T00:00:00+03:00;bitrix-backup://2026-06-23/element/25357;25357;1;legacy_public_price_direct_bitrix
bitrix:25362;legacy_site;270;BYN;2026-06-23T00:00:00+03:00;bitrix-backup://2026-06-23/element/25362;25362;1;legacy_public_price_direct_bitrix
bitrix:25366;legacy_site;51000;BYN;2026-06-23T00:00:00+03:00;bitrix-backup://2026-06-23/element/25366;25366;1;legacy_public_price_direct_bitrix
bitrix:25785;legacy_site;47.55;BYN;2026-06-23T00:00:00+03:00;bitrix-backup://2026-06-23/element/25785;25785;1;legacy_public_price_direct_bitrix
bitrix:25786;legacy_site;112.2;BYN;2026-06-23T00:00:00+03:00;bitrix-backup://2026-06-23/element/25786;25786;1;legacy_public_price_direct_bitrix
bitrix:25787;legacy_site;51.41;BYN;2026-06-23T00:00:00+03:00;bitrix-backup://2026-06-23/element/25787;25787;1;legacy_public_price_direct_bitrix
bitrix:25828;legacy_site;280.65;BYN;2026-06-23T00:00:00+03:00;bitrix-backup://2026-06-23/element/25828;25828;1;legacy_public_price_direct_bitrix
bitrix:25829;legacy_site;320.55;BYN;2026-06-23T00:00:00+03:00;bitrix-backup://2026-06-23/element/25829;25829;1;legacy_public_price_direct_bitrix
bitrix:25830;legacy_site;462.12;BYN;2026-06-23T00:00:00+03:00;bitrix-backup://2026-06-23/element/25830;25830;1;legacy_public_price_direct_bitrix
bitrix:25831;legacy_site;474.6;BYN;2026-06-23T00:00:00+03:00;bitrix-backup://2026-06-23/element/25831;25831;1;legacy_public_price_direct_bitrix
bitrix:25832;legacy_site;581.88;BYN;2026-06-23T00:00:00+03:00;bitrix-backup://2026-06-23/element/25832;25832;1;legacy_public_price_direct_bitrix
bitrix:25833;legacy_site;624.6;BYN;2026-06-23T00:00:00+03:00;bitrix-backup://2026-06-23/element/25833;25833;1;legacy_public_price_direct_bitrix
bitrix:25834;legacy_site;618.4;BYN;2026-06-23T00:00:00+03:00;bitrix-backup://2026-06-23/element/25834;25834;1;legacy_public_price_direct_bitrix
bitrix:25835;legacy_site;733.5;BYN;2026-06-23T00:00:00+03:00;bitrix-backup://2026-06-23/element/25835;25835;1;legacy_public_price_direct_bitrix
bitrix:25836;legacy_site;949.8;BYN;2026-06-23T00:00:00+03:00;bitrix-backup://2026-06-23/element/25836;25836;1;legacy_public_price_direct_bitrix
bitrix:25837;legacy_site;961.5;BYN;2026-06-23T00:00:00+03:00;bitrix-backup://2026-06-23/element/25837;25837;1;legacy_public_price_direct_bitrix
bitrix:25838;legacy_site;1065.9;BYN;2026-06-23T00:00:00+03:00;bitrix-backup://2026-06-23/element/25838;25838;1;legacy_public_price_direct_bitrix
bitrix:25981;legacy_site;414.81;BYN;2026-06-23T00:00:00+03:00;bitrix-backup://2026-06-23/element/25981;25981;1;legacy_public_price_direct_bitrix
bitrix:25982;legacy_site;143.86;BYN;2026-06-23T00:00:00+03:00;bitrix-backup://2026-06-23/element/25982;25982;1;legacy_public_price_direct_bitrix
bitrix:25983;legacy_site;183.14;BYN;2026-06-23T00:00:00+03:00;bitrix-backup://2026-06-23/element/25983;25983;1;legacy_public_price_direct_bitrix
bitrix:25984;legacy_site;2287.97;BYN;2026-06-23T00:00:00+03:00;bitrix-backup://2026-06-23/element/25984;25984;1;legacy_public_price_direct_bitrix
bitrix:25992;legacy_site;1349.7;BYN;2026-06-23T00:00:00+03:00;bitrix-backup://2026-06-23/element/25992;25992;1;legacy_public_price_direct_bitrix
bitrix:25997;legacy_site;126;BYN;2026-06-23T00:00:00+03:00;bitrix-backup://2026-06-23/element/25997;25997;1;legacy_public_price_direct_bitrix
bitrix:25998;legacy_site;198;BYN;2026-06-23T00:00:00+03:00;bitrix-backup://2026-06-23/element/25998;25998;1;legacy_public_price_direct_bitrix
bitrix:25999;legacy_site;297;BYN;2026-06-23T00:00:00+03:00;bitrix-backup://2026-06-23/element/25999;25999;1;legacy_public_price_direct_bitrix
bitrix:26001;legacy_site;667;BYN;2026-06-23T00:00:00+03:00;bitrix-backup://2026-06-23/element/26001;26001;1;legacy_public_price_direct_bitrix
bitrix:26002;legacy_site;978;BYN;2026-06-23T00:00:00+03:00;bitrix-backup://2026-06-23/element/26002;26002;1;legacy_public_price_direct_bitrix
bitrix:26003;legacy_site;1563;BYN;2026-06-23T00:00:00+03:00;bitrix-backup://2026-06-23/element/26003;26003;1;legacy_public_price_direct_bitrix
bitrix:26004;legacy_site;1863;BYN;2026-06-23T00:00:00+03:00;bitrix-backup://2026-06-23/element/26004;26004;1;legacy_public_price_direct_bitrix
bitrix:26005;legacy_site;2085;BYN;2026-06-23T00:00:00+03:00;bitrix-backup://2026-06-23/element/26005;26005;1;legacy_public_price_direct_bitrix
bitrix:26006;legacy_site;297;BYN;2026-06-23T00:00:00+03:00;bitrix-backup://2026-06-23/element/26006;26006;1;legacy_public_price_direct_bitrix
bitrix:26007;legacy_site;899.7;BYN;2026-06-23T00:00:00+03:00;bitrix-backup://2026-06-23/element/26007;26007;1;legacy_public_price_direct_bitrix
bitrix:26008;legacy_site;1848;BYN;2026-06-23T00:00:00+03:00;bitrix-backup://2026-06-23/element/26008;26008;1;legacy_public_price_direct_bitrix
bitrix:26010;legacy_site;1377;BYN;2026-06-23T00:00:00+03:00;bitrix-backup://2026-06-23/element/26010;26010;1;legacy_public_price_direct_bitrix
bitrix:26011;legacy_site;2442;BYN;2026-06-23T00:00:00+03:00;bitrix-backup://2026-06-23/element/26011;26011;1;legacy_public_price_direct_bitrix
bitrix:26013;legacy_site;4080;BYN;2026-06-23T00:00:00+03:00;bitrix-backup://2026-06-23/element/26013;26013;1;legacy_public_price_direct_bitrix
bitrix:26014;legacy_site;4080;BYN;2026-06-23T00:00:00+03:00;bitrix-backup://2026-06-23/element/26014;26014;1;legacy_public_price_direct_bitrix
bitrix:26015;legacy_site;3270;BYN;2026-06-23T00:00:00+03:00;bitrix-backup://2026-06-23/element/26015;26015;1;legacy_public_price_direct_bitrix
bitrix:26046;legacy_site;336;BYN;2026-06-23T00:00:00+03:00;bitrix-backup://2026-06-23/element/26046;26046;1;legacy_public_price_direct_bitrix
bitrix:26048;legacy_site;910;BYN;2026-06-23T00:00:00+03:00;bitrix-backup://2026-06-23/element/26048;26048;1;legacy_public_price_direct_bitrix
bitrix:26049;legacy_site;3870;BYN;2026-06-23T00:00:00+03:00;bitrix-backup://2026-06-23/element/26049;26049;1;legacy_public_price_direct_bitrix
bitrix:2715;legacy_site;15.5;BYN;2026-06-23T00:00:00+03:00;bitrix-backup://2026-06-23/element/2715;2715;1;legacy_public_price_direct_bitrix
bitrix:2716;legacy_site;40;BYN;2026-06-23T00:00:00+03:00;bitrix-backup://2026-06-23/element/2716;2716;1;legacy_public_price_direct_bitrix
bitrix:2719;legacy_site;20.12;BYN;2026-06-23T00:00:00+03:00;bitrix-backup://2026-06-23/element/2719;2719;1;legacy_public_price_direct_bitrix
bitrix:2720;legacy_site;11;BYN;2026-06-23T00:00:00+03:00;bitrix-backup://2026-06-23/element/2720;2720;1;legacy_public_price_direct_bitrix
bitrix:2721;legacy_site;13;BYN;2026-06-23T00:00:00+03:00;bitrix-backup://2026-06-23/element/2721;2721;1;legacy_public_price_direct_bitrix
bitrix:2722;legacy_site;13;BYN;2026-06-23T00:00:00+03:00;bitrix-backup://2026-06-23/element/2722;2722;1;legacy_public_price_direct_bitrix
bitrix:2725;legacy_site;38.5;BYN;2026-06-23T00:00:00+03:00;bitrix-backup://2026-06-23/element/2725;2725;1;legacy_public_price_direct_bitrix
bitrix:2726;legacy_site;42;BYN;2026-06-23T00:00:00+03:00;bitrix-backup://2026-06-23/element/2726;2726;1;legacy_public_price_direct_bitrix
bitrix:2727;legacy_site;7;BYN;2026-06-23T00:00:00+03:00;bitrix-backup://2026-06-23/element/2727;2727;1;legacy_public_price_direct_bitrix
bitrix:2728;legacy_site;10;BYN;2026-06-23T00:00:00+03:00;bitrix-backup://2026-06-23/element/2728;2728;1;legacy_public_price_direct_bitrix
bitrix:2729;legacy_site;17;BYN;2026-06-23T00:00:00+03:00;bitrix-backup://2026-06-23/element/2729;2729;1;legacy_public_price_direct_bitrix
bitrix:2730;legacy_site;10;BYN;2026-06-23T00:00:00+03:00;bitrix-backup://2026-06-23/element/2730;2730;1;legacy_public_price_direct_bitrix
bitrix:2731;legacy_site;7.5;BYN;2026-06-23T00:00:00+03:00;bitrix-backup://2026-06-23/element/2731;2731;1;legacy_public_price_direct_bitrix
bitrix:2732;legacy_site;570;BYN;2026-06-23T00:00:00+03:00;bitrix-backup://2026-06-23/element/2732;2732;1;legacy_public_price_direct_bitrix
bitrix:2733;legacy_site;1024;BYN;2026-06-23T00:00:00+03:00;bitrix-backup://2026-06-23/element/2733;2733;1;legacy_public_price_direct_bitrix
bitrix:2735;legacy_site;550;BYN;2026-06-23T00:00:00+03:00;bitrix-backup://2026-06-23/element/2735;2735;1;legacy_public_price_direct_bitrix
bitrix:2736;legacy_site;493.5;BYN;2026-06-23T00:00:00+03:00;bitrix-backup://2026-06-23/element/2736;2736;1;legacy_public_price_direct_bitrix
bitrix:2737;legacy_site;255;BYN;2026-06-23T00:00:00+03:00;bitrix-backup://2026-06-23/element/2737;2737;1;legacy_public_price_direct_bitrix
bitrix:2738;legacy_site;950;BYN;2026-06-23T00:00:00+03:00;bitrix-backup://2026-06-23/element/2738;2738;1;legacy_public_price_direct_bitrix
bitrix:2739;legacy_site;836;BYN;2026-06-23T00:00:00+03:00;bitrix-backup://2026-06-23/element/2739;2739;1;legacy_public_price_direct_bitrix
bitrix:2740;legacy_site;406.5;BYN;2026-06-23T00:00:00+03:00;bitrix-backup://2026-06-23/element/2740;2740;1;legacy_public_price_direct_bitrix
bitrix:2741;legacy_site;1237.2;BYN;2026-06-23T00:00:00+03:00;bitrix-backup://2026-06-23/element/2741;2741;1;legacy_public_price_direct_bitrix
bitrix:2742;legacy_site;1284;BYN;2026-06-23T00:00:00+03:00;bitrix-backup://2026-06-23/element/2742;2742;1;legacy_public_price_direct_bitrix
bitrix:2743;legacy_site;1036.5;BYN;2026-06-23T00:00:00+03:00;bitrix-backup://2026-06-23/element/2743;2743;1;legacy_public_price_direct_bitrix
bitrix:2744;legacy_site;437.5;BYN;2026-06-23T00:00:00+03:00;bitrix-backup://2026-06-23/element/2744;2744;1;legacy_public_price_direct_bitrix
bitrix:2746;legacy_site;1021;BYN;2026-06-23T00:00:00+03:00;bitrix-backup://2026-06-23/element/2746;2746;1;legacy_public_price_direct_bitrix
bitrix:2747;legacy_site;652;BYN;2026-06-23T00:00:00+03:00;bitrix-backup://2026-06-23/element/2747;2747;1;legacy_public_price_direct_bitrix
bitrix:2748;legacy_site;620;BYN;2026-06-23T00:00:00+03:00;bitrix-backup://2026-06-23/element/2748;2748;1;legacy_public_price_direct_bitrix
bitrix:2749;legacy_site;513;BYN;2026-06-23T00:00:00+03:00;bitrix-backup://2026-06-23/element/2749;2749;1;legacy_public_price_direct_bitrix
bitrix:2751;legacy_site;1060;BYN;2026-06-23T00:00:00+03:00;bitrix-backup://2026-06-23/element/2751;2751;1;legacy_public_price_direct_bitrix
bitrix:2754;legacy_site;654;BYN;2026-06-23T00:00:00+03:00;bitrix-backup://2026-06-23/element/2754;2754;1;legacy_public_price_direct_bitrix
bitrix:2755;legacy_site;144;BYN;2026-06-23T00:00:00+03:00;bitrix-backup://2026-06-23/element/2755;2755;1;legacy_public_price_direct_bitrix
bitrix:2756;legacy_site;212;BYN;2026-06-23T00:00:00+03:00;bitrix-backup://2026-06-23/element/2756;2756;1;legacy_public_price_direct_bitrix
bitrix:2757;legacy_site;847;BYN;2026-06-23T00:00:00+03:00;bitrix-backup://2026-06-23/element/2757;2757;1;legacy_public_price_direct_bitrix
bitrix:2758;legacy_site;1130;BYN;2026-06-23T00:00:00+03:00;bitrix-backup://2026-06-23/element/2758;2758;1;legacy_public_price_direct_bitrix
bitrix:2759;legacy_site;571.5;BYN;2026-06-23T00:00:00+03:00;bitrix-backup://2026-06-23/element/2759;2759;1;legacy_public_price_direct_bitrix
bitrix:2760;legacy_site;561;BYN;2026-06-23T00:00:00+03:00;bitrix-backup://2026-06-23/element/2760;2760;1;legacy_public_price_direct_bitrix
bitrix:2761;legacy_site;581;BYN;2026-06-23T00:00:00+03:00;bitrix-backup://2026-06-23/element/2761;2761;1;legacy_public_price_direct_bitrix
bitrix:2762;legacy_site;456;BYN;2026-06-23T00:00:00+03:00;bitrix-backup://2026-06-23/element/2762;2762;1;legacy_public_price_direct_bitrix
bitrix:2763;legacy_site;1205;BYN;2026-06-23T00:00:00+03:00;bitrix-backup://2026-06-23/element/2763;2763;1;legacy_public_price_direct_bitrix
bitrix:2766;legacy_site;1200;BYN;2026-06-23T00:00:00+03:00;bitrix-backup://2026-06-23/element/2766;2766;1;legacy_public_price_direct_bitrix
bitrix:2767;legacy_site;1295;BYN;2026-06-23T00:00:00+03:00;bitrix-backup://2026-06-23/element/2767;2767;1;legacy_public_price_direct_bitrix
bitrix:2769;legacy_site;1163.5;BYN;2026-06-23T00:00:00+03:00;bitrix-backup://2026-06-23/element/2769;2769;1;legacy_public_price_direct_bitrix
bitrix:2770;legacy_site;1047.5;BYN;2026-06-23T00:00:00+03:00;bitrix-backup://2026-06-23/element/2770;2770;1;legacy_public_price_direct_bitrix
bitrix:2771;legacy_site;1040;BYN;2026-06-23T00:00:00+03:00;bitrix-backup://2026-06-23/element/2771;2771;1;legacy_public_price_direct_bitrix
bitrix:2773;legacy_site;1350;BYN;2026-06-23T00:00:00+03:00;bitrix-backup://2026-06-23/element/2773;2773;1;legacy_public_price_direct_bitrix
bitrix:2774;legacy_site;808.5;BYN;2026-06-23T00:00:00+03:00;bitrix-backup://2026-06-23/element/2774;2774;1;legacy_public_price_direct_bitrix
bitrix:2775;legacy_site;1365;BYN;2026-06-23T00:00:00+03:00;bitrix-backup://2026-06-23/element/2775;2775;1;legacy_public_price_direct_bitrix
bitrix:2776;legacy_site;78.5;BYN;2026-06-23T00:00:00+03:00;bitrix-backup://2026-06-23/element/2776;2776;1;legacy_public_price_direct_bitrix
bitrix:2778;legacy_site;55;BYN;2026-06-23T00:00:00+03:00;bitrix-backup://2026-06-23/element/2778;2778;1;legacy_public_price_direct_bitrix
bitrix:2780;legacy_site;46;BYN;2026-06-23T00:00:00+03:00;bitrix-backup://2026-06-23/element/2780;2780;1;legacy_public_price_direct_bitrix
bitrix:2781;legacy_site;64;BYN;2026-06-23T00:00:00+03:00;bitrix-backup://2026-06-23/element/2781;2781;1;legacy_public_price_direct_bitrix
bitrix:2782;legacy_site;43;BYN;2026-06-23T00:00:00+03:00;bitrix-backup://2026-06-23/element/2782;2782;1;legacy_public_price_direct_bitrix
bitrix:2783;legacy_site;65;BYN;2026-06-23T00:00:00+03:00;bitrix-backup://2026-06-23/element/2783;2783;1;legacy_public_price_direct_bitrix
bitrix:2784;legacy_site;31.5;BYN;2026-06-23T00:00:00+03:00;bitrix-backup://2026-06-23/element/2784;2784;1;legacy_public_price_direct_bitrix
bitrix:2785;legacy_site;40;BYN;2026-06-23T00:00:00+03:00;bitrix-backup://2026-06-23/element/2785;2785;1;legacy_public_price_direct_bitrix
bitrix:2786;legacy_site;42.5;BYN;2026-06-23T00:00:00+03:00;bitrix-backup://2026-06-23/element/2786;2786;1;legacy_public_price_direct_bitrix
bitrix:2787;legacy_site;253;BYN;2026-06-23T00:00:00+03:00;bitrix-backup://2026-06-23/element/2787;2787;1;legacy_public_price_direct_bitrix
bitrix:2788;legacy_site;59;BYN;2026-06-23T00:00:00+03:00;bitrix-backup://2026-06-23/element/2788;2788;1;legacy_public_price_direct_bitrix
bitrix:2789;legacy_site;28;BYN;2026-06-23T00:00:00+03:00;bitrix-backup://2026-06-23/element/2789;2789;1;legacy_public_price_direct_bitrix
bitrix:2790;legacy_site;66;BYN;2026-06-23T00:00:00+03:00;bitrix-backup://2026-06-23/element/2790;2790;1;legacy_public_price_direct_bitrix
bitrix:2791;legacy_site;44;BYN;2026-06-23T00:00:00+03:00;bitrix-backup://2026-06-23/element/2791;2791;1;legacy_public_price_direct_bitrix
bitrix:2792;legacy_site;97.5;BYN;2026-06-23T00:00:00+03:00;bitrix-backup://2026-06-23/element/2792;2792;1;legacy_public_price_direct_bitrix
bitrix:2794;legacy_site;1045;BYN;2026-06-23T00:00:00+03:00;bitrix-backup://2026-06-23/element/2794;2794;1;legacy_public_price_direct_bitrix
bitrix:2795;legacy_site;1039;BYN;2026-06-23T00:00:00+03:00;bitrix-backup://2026-06-23/element/2795;2795;1;legacy_public_price_direct_bitrix
bitrix:2796;legacy_site;656.5;BYN;2026-06-23T00:00:00+03:00;bitrix-backup://2026-06-23/element/2796;2796;1;legacy_public_price_direct_bitrix
bitrix:2797;legacy_site;781;BYN;2026-06-23T00:00:00+03:00;bitrix-backup://2026-06-23/element/2797;2797;1;legacy_public_price_direct_bitrix
bitrix:2798;legacy_site;931;BYN;2026-06-23T00:00:00+03:00;bitrix-backup://2026-06-23/element/2798;2798;1;legacy_public_price_direct_bitrix
bitrix:2800;legacy_site;1540;BYN;2026-06-23T00:00:00+03:00;bitrix-backup://2026-06-23/element/2800;2800;1;legacy_public_price_direct_bitrix
bitrix:2802;legacy_site;957;BYN;2026-06-23T00:00:00+03:00;bitrix-backup://2026-06-23/element/2802;2802;1;legacy_public_price_direct_bitrix
bitrix:2803;legacy_site;225;BYN;2026-06-23T00:00:00+03:00;bitrix-backup://2026-06-23/element/2803;2803;1;legacy_public_price_direct_bitrix
bitrix:2804;legacy_site;327.5;BYN;2026-06-23T00:00:00+03:00;bitrix-backup://2026-06-23/element/2804;2804;1;legacy_public_price_direct_bitrix
bitrix:2806;legacy_site;704;BYN;2026-06-23T00:00:00+03:00;bitrix-backup://2026-06-23/element/2806;2806;1;legacy_public_price_direct_bitrix
bitrix:2807;legacy_site;1530;BYN;2026-06-23T00:00:00+03:00;bitrix-backup://2026-06-23/element/2807;2807;1;legacy_public_price_direct_bitrix
bitrix:2808;legacy_site;1149;BYN;2026-06-23T00:00:00+03:00;bitrix-backup://2026-06-23/element/2808;2808;1;legacy_public_price_direct_bitrix
bitrix:2809;legacy_site;1203;BYN;2026-06-23T00:00:00+03:00;bitrix-backup://2026-06-23/element/2809;2809;1;legacy_public_price_direct_bitrix
bitrix:2810;legacy_site;1800;BYN;2026-06-23T00:00:00+03:00;bitrix-backup://2026-06-23/element/2810;2810;1;legacy_public_price_direct_bitrix
bitrix:2811;legacy_site;744;BYN;2026-06-23T00:00:00+03:00;bitrix-backup://2026-06-23/element/2811;2811;1;legacy_public_price_direct_bitrix
bitrix:2812;legacy_site;346.5;BYN;2026-06-23T00:00:00+03:00;bitrix-backup://2026-06-23/element/2812;2812;1;legacy_public_price_direct_bitrix
bitrix:2813;legacy_site;1234.5;BYN;2026-06-23T00:00:00+03:00;bitrix-backup://2026-06-23/element/2813;2813;1;legacy_public_price_direct_bitrix
bitrix:2814;legacy_site;1954;BYN;2026-06-23T00:00:00+03:00;bitrix-backup://2026-06-23/element/2814;2814;1;legacy_public_price_direct_bitrix
bitrix:2815;legacy_site;786;BYN;2026-06-23T00:00:00+03:00;bitrix-backup://2026-06-23/element/2815;2815;1;legacy_public_price_direct_bitrix
bitrix:2816;legacy_site;637;BYN;2026-06-23T00:00:00+03:00;bitrix-backup://2026-06-23/element/2816;2816;1;legacy_public_price_direct_bitrix
bitrix:2817;legacy_site;672;BYN;2026-06-23T00:00:00+03:00;bitrix-backup://2026-06-23/element/2817;2817;1;legacy_public_price_direct_bitrix
bitrix:2818;legacy_site;910;BYN;2026-06-23T00:00:00+03:00;bitrix-backup://2026-06-23/element/2818;2818;1;legacy_public_price_direct_bitrix
bitrix:2819;legacy_site;810;BYN;2026-06-23T00:00:00+03:00;bitrix-backup://2026-06-23/element/2819;2819;1;legacy_public_price_direct_bitrix
bitrix:2820;legacy_site;1407;BYN;2026-06-23T00:00:00+03:00;bitrix-backup://2026-06-23/element/2820;2820;1;legacy_public_price_direct_bitrix
bitrix:2822;legacy_site;746;BYN;2026-06-23T00:00:00+03:00;bitrix-backup://2026-06-23/element/2822;2822;1;legacy_public_price_direct_bitrix
bitrix:2823;legacy_site;1687;BYN;2026-06-23T00:00:00+03:00;bitrix-backup://2026-06-23/element/2823;2823;1;legacy_public_price_direct_bitrix
bitrix:2825;legacy_site;294;BYN;2026-06-23T00:00:00+03:00;bitrix-backup://2026-06-23/element/2825;2825;1;legacy_public_price_direct_bitrix
bitrix:2826;legacy_site;1705;BYN;2026-06-23T00:00:00+03:00;bitrix-backup://2026-06-23/element/2826;2826;1;legacy_public_price_direct_bitrix
bitrix:2827;legacy_site;2491;BYN;2026-06-23T00:00:00+03:00;bitrix-backup://2026-06-23/element/2827;2827;1;legacy_public_price_direct_bitrix
bitrix:2828;legacy_site;1855;BYN;2026-06-23T00:00:00+03:00;bitrix-backup://2026-06-23/element/2828;2828;1;legacy_public_price_direct_bitrix
bitrix:2830;legacy_site;68;BYN;2026-06-23T00:00:00+03:00;bitrix-backup://2026-06-23/element/2830;2830;1;legacy_public_price_direct_bitrix
bitrix:2831;legacy_site;610;BYN;2026-06-23T00:00:00+03:00;bitrix-backup://2026-06-23/element/2831;2831;1;legacy_public_price_direct_bitrix
bitrix:2832;legacy_site;85.5;BYN;2026-06-23T00:00:00+03:00;bitrix-backup://2026-06-23/element/2832;2832;1;legacy_public_price_direct_bitrix
bitrix:2833;legacy_site;140.5;BYN;2026-06-23T00:00:00+03:00;bitrix-backup://2026-06-23/element/2833;2833;1;legacy_public_price_direct_bitrix
bitrix:2834;legacy_site;829;BYN;2026-06-23T00:00:00+03:00;bitrix-backup://2026-06-23/element/2834;2834;1;legacy_public_price_direct_bitrix
bitrix:2835;legacy_site;1913;BYN;2026-06-23T00:00:00+03:00;bitrix-backup://2026-06-23/element/2835;2835;1;legacy_public_price_direct_bitrix
bitrix:2837;legacy_site;2170;BYN;2026-06-23T00:00:00+03:00;bitrix-backup://2026-06-23/element/2837;2837;1;legacy_public_price_direct_bitrix
bitrix:2839;legacy_site;810;BYN;2026-06-23T00:00:00+03:00;bitrix-backup://2026-06-23/element/2839;2839;1;legacy_public_price_direct_bitrix
bitrix:2840;legacy_site;1011.5;BYN;2026-06-23T00:00:00+03:00;bitrix-backup://2026-06-23/element/2840;2840;1;legacy_public_price_direct_bitrix
bitrix:2843;legacy_site;1590;BYN;2026-06-23T00:00:00+03:00;bitrix-backup://2026-06-23/element/2843;2843;1;legacy_public_price_direct_bitrix
bitrix:2844;legacy_site;1654;BYN;2026-06-23T00:00:00+03:00;bitrix-backup://2026-06-23/element/2844;2844;1;legacy_public_price_direct_bitrix
bitrix:2848;legacy_site;114.25;BYN;2026-06-23T00:00:00+03:00;bitrix-backup://2026-06-23/element/2848;2848;1;legacy_public_price_direct_bitrix
bitrix:2849;legacy_site;81;BYN;2026-06-23T00:00:00+03:00;bitrix-backup://2026-06-23/element/2849;2849;1;legacy_public_price_direct_bitrix
bitrix:2850;legacy_site;96;BYN;2026-06-23T00:00:00+03:00;bitrix-backup://2026-06-23/element/2850;2850;1;legacy_public_price_direct_bitrix
bitrix:2851;legacy_site;65;BYN;2026-06-23T00:00:00+03:00;bitrix-backup://2026-06-23/element/2851;2851;1;legacy_public_price_direct_bitrix
bitrix:2852;legacy_site;59;BYN;2026-06-23T00:00:00+03:00;bitrix-backup://2026-06-23/element/2852;2852;1;legacy_public_price_direct_bitrix
bitrix:2853;legacy_site;69;BYN;2026-06-23T00:00:00+03:00;bitrix-backup://2026-06-23/element/2853;2853;1;legacy_public_price_direct_bitrix
bitrix:2855;legacy_site;1139;BYN;2026-06-23T00:00:00+03:00;bitrix-backup://2026-06-23/element/2855;2855;1;legacy_public_price_direct_bitrix
bitrix:2858;legacy_site;15;BYN;2026-06-23T00:00:00+03:00;bitrix-backup://2026-06-23/element/2858;2858;1;legacy_public_price_direct_bitrix
bitrix:2859;legacy_site;18;BYN;2026-06-23T00:00:00+03:00;bitrix-backup://2026-06-23/element/2859;2859;1;legacy_public_price_direct_bitrix
bitrix:2860;legacy_site;25;BYN;2026-06-23T00:00:00+03:00;bitrix-backup://2026-06-23/element/2860;2860;1;legacy_public_price_direct_bitrix
bitrix:2861;legacy_site;24;BYN;2026-06-23T00:00:00+03:00;bitrix-backup://2026-06-23/element/2861;2861;1;legacy_public_price_direct_bitrix
bitrix:2862;legacy_site;21.5;BYN;2026-06-23T00:00:00+03:00;bitrix-backup://2026-06-23/element/2862;2862;1;legacy_public_price_direct_bitrix
bitrix:2865;legacy_site;99;BYN;2026-06-23T00:00:00+03:00;bitrix-backup://2026-06-23/element/2865;2865;1;legacy_public_price_direct_bitrix
bitrix:2866;legacy_site;42.5;BYN;2026-06-23T00:00:00+03:00;bitrix-backup://2026-06-23/element/2866;2866;1;legacy_public_price_direct_bitrix
bitrix:2867;legacy_site;24;BYN;2026-06-23T00:00:00+03:00;bitrix-backup://2026-06-23/element/2867;2867;1;legacy_public_price_direct_bitrix
bitrix:2868;legacy_site;21;BYN;2026-06-23T00:00:00+03:00;bitrix-backup://2026-06-23/element/2868;2868;1;legacy_public_price_direct_bitrix
bitrix:2869;legacy_site;13;BYN;2026-06-23T00:00:00+03:00;bitrix-backup://2026-06-23/element/2869;2869;1;legacy_public_price_direct_bitrix
bitrix:2870;legacy_site;1365;BYN;2026-06-23T00:00:00+03:00;bitrix-backup://2026-06-23/element/2870;2870;1;legacy_public_price_direct_bitrix
bitrix:2871;legacy_site;2160;BYN;2026-06-23T00:00:00+03:00;bitrix-backup://2026-06-23/element/2871;2871;1;legacy_public_price_direct_bitrix
bitrix:2872;legacy_site;642.5;BYN;2026-06-23T00:00:00+03:00;bitrix-backup://2026-06-23/element/2872;2872;1;legacy_public_price_direct_bitrix
bitrix:2873;legacy_site;1034.5;BYN;2026-06-23T00:00:00+03:00;bitrix-backup://2026-06-23/element/2873;2873;1;legacy_public_price_direct_bitrix
bitrix:2874;legacy_site;903;BYN;2026-06-23T00:00:00+03:00;bitrix-backup://2026-06-23/element/2874;2874;1;legacy_public_price_direct_bitrix
bitrix:2875;legacy_site;68;BYN;2026-06-23T00:00:00+03:00;bitrix-backup://2026-06-23/element/2875;2875;1;legacy_public_price_direct_bitrix
bitrix:2876;legacy_site;1057;BYN;2026-06-23T00:00:00+03:00;bitrix-backup://2026-06-23/element/2876;2876;1;legacy_public_price_direct_bitrix
bitrix:2877;legacy_site;991;BYN;2026-06-23T00:00:00+03:00;bitrix-backup://2026-06-23/element/2877;2877;1;legacy_public_price_direct_bitrix
bitrix:2878;legacy_site;454;BYN;2026-06-23T00:00:00+03:00;bitrix-backup://2026-06-23/element/2878;2878;1;legacy_public_price_direct_bitrix
bitrix:2879;legacy_site;892;BYN;2026-06-23T00:00:00+03:00;bitrix-backup://2026-06-23/element/2879;2879;1;legacy_public_price_direct_bitrix
bitrix:2880;legacy_site;1034;BYN;2026-06-23T00:00:00+03:00;bitrix-backup://2026-06-23/element/2880;2880;1;legacy_public_price_direct_bitrix
bitrix:2881;legacy_site;2413;BYN;2026-06-23T00:00:00+03:00;bitrix-backup://2026-06-23/element/2881;2881;1;legacy_public_price_direct_bitrix
bitrix:2882;legacy_site;1802;BYN;2026-06-23T00:00:00+03:00;bitrix-backup://2026-06-23/element/2882;2882;1;legacy_public_price_direct_bitrix
bitrix:2883;legacy_site;929;BYN;2026-06-23T00:00:00+03:00;bitrix-backup://2026-06-23/element/2883;2883;1;legacy_public_price_direct_bitrix
bitrix:2884;legacy_site;1367;BYN;2026-06-23T00:00:00+03:00;bitrix-backup://2026-06-23/element/2884;2884;1;legacy_public_price_direct_bitrix
bitrix:2885;legacy_site;980;BYN;2026-06-23T00:00:00+03:00;bitrix-backup://2026-06-23/element/2885;2885;1;legacy_public_price_direct_bitrix
bitrix:2886;legacy_site;907.5;BYN;2026-06-23T00:00:00+03:00;bitrix-backup://2026-06-23/element/2886;2886;1;legacy_public_price_direct_bitrix
bitrix:2888;legacy_site;200;BYN;2026-06-23T00:00:00+03:00;bitrix-backup://2026-06-23/element/2888;2888;1;legacy_public_price_direct_bitrix
bitrix:2889;legacy_site;355;BYN;2026-06-23T00:00:00+03:00;bitrix-backup://2026-06-23/element/2889;2889;1;legacy_public_price_direct_bitrix
bitrix:2890;legacy_site;195;BYN;2026-06-23T00:00:00+03:00;bitrix-backup://2026-06-23/element/2890;2890;1;legacy_public_price_direct_bitrix
bitrix:2893;legacy_site;2143;BYN;2026-06-23T00:00:00+03:00;bitrix-backup://2026-06-23/element/2893;2893;1;legacy_public_price_direct_bitrix
bitrix:2894;legacy_site;342;BYN;2026-06-23T00:00:00+03:00;bitrix-backup://2026-06-23/element/2894;2894;1;legacy_public_price_direct_bitrix
bitrix:2895;legacy_site;639;BYN;2026-06-23T00:00:00+03:00;bitrix-backup://2026-06-23/element/2895;2895;1;legacy_public_price_direct_bitrix
bitrix:2896;legacy_site;1386;BYN;2026-06-23T00:00:00+03:00;bitrix-backup://2026-06-23/element/2896;2896;1;legacy_public_price_direct_bitrix
bitrix:2897;legacy_site;1730;BYN;2026-06-23T00:00:00+03:00;bitrix-backup://2026-06-23/element/2897;2897;1;legacy_public_price_direct_bitrix
bitrix:2898;legacy_site;2350;BYN;2026-06-23T00:00:00+03:00;bitrix-backup://2026-06-23/element/2898;2898;1;legacy_public_price_direct_bitrix
bitrix:2899;legacy_site;317;BYN;2026-06-23T00:00:00+03:00;bitrix-backup://2026-06-23/element/2899;2899;1;legacy_public_price_direct_bitrix
bitrix:2900;legacy_site;119;BYN;2026-06-23T00:00:00+03:00;bitrix-backup://2026-06-23/element/2900;2900;1;legacy_public_price_direct_bitrix
bitrix:2901;legacy_site;317.5;BYN;2026-06-23T00:00:00+03:00;bitrix-backup://2026-06-23/element/2901;2901;1;legacy_public_price_direct_bitrix
bitrix:2905;legacy_site;245.5;BYN;2026-06-23T00:00:00+03:00;bitrix-backup://2026-06-23/element/2905;2905;1;legacy_public_price_direct_bitrix
bitrix:2906;legacy_site;274;BYN;2026-06-23T00:00:00+03:00;bitrix-backup://2026-06-23/element/2906;2906;1;legacy_public_price_direct_bitrix
bitrix:2907;legacy_site;2025;BYN;2026-06-23T00:00:00+03:00;bitrix-backup://2026-06-23/element/2907;2907;1;legacy_public_price_direct_bitrix
bitrix:2908;legacy_site;1120.5;BYN;2026-06-23T00:00:00+03:00;bitrix-backup://2026-06-23/element/2908;2908;1;legacy_public_price_direct_bitrix
bitrix:2909;legacy_site;1416;BYN;2026-06-23T00:00:00+03:00;bitrix-backup://2026-06-23/element/2909;2909;1;legacy_public_price_direct_bitrix
bitrix:2910;legacy_site;1098;BYN;2026-06-23T00:00:00+03:00;bitrix-backup://2026-06-23/element/2910;2910;1;legacy_public_price_direct_bitrix
bitrix:2911;legacy_site;377;BYN;2026-06-23T00:00:00+03:00;bitrix-backup://2026-06-23/element/2911;2911;1;legacy_public_price_direct_bitrix
bitrix:2913;legacy_site;404;BYN;2026-06-23T00:00:00+03:00;bitrix-backup://2026-06-23/element/2913;2913;1;legacy_public_price_direct_bitrix
bitrix:2914;legacy_site;152;BYN;2026-06-23T00:00:00+03:00;bitrix-backup://2026-06-23/element/2914;2914;1;legacy_public_price_direct_bitrix
bitrix:2917;legacy_site;249;BYN;2026-06-23T00:00:00+03:00;bitrix-backup://2026-06-23/element/2917;2917;1;legacy_public_price_direct_bitrix
bitrix:2918;legacy_site;148;BYN;2026-06-23T00:00:00+03:00;bitrix-backup://2026-06-23/element/2918;2918;1;legacy_public_price_direct_bitrix
bitrix:2920;legacy_site;130.5;BYN;2026-06-23T00:00:00+03:00;bitrix-backup://2026-06-23/element/2920;2920;1;legacy_public_price_direct_bitrix
bitrix:2921;legacy_site;170;BYN;2026-06-23T00:00:00+03:00;bitrix-backup://2026-06-23/element/2921;2921;1;legacy_public_price_direct_bitrix
bitrix:2922;legacy_site;88;BYN;2026-06-23T00:00:00+03:00;bitrix-backup://2026-06-23/element/2922;2922;1;legacy_public_price_direct_bitrix
bitrix:2926;legacy_site;142.5;BYN;2026-06-23T00:00:00+03:00;bitrix-backup://2026-06-23/element/2926;2926;1;legacy_public_price_direct_bitrix
bitrix:2927;legacy_site;65.5;BYN;2026-06-23T00:00:00+03:00;bitrix-backup://2026-06-23/element/2927;2927;1;legacy_public_price_direct_bitrix
bitrix:2929;legacy_site;2765;BYN;2026-06-23T00:00:00+03:00;bitrix-backup://2026-06-23/element/2929;2929;1;legacy_public_price_direct_bitrix
bitrix:2930;legacy_site;215;BYN;2026-06-23T00:00:00+03:00;bitrix-backup://2026-06-23/element/2930;2930;1;legacy_public_price_direct_bitrix
bitrix:2931;legacy_site;188.5;BYN;2026-06-23T00:00:00+03:00;bitrix-backup://2026-06-23/element/2931;2931;1;legacy_public_price_direct_bitrix
bitrix:2932;legacy_site;635;BYN;2026-06-23T00:00:00+03:00;bitrix-backup://2026-06-23/element/2932;2932;1;legacy_public_price_direct_bitrix
bitrix:2933;legacy_site;2814;BYN;2026-06-23T00:00:00+03:00;bitrix-backup://2026-06-23/element/2933;2933;1;legacy_public_price_direct_bitrix
bitrix:2934;legacy_site;195;BYN;2026-06-23T00:00:00+03:00;bitrix-backup://2026-06-23/element/2934;2934;1;legacy_public_price_direct_bitrix
bitrix:2935;legacy_site;150;BYN;2026-06-23T00:00:00+03:00;bitrix-backup://2026-06-23/element/2935;2935;1;legacy_public_price_direct_bitrix
bitrix:2936;legacy_site;138;BYN;2026-06-23T00:00:00+03:00;bitrix-backup://2026-06-23/element/2936;2936;1;legacy_public_price_direct_bitrix
bitrix:2938;legacy_site;179.5;BYN;2026-06-23T00:00:00+03:00;bitrix-backup://2026-06-23/element/2938;2938;1;legacy_public_price_direct_bitrix
bitrix:2939;legacy_site;26;BYN;2026-06-23T00:00:00+03:00;bitrix-backup://2026-06-23/element/2939;2939;1;legacy_public_price_direct_bitrix
bitrix:2940;legacy_site;43;BYN;2026-06-23T00:00:00+03:00;bitrix-backup://2026-06-23/element/2940;2940;1;legacy_public_price_direct_bitrix
bitrix:2941;legacy_site;22;BYN;2026-06-23T00:00:00+03:00;bitrix-backup://2026-06-23/element/2941;2941;1;legacy_public_price_direct_bitrix
bitrix:2942;legacy_site;26;BYN;2026-06-23T00:00:00+03:00;bitrix-backup://2026-06-23/element/2942;2942;1;legacy_public_price_direct_bitrix
bitrix:2943;legacy_site;30;BYN;2026-06-23T00:00:00+03:00;bitrix-backup://2026-06-23/element/2943;2943;1;legacy_public_price_direct_bitrix
bitrix:2945;legacy_site;29;BYN;2026-06-23T00:00:00+03:00;bitrix-backup://2026-06-23/element/2945;2945;1;legacy_public_price_direct_bitrix
bitrix:2946;legacy_site;23;BYN;2026-06-23T00:00:00+03:00;bitrix-backup://2026-06-23/element/2946;2946;1;legacy_public_price_direct_bitrix
bitrix:2947;legacy_site;25;BYN;2026-06-23T00:00:00+03:00;bitrix-backup://2026-06-23/element/2947;2947;1;legacy_public_price_direct_bitrix
bitrix:2948;legacy_site;14;BYN;2026-06-23T00:00:00+03:00;bitrix-backup://2026-06-23/element/2948;2948;1;legacy_public_price_direct_bitrix
bitrix:2949;legacy_site;14.5;BYN;2026-06-23T00:00:00+03:00;bitrix-backup://2026-06-23/element/2949;2949;1;legacy_public_price_direct_bitrix
bitrix:2950;legacy_site;14.5;BYN;2026-06-23T00:00:00+03:00;bitrix-backup://2026-06-23/element/2950;2950;1;legacy_public_price_direct_bitrix
bitrix:2953;legacy_site;22;BYN;2026-06-23T00:00:00+03:00;bitrix-backup://2026-06-23/element/2953;2953;1;legacy_public_price_direct_bitrix
bitrix:2954;legacy_site;43.5;BYN;2026-06-23T00:00:00+03:00;bitrix-backup://2026-06-23/element/2954;2954;1;legacy_public_price_direct_bitrix
bitrix:2960;legacy_site;30.5;BYN;2026-06-23T00:00:00+03:00;bitrix-backup://2026-06-23/element/2960;2960;1;legacy_public_price_direct_bitrix
bitrix:2962;legacy_site;410;BYN;2026-06-23T00:00:00+03:00;bitrix-backup://2026-06-23/element/2962;2962;1;legacy_public_price_direct_bitrix
bitrix:2963;legacy_site;255;BYN;2026-06-23T00:00:00+03:00;bitrix-backup://2026-06-23/element/2963;2963;1;legacy_public_price_direct_bitrix
bitrix:2964;legacy_site;14;BYN;2026-06-23T00:00:00+03:00;bitrix-backup://2026-06-23/element/2964;2964;1;legacy_public_price_direct_bitrix
bitrix:2965;legacy_site;398;BYN;2026-06-23T00:00:00+03:00;bitrix-backup://2026-06-23/element/2965;2965;1;legacy_public_price_direct_bitrix
bitrix:2966;legacy_site;405;BYN;2026-06-23T00:00:00+03:00;bitrix-backup://2026-06-23/element/2966;2966;1;legacy_public_price_direct_bitrix
bitrix:2967;legacy_site;392;BYN;2026-06-23T00:00:00+03:00;bitrix-backup://2026-06-23/element/2967;2967;1;legacy_public_price_direct_bitrix
bitrix:2969;legacy_site;420;BYN;2026-06-23T00:00:00+03:00;bitrix-backup://2026-06-23/element/2969;2969;1;legacy_public_price_direct_bitrix
bitrix:2970;legacy_site;47;BYN;2026-06-23T00:00:00+03:00;bitrix-backup://2026-06-23/element/2970;2970;1;legacy_public_price_direct_bitrix
bitrix:2972;legacy_site;250;BYN;2026-06-23T00:00:00+03:00;bitrix-backup://2026-06-23/element/2972;2972;1;legacy_public_price_direct_bitrix
bitrix:2973;legacy_site;273;BYN;2026-06-23T00:00:00+03:00;bitrix-backup://2026-06-23/element/2973;2973;1;legacy_public_price_direct_bitrix
bitrix:2975;legacy_site;199;BYN;2026-06-23T00:00:00+03:00;bitrix-backup://2026-06-23/element/2975;2975;1;legacy_public_price_direct_bitrix
bitrix:2976;legacy_site;219;BYN;2026-06-23T00:00:00+03:00;bitrix-backup://2026-06-23/element/2976;2976;1;legacy_public_price_direct_bitrix
bitrix:2977;legacy_site;185;BYN;2026-06-23T00:00:00+03:00;bitrix-backup://2026-06-23/element/2977;2977;1;legacy_public_price_direct_bitrix
bitrix:2978;legacy_site;401.5;BYN;2026-06-23T00:00:00+03:00;bitrix-backup://2026-06-23/element/2978;2978;1;legacy_public_price_direct_bitrix
bitrix:2979;legacy_site;418;BYN;2026-06-23T00:00:00+03:00;bitrix-backup://2026-06-23/element/2979;2979;1;legacy_public_price_direct_bitrix
bitrix:2980;legacy_site;192;BYN;2026-06-23T00:00:00+03:00;bitrix-backup://2026-06-23/element/2980;2980;1;legacy_public_price_direct_bitrix
bitrix:2981;legacy_site;220;BYN;2026-06-23T00:00:00+03:00;bitrix-backup://2026-06-23/element/2981;2981;1;legacy_public_price_direct_bitrix
bitrix:2982;legacy_site;182;BYN;2026-06-23T00:00:00+03:00;bitrix-backup://2026-06-23/element/2982;2982;1;legacy_public_price_direct_bitrix
bitrix:2983;legacy_site;258;BYN;2026-06-23T00:00:00+03:00;bitrix-backup://2026-06-23/element/2983;2983;1;legacy_public_price_direct_bitrix
bitrix:2985;legacy_site;597;BYN;2026-06-23T00:00:00+03:00;bitrix-backup://2026-06-23/element/2985;2985;1;legacy_public_price_direct_bitrix
bitrix:2986;legacy_site;514;BYN;2026-06-23T00:00:00+03:00;bitrix-backup://2026-06-23/element/2986;2986;1;legacy_public_price_direct_bitrix
bitrix:2987;legacy_site;397;BYN;2026-06-23T00:00:00+03:00;bitrix-backup://2026-06-23/element/2987;2987;1;legacy_public_price_direct_bitrix
bitrix:2989;legacy_site;214;BYN;2026-06-23T00:00:00+03:00;bitrix-backup://2026-06-23/element/2989;2989;1;legacy_public_price_direct_bitrix
bitrix:2990;legacy_site;650;BYN;2026-06-23T00:00:00+03:00;bitrix-backup://2026-06-23/element/2990;2990;1;legacy_public_price_direct_bitrix
bitrix:2991;legacy_site;238.5;BYN;2026-06-23T00:00:00+03:00;bitrix-backup://2026-06-23/element/2991;2991;1;legacy_public_price_direct_bitrix
bitrix:2993;legacy_site;359.5;BYN;2026-06-23T00:00:00+03:00;bitrix-backup://2026-06-23/element/2993;2993;1;legacy_public_price_direct_bitrix
bitrix:2994;legacy_site;409;BYN;2026-06-23T00:00:00+03:00;bitrix-backup://2026-06-23/element/2994;2994;1;legacy_public_price_direct_bitrix
bitrix:2995;legacy_site;55;BYN;2026-06-23T00:00:00+03:00;bitrix-backup://2026-06-23/element/2995;2995;1;legacy_public_price_direct_bitrix
bitrix:2996;legacy_site;31;BYN;2026-06-23T00:00:00+03:00;bitrix-backup://2026-06-23/element/2996;2996;1;legacy_public_price_direct_bitrix
bitrix:2997;legacy_site;34.5;BYN;2026-06-23T00:00:00+03:00;bitrix-backup://2026-06-23/element/2997;2997;1;legacy_public_price_direct_bitrix
bitrix:3002;legacy_site;40;BYN;2026-06-23T00:00:00+03:00;bitrix-backup://2026-06-23/element/3002;3002;1;legacy_public_price_direct_bitrix
bitrix:3004;legacy_site;18;BYN;2026-06-23T00:00:00+03:00;bitrix-backup://2026-06-23/element/3004;3004;1;legacy_public_price_direct_bitrix
bitrix:3006;legacy_site;37;BYN;2026-06-23T00:00:00+03:00;bitrix-backup://2026-06-23/element/3006;3006;1;legacy_public_price_direct_bitrix
bitrix:3007;legacy_site;22;BYN;2026-06-23T00:00:00+03:00;bitrix-backup://2026-06-23/element/3007;3007;1;legacy_public_price_direct_bitrix
bitrix:3008;legacy_site;49;BYN;2026-06-23T00:00:00+03:00;bitrix-backup://2026-06-23/element/3008;3008;1;legacy_public_price_direct_bitrix
bitrix:3014;legacy_site;31;BYN;2026-06-23T00:00:00+03:00;bitrix-backup://2026-06-23/element/3014;3014;1;legacy_public_price_direct_bitrix
bitrix:3015;legacy_site;18;BYN;2026-06-23T00:00:00+03:00;bitrix-backup://2026-06-23/element/3015;3015;1;legacy_public_price_direct_bitrix
bitrix:3016;legacy_site;25;BYN;2026-06-23T00:00:00+03:00;bitrix-backup://2026-06-23/element/3016;3016;1;legacy_public_price_direct_bitrix
bitrix:3020;legacy_site;17;BYN;2026-06-23T00:00:00+03:00;bitrix-backup://2026-06-23/element/3020;3020;1;legacy_public_price_direct_bitrix
bitrix:3022;legacy_site;20;BYN;2026-06-23T00:00:00+03:00;bitrix-backup://2026-06-23/element/3022;3022;1;legacy_public_price_direct_bitrix
bitrix:3023;legacy_site;10;BYN;2026-06-23T00:00:00+03:00;bitrix-backup://2026-06-23/element/3023;3023;1;legacy_public_price_direct_bitrix
bitrix:3025;legacy_site;13;BYN;2026-06-23T00:00:00+03:00;bitrix-backup://2026-06-23/element/3025;3025;1;legacy_public_price_direct_bitrix
bitrix:3026;legacy_site;202.65;BYN;2026-06-23T00:00:00+03:00;bitrix-backup://2026-06-23/element/3026;3026;1;legacy_public_price_direct_bitrix
bitrix:3030;legacy_site;269;BYN;2026-06-23T00:00:00+03:00;bitrix-backup://2026-06-23/element/3030;3030;1;legacy_public_price_direct_bitrix
bitrix:3031;legacy_site;381.5;BYN;2026-06-23T00:00:00+03:00;bitrix-backup://2026-06-23/element/3031;3031;1;legacy_public_price_direct_bitrix
bitrix:3032;legacy_site;331;BYN;2026-06-23T00:00:00+03:00;bitrix-backup://2026-06-23/element/3032;3032;1;legacy_public_price_direct_bitrix
bitrix:3033;legacy_site;254;BYN;2026-06-23T00:00:00+03:00;bitrix-backup://2026-06-23/element/3033;3033;1;legacy_public_price_direct_bitrix
bitrix:3034;legacy_site;65.5;BYN;2026-06-23T00:00:00+03:00;bitrix-backup://2026-06-23/element/3034;3034;1;legacy_public_price_direct_bitrix
bitrix:3035;legacy_site;283;BYN;2026-06-23T00:00:00+03:00;bitrix-backup://2026-06-23/element/3035;3035;1;legacy_public_price_direct_bitrix
bitrix:3037;legacy_site;171.5;BYN;2026-06-23T00:00:00+03:00;bitrix-backup://2026-06-23/element/3037;3037;1;legacy_public_price_direct_bitrix
bitrix:3038;legacy_site;465;BYN;2026-06-23T00:00:00+03:00;bitrix-backup://2026-06-23/element/3038;3038;1;legacy_public_price_direct_bitrix
bitrix:3039;legacy_site;476;BYN;2026-06-23T00:00:00+03:00;bitrix-backup://2026-06-23/element/3039;3039;1;legacy_public_price_direct_bitrix
bitrix:3040;legacy_site;467;BYN;2026-06-23T00:00:00+03:00;bitrix-backup://2026-06-23/element/3040;3040;1;legacy_public_price_direct_bitrix
bitrix:3041;legacy_site;203.5;BYN;2026-06-23T00:00:00+03:00;bitrix-backup://2026-06-23/element/3041;3041;1;legacy_public_price_direct_bitrix
bitrix:3042;legacy_site;248;BYN;2026-06-23T00:00:00+03:00;bitrix-backup://2026-06-23/element/3042;3042;1;legacy_public_price_direct_bitrix
bitrix:3043;legacy_site;240.5;BYN;2026-06-23T00:00:00+03:00;bitrix-backup://2026-06-23/element/3043;3043;1;legacy_public_price_direct_bitrix
bitrix:3044;legacy_site;689;BYN;2026-06-23T00:00:00+03:00;bitrix-backup://2026-06-23/element/3044;3044;1;legacy_public_price_direct_bitrix
bitrix:3048;legacy_site;278.5;BYN;2026-06-23T00:00:00+03:00;bitrix-backup://2026-06-23/element/3048;3048;1;legacy_public_price_direct_bitrix
bitrix:3050;legacy_site;355.5;BYN;2026-06-23T00:00:00+03:00;bitrix-backup://2026-06-23/element/3050;3050;1;legacy_public_price_direct_bitrix
bitrix:3051;legacy_site;515;BYN;2026-06-23T00:00:00+03:00;bitrix-backup://2026-06-23/element/3051;3051;1;legacy_public_price_direct_bitrix
bitrix:3052;legacy_site;565;BYN;2026-06-23T00:00:00+03:00;bitrix-backup://2026-06-23/element/3052;3052;1;legacy_public_price_direct_bitrix
bitrix:3054;legacy_site;237;BYN;2026-06-23T00:00:00+03:00;bitrix-backup://2026-06-23/element/3054;3054;1;legacy_public_price_direct_bitrix
bitrix:3055;legacy_site;229.5;BYN;2026-06-23T00:00:00+03:00;bitrix-backup://2026-06-23/element/3055;3055;1;legacy_public_price_direct_bitrix
bitrix:3056;legacy_site;266;BYN;2026-06-23T00:00:00+03:00;bitrix-backup://2026-06-23/element/3056;3056;1;legacy_public_price_direct_bitrix
bitrix:3057;legacy_site;678;BYN;2026-06-23T00:00:00+03:00;bitrix-backup://2026-06-23/element/3057;3057;1;legacy_public_price_direct_bitrix
bitrix:3058;legacy_site;618;BYN;2026-06-23T00:00:00+03:00;bitrix-backup://2026-06-23/element/3058;3058;1;legacy_public_price_direct_bitrix
bitrix:3059;legacy_site;60;BYN;2026-06-23T00:00:00+03:00;bitrix-backup://2026-06-23/element/3059;3059;1;legacy_public_price_direct_bitrix
bitrix:3060;legacy_site;43;BYN;2026-06-23T00:00:00+03:00;bitrix-backup://2026-06-23/element/3060;3060;1;legacy_public_price_direct_bitrix
bitrix:3062;legacy_site;45;BYN;2026-06-23T00:00:00+03:00;bitrix-backup://2026-06-23/element/3062;3062;1;legacy_public_price_direct_bitrix
bitrix:3065;legacy_site;49;BYN;2026-06-23T00:00:00+03:00;bitrix-backup://2026-06-23/element/3065;3065;1;legacy_public_price_direct_bitrix
bitrix:3067;legacy_site;22;BYN;2026-06-23T00:00:00+03:00;bitrix-backup://2026-06-23/element/3067;3067;1;legacy_public_price_direct_bitrix
bitrix:3068;legacy_site;24;BYN;2026-06-23T00:00:00+03:00;bitrix-backup://2026-06-23/element/3068;3068;1;legacy_public_price_direct_bitrix
bitrix:3069;legacy_site;43;BYN;2026-06-23T00:00:00+03:00;bitrix-backup://2026-06-23/element/3069;3069;1;legacy_public_price_direct_bitrix
bitrix:3070;legacy_site;34;BYN;2026-06-23T00:00:00+03:00;bitrix-backup://2026-06-23/element/3070;3070;1;legacy_public_price_direct_bitrix
bitrix:3071;legacy_site;99.5;BYN;2026-06-23T00:00:00+03:00;bitrix-backup://2026-06-23/element/3071;3071;1;legacy_public_price_direct_bitrix
bitrix:3072;legacy_site;31;BYN;2026-06-23T00:00:00+03:00;bitrix-backup://2026-06-23/element/3072;3072;1;legacy_public_price_direct_bitrix
bitrix:3074;legacy_site;32;BYN;2026-06-23T00:00:00+03:00;bitrix-backup://2026-06-23/element/3074;3074;1;legacy_public_price_direct_bitrix
bitrix:3077;legacy_site;55;BYN;2026-06-23T00:00:00+03:00;bitrix-backup://2026-06-23/element/3077;3077;1;legacy_public_price_direct_bitrix
bitrix:3078;legacy_site;279;BYN;2026-06-23T00:00:00+03:00;bitrix-backup://2026-06-23/element/3078;3078;1;legacy_public_price_direct_bitrix
bitrix:3079;legacy_site;745;BYN;2026-06-23T00:00:00+03:00;bitrix-backup://2026-06-23/element/3079;3079;1;legacy_public_price_direct_bitrix
bitrix:3080;legacy_site;249.5;BYN;2026-06-23T00:00:00+03:00;bitrix-backup://2026-06-23/element/3080;3080;1;legacy_public_price_direct_bitrix
bitrix:3081;legacy_site;624.95;BYN;2026-06-23T00:00:00+03:00;bitrix-backup://2026-06-23/element/3081;3081;1;legacy_public_price_direct_bitrix
bitrix:3082;legacy_site;683.38;BYN;2026-06-23T00:00:00+03:00;bitrix-backup://2026-06-23/element/3082;3082;1;legacy_public_price_direct_bitrix
bitrix:3084;legacy_site;645.27;BYN;2026-06-23T00:00:00+03:00;bitrix-backup://2026-06-23/element/3084;3084;1;legacy_public_price_direct_bitrix
bitrix:3085;legacy_site;361;BYN;2026-06-23T00:00:00+03:00;bitrix-backup://2026-06-23/element/3085;3085;1;legacy_public_price_direct_bitrix
bitrix:3086;legacy_site;765;BYN;2026-06-23T00:00:00+03:00;bitrix-backup://2026-06-23/element/3086;3086;1;legacy_public_price_direct_bitrix
bitrix:3087;legacy_site;678;BYN;2026-06-23T00:00:00+03:00;bitrix-backup://2026-06-23/element/3087;3087;1;legacy_public_price_direct_bitrix
bitrix:3090;legacy_site;329;BYN;2026-06-23T00:00:00+03:00;bitrix-backup://2026-06-23/element/3090;3090;1;legacy_public_price_direct_bitrix
bitrix:3092;legacy_site;248;BYN;2026-06-23T00:00:00+03:00;bitrix-backup://2026-06-23/element/3092;3092;1;legacy_public_price_direct_bitrix
bitrix:3094;legacy_site;695;BYN;2026-06-23T00:00:00+03:00;bitrix-backup://2026-06-23/element/3094;3094;1;legacy_public_price_direct_bitrix
bitrix:3096;legacy_site;266.5;BYN;2026-06-23T00:00:00+03:00;bitrix-backup://2026-06-23/element/3096;3096;1;legacy_public_price_direct_bitrix
bitrix:3097;legacy_site;312.5;BYN;2026-06-23T00:00:00+03:00;bitrix-backup://2026-06-23/element/3097;3097;1;legacy_public_price_direct_bitrix
bitrix:3098;legacy_site;334;BYN;2026-06-23T00:00:00+03:00;bitrix-backup://2026-06-23/element/3098;3098;1;legacy_public_price_direct_bitrix
bitrix:3099;legacy_site;384;BYN;2026-06-23T00:00:00+03:00;bitrix-backup://2026-06-23/element/3099;3099;1;legacy_public_price_direct_bitrix
bitrix:3100;legacy_site;612.25;BYN;2026-06-23T00:00:00+03:00;bitrix-backup://2026-06-23/element/3100;3100;1;legacy_public_price_direct_bitrix
bitrix:3101;legacy_site;292.5;BYN;2026-06-23T00:00:00+03:00;bitrix-backup://2026-06-23/element/3101;3101;1;legacy_public_price_direct_bitrix
bitrix:3102;legacy_site;338;BYN;2026-06-23T00:00:00+03:00;bitrix-backup://2026-06-23/element/3102;3102;1;legacy_public_price_direct_bitrix
bitrix:3103;legacy_site;302;BYN;2026-06-23T00:00:00+03:00;bitrix-backup://2026-06-23/element/3103;3103;1;legacy_public_price_direct_bitrix
bitrix:3105;legacy_site;706;BYN;2026-06-23T00:00:00+03:00;bitrix-backup://2026-06-23/element/3105;3105;1;legacy_public_price_direct_bitrix
bitrix:3106;legacy_site;623;BYN;2026-06-23T00:00:00+03:00;bitrix-backup://2026-06-23/element/3106;3106;1;legacy_public_price_direct_bitrix
bitrix:3108;legacy_site;87;BYN;2026-06-23T00:00:00+03:00;bitrix-backup://2026-06-23/element/3108;3108;1;legacy_public_price_direct_bitrix
bitrix:3110;legacy_site;60;BYN;2026-06-23T00:00:00+03:00;bitrix-backup://2026-06-23/element/3110;3110;1;legacy_public_price_direct_bitrix
bitrix:3111;legacy_site;64;BYN;2026-06-23T00:00:00+03:00;bitrix-backup://2026-06-23/element/3111;3111;1;legacy_public_price_direct_bitrix
bitrix:3116;legacy_site;79.5;BYN;2026-06-23T00:00:00+03:00;bitrix-backup://2026-06-23/element/3116;3116;1;legacy_public_price_direct_bitrix
bitrix:3117;legacy_site;368;BYN;2026-06-23T00:00:00+03:00;bitrix-backup://2026-06-23/element/3117;3117;1;legacy_public_price_direct_bitrix
bitrix:3119;legacy_site;510;BYN;2026-06-23T00:00:00+03:00;bitrix-backup://2026-06-23/element/3119;3119;1;legacy_public_price_direct_bitrix
bitrix:3120;legacy_site;298;BYN;2026-06-23T00:00:00+03:00;bitrix-backup://2026-06-23/element/3120;3120;1;legacy_public_price_direct_bitrix
bitrix:3121;legacy_site;149;BYN;2026-06-23T00:00:00+03:00;bitrix-backup://2026-06-23/element/3121;3121;1;legacy_public_price_direct_bitrix
bitrix:3123;legacy_site;654;BYN;2026-06-23T00:00:00+03:00;bitrix-backup://2026-06-23/element/3123;3123;1;legacy_public_price_direct_bitrix
bitrix:3124;legacy_site;661;BYN;2026-06-23T00:00:00+03:00;bitrix-backup://2026-06-23/element/3124;3124;1;legacy_public_price_direct_bitrix
bitrix:3125;legacy_site;1063;BYN;2026-06-23T00:00:00+03:00;bitrix-backup://2026-06-23/element/3125;3125;1;legacy_public_price_direct_bitrix
bitrix:3126;legacy_site;1063;BYN;2026-06-23T00:00:00+03:00;bitrix-backup://2026-06-23/element/3126;3126;1;legacy_public_price_direct_bitrix
bitrix:3129;legacy_site;386;BYN;2026-06-23T00:00:00+03:00;bitrix-backup://2026-06-23/element/3129;3129;1;legacy_public_price_direct_bitrix
bitrix:3132;legacy_site;653;BYN;2026-06-23T00:00:00+03:00;bitrix-backup://2026-06-23/element/3132;3132;1;legacy_public_price_direct_bitrix
bitrix:3133;legacy_site;555;BYN;2026-06-23T00:00:00+03:00;bitrix-backup://2026-06-23/element/3133;3133;1;legacy_public_price_direct_bitrix
bitrix:3134;legacy_site;289.5;BYN;2026-06-23T00:00:00+03:00;bitrix-backup://2026-06-23/element/3134;3134;1;legacy_public_price_direct_bitrix
bitrix:3135;legacy_site;290.5;BYN;2026-06-23T00:00:00+03:00;bitrix-backup://2026-06-23/element/3135;3135;1;legacy_public_price_direct_bitrix
bitrix:3136;legacy_site;343;BYN;2026-06-23T00:00:00+03:00;bitrix-backup://2026-06-23/element/3136;3136;1;legacy_public_price_direct_bitrix
bitrix:3137;legacy_site;384;BYN;2026-06-23T00:00:00+03:00;bitrix-backup://2026-06-23/element/3137;3137;1;legacy_public_price_direct_bitrix
bitrix:3138;legacy_site;414;BYN;2026-06-23T00:00:00+03:00;bitrix-backup://2026-06-23/element/3138;3138;1;legacy_public_price_direct_bitrix
bitrix:3140;legacy_site;278;BYN;2026-06-23T00:00:00+03:00;bitrix-backup://2026-06-23/element/3140;3140;1;legacy_public_price_direct_bitrix
bitrix:3141;legacy_site;899;BYN;2026-06-23T00:00:00+03:00;bitrix-backup://2026-06-23/element/3141;3141;1;legacy_public_price_direct_bitrix
bitrix:3142;legacy_site;796;BYN;2026-06-23T00:00:00+03:00;bitrix-backup://2026-06-23/element/3142;3142;1;legacy_public_price_direct_bitrix
bitrix:3143;legacy_site;742;BYN;2026-06-23T00:00:00+03:00;bitrix-backup://2026-06-23/element/3143;3143;1;legacy_public_price_direct_bitrix
bitrix:3144;legacy_site;731;BYN;2026-06-23T00:00:00+03:00;bitrix-backup://2026-06-23/element/3144;3144;1;legacy_public_price_direct_bitrix
bitrix:3145;legacy_site;354.5;BYN;2026-06-23T00:00:00+03:00;bitrix-backup://2026-06-23/element/3145;3145;1;legacy_public_price_direct_bitrix
bitrix:3146;legacy_site;599.5;BYN;2026-06-23T00:00:00+03:00;bitrix-backup://2026-06-23/element/3146;3146;1;legacy_public_price_direct_bitrix
bitrix:3147;legacy_site;732;BYN;2026-06-23T00:00:00+03:00;bitrix-backup://2026-06-23/element/3147;3147;1;legacy_public_price_direct_bitrix
bitrix:3148;legacy_site;361.5;BYN;2026-06-23T00:00:00+03:00;bitrix-backup://2026-06-23/element/3148;3148;1;legacy_public_price_direct_bitrix
bitrix:3149;legacy_site;471.5;BYN;2026-06-23T00:00:00+03:00;bitrix-backup://2026-06-23/element/3149;3149;1;legacy_public_price_direct_bitrix
bitrix:3150;legacy_site;648;BYN;2026-06-23T00:00:00+03:00;bitrix-backup://2026-06-23/element/3150;3150;1;legacy_public_price_direct_bitrix
bitrix:3152;legacy_site;650;BYN;2026-06-23T00:00:00+03:00;bitrix-backup://2026-06-23/element/3152;3152;1;legacy_public_price_direct_bitrix
bitrix:3154;legacy_site;80;BYN;2026-06-23T00:00:00+03:00;bitrix-backup://2026-06-23/element/3154;3154;1;legacy_public_price_direct_bitrix
bitrix:3157;legacy_site;62;BYN;2026-06-23T00:00:00+03:00;bitrix-backup://2026-06-23/element/3157;3157;1;legacy_public_price_direct_bitrix
bitrix:3158;legacy_site;18.5;BYN;2026-06-23T00:00:00+03:00;bitrix-backup://2026-06-23/element/3158;3158;1;legacy_public_price_direct_bitrix
bitrix:3159;legacy_site;18.5;BYN;2026-06-23T00:00:00+03:00;bitrix-backup://2026-06-23/element/3159;3159;1;legacy_public_price_direct_bitrix
bitrix:3160;legacy_site;38.6;BYN;2026-06-23T00:00:00+03:00;bitrix-backup://2026-06-23/element/3160;3160;1;legacy_public_price_direct_bitrix
bitrix:3161;legacy_site;19;BYN;2026-06-23T00:00:00+03:00;bitrix-backup://2026-06-23/element/3161;3161;1;legacy_public_price_direct_bitrix
bitrix:3162;legacy_site;23;BYN;2026-06-23T00:00:00+03:00;bitrix-backup://2026-06-23/element/3162;3162;1;legacy_public_price_direct_bitrix
bitrix:3163;legacy_site;18;BYN;2026-06-23T00:00:00+03:00;bitrix-backup://2026-06-23/element/3163;3163;1;legacy_public_price_direct_bitrix
bitrix:3164;legacy_site;67;BYN;2026-06-23T00:00:00+03:00;bitrix-backup://2026-06-23/element/3164;3164;1;legacy_public_price_direct_bitrix
bitrix:3165;legacy_site;20;BYN;2026-06-23T00:00:00+03:00;bitrix-backup://2026-06-23/element/3165;3165;1;legacy_public_price_direct_bitrix
bitrix:3166;legacy_site;77.5;BYN;2026-06-23T00:00:00+03:00;bitrix-backup://2026-06-23/element/3166;3166;1;legacy_public_price_direct_bitrix
bitrix:3167;legacy_site;52;BYN;2026-06-23T00:00:00+03:00;bitrix-backup://2026-06-23/element/3167;3167;1;legacy_public_price_direct_bitrix
bitrix:3168;legacy_site;38.85;BYN;2026-06-23T00:00:00+03:00;bitrix-backup://2026-06-23/element/3168;3168;1;legacy_public_price_direct_bitrix
bitrix:3174;legacy_site;51;BYN;2026-06-23T00:00:00+03:00;bitrix-backup://2026-06-23/element/3174;3174;1;legacy_public_price_direct_bitrix
bitrix:3176;legacy_site;32;BYN;2026-06-23T00:00:00+03:00;bitrix-backup://2026-06-23/element/3176;3176;1;legacy_public_price_direct_bitrix
bitrix:3177;legacy_site;59;BYN;2026-06-23T00:00:00+03:00;bitrix-backup://2026-06-23/element/3177;3177;1;legacy_public_price_direct_bitrix
bitrix:3178;legacy_site;63;BYN;2026-06-23T00:00:00+03:00;bitrix-backup://2026-06-23/element/3178;3178;1;legacy_public_price_direct_bitrix
bitrix:3179;legacy_site;64;BYN;2026-06-23T00:00:00+03:00;bitrix-backup://2026-06-23/element/3179;3179;1;legacy_public_price_direct_bitrix
bitrix:3180;legacy_site;62;BYN;2026-06-23T00:00:00+03:00;bitrix-backup://2026-06-23/element/3180;3180;1;legacy_public_price_direct_bitrix
bitrix:3182;legacy_site;25.5;BYN;2026-06-23T00:00:00+03:00;bitrix-backup://2026-06-23/element/3182;3182;1;legacy_public_price_direct_bitrix
bitrix:3183;legacy_site;27.5;BYN;2026-06-23T00:00:00+03:00;bitrix-backup://2026-06-23/element/3183;3183;1;legacy_public_price_direct_bitrix
bitrix:3184;legacy_site;37.5;BYN;2026-06-23T00:00:00+03:00;bitrix-backup://2026-06-23/element/3184;3184;1;legacy_public_price_direct_bitrix
bitrix:3185;legacy_site;41;BYN;2026-06-23T00:00:00+03:00;bitrix-backup://2026-06-23/element/3185;3185;1;legacy_public_price_direct_bitrix
bitrix:3189;legacy_site;42.5;BYN;2026-06-23T00:00:00+03:00;bitrix-backup://2026-06-23/element/3189;3189;1;legacy_public_price_direct_bitrix
bitrix:3190;legacy_site;42.5;BYN;2026-06-23T00:00:00+03:00;bitrix-backup://2026-06-23/element/3190;3190;1;legacy_public_price_direct_bitrix
bitrix:3191;legacy_site;56;BYN;2026-06-23T00:00:00+03:00;bitrix-backup://2026-06-23/element/3191;3191;1;legacy_public_price_direct_bitrix
bitrix:3194;legacy_site;34;BYN;2026-06-23T00:00:00+03:00;bitrix-backup://2026-06-23/element/3194;3194;1;legacy_public_price_direct_bitrix
bitrix:3195;legacy_site;18;BYN;2026-06-23T00:00:00+03:00;bitrix-backup://2026-06-23/element/3195;3195;1;legacy_public_price_direct_bitrix
bitrix:3196;legacy_site;41;BYN;2026-06-23T00:00:00+03:00;bitrix-backup://2026-06-23/element/3196;3196;1;legacy_public_price_direct_bitrix
bitrix:3199;legacy_site;896;BYN;2026-06-23T00:00:00+03:00;bitrix-backup://2026-06-23/element/3199;3199;1;legacy_public_price_direct_bitrix
bitrix:3200;legacy_site;968;BYN;2026-06-23T00:00:00+03:00;bitrix-backup://2026-06-23/element/3200;3200;1;legacy_public_price_direct_bitrix
bitrix:3201;legacy_site;350;BYN;2026-06-23T00:00:00+03:00;bitrix-backup://2026-06-23/element/3201;3201;1;legacy_public_price_direct_bitrix
bitrix:3203;legacy_site;769;BYN;2026-06-23T00:00:00+03:00;bitrix-backup://2026-06-23/element/3203;3203;1;legacy_public_price_direct_bitrix
bitrix:3204;legacy_site;653;BYN;2026-06-23T00:00:00+03:00;bitrix-backup://2026-06-23/element/3204;3204;1;legacy_public_price_direct_bitrix
bitrix:3206;legacy_site;955;BYN;2026-06-23T00:00:00+03:00;bitrix-backup://2026-06-23/element/3206;3206;1;legacy_public_price_direct_bitrix
bitrix:3207;legacy_site;890.7;BYN;2026-06-23T00:00:00+03:00;bitrix-backup://2026-06-23/element/3207;3207;1;legacy_public_price_direct_bitrix
bitrix:3208;legacy_site;960.5;BYN;2026-06-23T00:00:00+03:00;bitrix-backup://2026-06-23/element/3208;3208;1;legacy_public_price_direct_bitrix
bitrix:3209;legacy_site;632.5;BYN;2026-06-23T00:00:00+03:00;bitrix-backup://2026-06-23/element/3209;3209;1;legacy_public_price_direct_bitrix
bitrix:3210;legacy_site;652;BYN;2026-06-23T00:00:00+03:00;bitrix-backup://2026-06-23/element/3210;3210;1;legacy_public_price_direct_bitrix
bitrix:3211;legacy_site;748;BYN;2026-06-23T00:00:00+03:00;bitrix-backup://2026-06-23/element/3211;3211;1;legacy_public_price_direct_bitrix
bitrix:3212;legacy_site;445;BYN;2026-06-23T00:00:00+03:00;bitrix-backup://2026-06-23/element/3212;3212;1;legacy_public_price_direct_bitrix
bitrix:3213;legacy_site;495;BYN;2026-06-23T00:00:00+03:00;bitrix-backup://2026-06-23/element/3213;3213;1;legacy_public_price_direct_bitrix
bitrix:3214;legacy_site;380;BYN;2026-06-23T00:00:00+03:00;bitrix-backup://2026-06-23/element/3214;3214;1;legacy_public_price_direct_bitrix
bitrix:3215;legacy_site;568;BYN;2026-06-23T00:00:00+03:00;bitrix-backup://2026-06-23/element/3215;3215;1;legacy_public_price_direct_bitrix
bitrix:3217;legacy_site;897;BYN;2026-06-23T00:00:00+03:00;bitrix-backup://2026-06-23/element/3217;3217;1;legacy_public_price_direct_bitrix
bitrix:3218;legacy_site;386;BYN;2026-06-23T00:00:00+03:00;bitrix-backup://2026-06-23/element/3218;3218;1;legacy_public_price_direct_bitrix
bitrix:3219;legacy_site;439.5;BYN;2026-06-23T00:00:00+03:00;bitrix-backup://2026-06-23/element/3219;3219;1;legacy_public_price_direct_bitrix
bitrix:3220;legacy_site;445;BYN;2026-06-23T00:00:00+03:00;bitrix-backup://2026-06-23/element/3220;3220;1;legacy_public_price_direct_bitrix
bitrix:3221;legacy_site;418;BYN;2026-06-23T00:00:00+03:00;bitrix-backup://2026-06-23/element/3221;3221;1;legacy_public_price_direct_bitrix
bitrix:3222;legacy_site;585;BYN;2026-06-23T00:00:00+03:00;bitrix-backup://2026-06-23/element/3222;3222;1;legacy_public_price_direct_bitrix
bitrix:3223;legacy_site;1325;BYN;2026-06-23T00:00:00+03:00;bitrix-backup://2026-06-23/element/3223;3223;1;legacy_public_price_direct_bitrix
bitrix:3224;legacy_site;366;BYN;2026-06-23T00:00:00+03:00;bitrix-backup://2026-06-23/element/3224;3224;1;legacy_public_price_direct_bitrix
bitrix:3225;legacy_site;382;BYN;2026-06-23T00:00:00+03:00;bitrix-backup://2026-06-23/element/3225;3225;1;legacy_public_price_direct_bitrix
bitrix:3226;legacy_site;391;BYN;2026-06-23T00:00:00+03:00;bitrix-backup://2026-06-23/element/3226;3226;1;legacy_public_price_direct_bitrix
bitrix:3227;legacy_site;573;BYN;2026-06-23T00:00:00+03:00;bitrix-backup://2026-06-23/element/3227;3227;1;legacy_public_price_direct_bitrix
bitrix:3228;legacy_site;796;BYN;2026-06-23T00:00:00+03:00;bitrix-backup://2026-06-23/element/3228;3228;1;legacy_public_price_direct_bitrix
bitrix:3229;legacy_site;689;BYN;2026-06-23T00:00:00+03:00;bitrix-backup://2026-06-23/element/3229;3229;1;legacy_public_price_direct_bitrix
bitrix:3232;legacy_site;60.5;BYN;2026-06-23T00:00:00+03:00;bitrix-backup://2026-06-23/element/3232;3232;1;legacy_public_price_direct_bitrix
bitrix:3233;legacy_site;69;BYN;2026-06-23T00:00:00+03:00;bitrix-backup://2026-06-23/element/3233;3233;1;legacy_public_price_direct_bitrix
bitrix:3234;legacy_site;112;BYN;2026-06-23T00:00:00+03:00;bitrix-backup://2026-06-23/element/3234;3234;1;legacy_public_price_direct_bitrix
bitrix:3236;legacy_site;79;BYN;2026-06-23T00:00:00+03:00;bitrix-backup://2026-06-23/element/3236;3236;1;legacy_public_price_direct_bitrix
bitrix:3237;legacy_site;410;BYN;2026-06-23T00:00:00+03:00;bitrix-backup://2026-06-23/element/3237;3237;1;legacy_public_price_direct_bitrix
bitrix:3238;legacy_site;499;BYN;2026-06-23T00:00:00+03:00;bitrix-backup://2026-06-23/element/3238;3238;1;legacy_public_price_direct_bitrix
bitrix:3239;legacy_site;418;BYN;2026-06-23T00:00:00+03:00;bitrix-backup://2026-06-23/element/3239;3239;1;legacy_public_price_direct_bitrix
bitrix:3241;legacy_site;986;BYN;2026-06-23T00:00:00+03:00;bitrix-backup://2026-06-23/element/3241;3241;1;legacy_public_price_direct_bitrix
bitrix:3242;legacy_site;744;BYN;2026-06-23T00:00:00+03:00;bitrix-backup://2026-06-23/element/3242;3242;1;legacy_public_price_direct_bitrix
bitrix:3243;legacy_site;492;BYN;2026-06-23T00:00:00+03:00;bitrix-backup://2026-06-23/element/3243;3243;1;legacy_public_price_direct_bitrix
bitrix:3244;legacy_site;542;BYN;2026-06-23T00:00:00+03:00;bitrix-backup://2026-06-23/element/3244;3244;1;legacy_public_price_direct_bitrix
bitrix:3248;legacy_site;958;BYN;2026-06-23T00:00:00+03:00;bitrix-backup://2026-06-23/element/3248;3248;1;legacy_public_price_direct_bitrix
bitrix:3249;legacy_site;1180;BYN;2026-06-23T00:00:00+03:00;bitrix-backup://2026-06-23/element/3249;3249;1;legacy_public_price_direct_bitrix
bitrix:3250;legacy_site;846;BYN;2026-06-23T00:00:00+03:00;bitrix-backup://2026-06-23/element/3250;3250;1;legacy_public_price_direct_bitrix
bitrix:3251;legacy_site;831;BYN;2026-06-23T00:00:00+03:00;bitrix-backup://2026-06-23/element/3251;3251;1;legacy_public_price_direct_bitrix
bitrix:3252;legacy_site;710;BYN;2026-06-23T00:00:00+03:00;bitrix-backup://2026-06-23/element/3252;3252;1;legacy_public_price_direct_bitrix
bitrix:3254;legacy_site;1030;BYN;2026-06-23T00:00:00+03:00;bitrix-backup://2026-06-23/element/3254;3254;1;legacy_public_price_direct_bitrix
bitrix:3255;legacy_site;750;BYN;2026-06-23T00:00:00+03:00;bitrix-backup://2026-06-23/element/3255;3255;1;legacy_public_price_direct_bitrix
bitrix:3256;legacy_site;733;BYN;2026-06-23T00:00:00+03:00;bitrix-backup://2026-06-23/element/3256;3256;1;legacy_public_price_direct_bitrix
bitrix:3259;legacy_site;90;BYN;2026-06-23T00:00:00+03:00;bitrix-backup://2026-06-23/element/3259;3259;1;legacy_public_price_direct_bitrix
bitrix:3260;legacy_site;92;BYN;2026-06-23T00:00:00+03:00;bitrix-backup://2026-06-23/element/3260;3260;1;legacy_public_price_direct_bitrix
bitrix:3261;legacy_site;51;BYN;2026-06-23T00:00:00+03:00;bitrix-backup://2026-06-23/element/3261;3261;1;legacy_public_price_direct_bitrix
bitrix:3262;legacy_site;65;BYN;2026-06-23T00:00:00+03:00;bitrix-backup://2026-06-23/element/3262;3262;1;legacy_public_price_direct_bitrix
bitrix:3263;legacy_site;69;BYN;2026-06-23T00:00:00+03:00;bitrix-backup://2026-06-23/element/3263;3263;1;legacy_public_price_direct_bitrix
bitrix:3265;legacy_site;60;BYN;2026-06-23T00:00:00+03:00;bitrix-backup://2026-06-23/element/3265;3265;1;legacy_public_price_direct_bitrix
bitrix:3267;legacy_site;114;BYN;2026-06-23T00:00:00+03:00;bitrix-backup://2026-06-23/element/3267;3267;1;legacy_public_price_direct_bitrix
bitrix:3268;legacy_site;32.5;BYN;2026-06-23T00:00:00+03:00;bitrix-backup://2026-06-23/element/3268;3268;1;legacy_public_price_direct_bitrix
bitrix:3269;legacy_site;35.5;BYN;2026-06-23T00:00:00+03:00;bitrix-backup://2026-06-23/element/3269;3269;1;legacy_public_price_direct_bitrix
bitrix:3270;legacy_site;65.5;BYN;2026-06-23T00:00:00+03:00;bitrix-backup://2026-06-23/element/3270;3270;1;legacy_public_price_direct_bitrix
bitrix:3271;legacy_site;42.5;BYN;2026-06-23T00:00:00+03:00;bitrix-backup://2026-06-23/element/3271;3271;1;legacy_public_price_direct_bitrix
bitrix:3272;legacy_site;65.5;BYN;2026-06-23T00:00:00+03:00;bitrix-backup://2026-06-23/element/3272;3272;1;legacy_public_price_direct_bitrix
bitrix:3274;legacy_site;549;BYN;2026-06-23T00:00:00+03:00;bitrix-backup://2026-06-23/element/3274;3274;1;legacy_public_price_direct_bitrix
bitrix:3275;legacy_site;550;BYN;2026-06-23T00:00:00+03:00;bitrix-backup://2026-06-23/element/3275;3275;1;legacy_public_price_direct_bitrix
bitrix:3276;legacy_site;420;BYN;2026-06-23T00:00:00+03:00;bitrix-backup://2026-06-23/element/3276;3276;1;legacy_public_price_direct_bitrix
bitrix:3277;legacy_site;1590;BYN;2026-06-23T00:00:00+03:00;bitrix-backup://2026-06-23/element/3277;3277;1;legacy_public_price_direct_bitrix
bitrix:3278;legacy_site;448;BYN;2026-06-23T00:00:00+03:00;bitrix-backup://2026-06-23/element/3278;3278;1;legacy_public_price_direct_bitrix
bitrix:3283;legacy_site;1045;BYN;2026-06-23T00:00:00+03:00;bitrix-backup://2026-06-23/element/3283;3283;1;legacy_public_price_direct_bitrix
bitrix:3284;legacy_site;1096;BYN;2026-06-23T00:00:00+03:00;bitrix-backup://2026-06-23/element/3284;3284;1;legacy_public_price_direct_bitrix
bitrix:3285;legacy_site;930;BYN;2026-06-23T00:00:00+03:00;bitrix-backup://2026-06-23/element/3285;3285;1;legacy_public_price_direct_bitrix
bitrix:3286;legacy_site;651;BYN;2026-06-23T00:00:00+03:00;bitrix-backup://2026-06-23/element/3286;3286;1;legacy_public_price_direct_bitrix
bitrix:3287;legacy_site;664.5;BYN;2026-06-23T00:00:00+03:00;bitrix-backup://2026-06-23/element/3287;3287;1;legacy_public_price_direct_bitrix
bitrix:3288;legacy_site;448.5;BYN;2026-06-23T00:00:00+03:00;bitrix-backup://2026-06-23/element/3288;3288;1;legacy_public_price_direct_bitrix
bitrix:3289;legacy_site;1116;BYN;2026-06-23T00:00:00+03:00;bitrix-backup://2026-06-23/element/3289;3289;1;legacy_public_price_direct_bitrix
bitrix:3291;legacy_site;1132;BYN;2026-06-23T00:00:00+03:00;bitrix-backup://2026-06-23/element/3291;3291;1;legacy_public_price_direct_bitrix
bitrix:3293;legacy_site;1147;BYN;2026-06-23T00:00:00+03:00;bitrix-backup://2026-06-23/element/3293;3293;1;legacy_public_price_direct_bitrix
bitrix:4729;legacy_site;1365;BYN;2026-06-23T00:00:00+03:00;bitrix-backup://2026-06-23/element/4729;4729;1;legacy_public_price_direct_bitrix
bitrix:741;legacy_site;38;BYN;2026-06-23T00:00:00+03:00;bitrix-backup://2026-06-23/element/741;741;1;legacy_public_price_direct_bitrix
bitrix:849;legacy_site;1198;BYN;2026-06-23T00:00:00+03:00;bitrix-backup://2026-06-23/element/849;849;1;legacy_public_price_direct_bitrix
bitrix:853;legacy_site;1263;BYN;2026-06-23T00:00:00+03:00;bitrix-backup://2026-06-23/element/853;853;1;legacy_public_price_direct_bitrix
bitrix:858;legacy_site;2228;BYN;2026-06-23T00:00:00+03:00;bitrix-backup://2026-06-23/element/858;858;1;legacy_public_price_direct_bitrix
bitrix:876;legacy_site;43651;BYN;2026-06-23T00:00:00+03:00;bitrix-backup://2026-06-23/element/876;876;1;legacy_public_price_direct_bitrix
bitrix:877;legacy_site;43471;BYN;2026-06-23T00:00:00+03:00;bitrix-backup://2026-06-23/element/877;877;1;legacy_public_price_direct_bitrix
bitrix:882;legacy_site;43727;BYN;2026-06-23T00:00:00+03:00;bitrix-backup://2026-06-23/element/882;882;1;legacy_public_price_direct_bitrix
bitrix:884;legacy_site;41.57;BYN;2026-06-23T00:00:00+03:00;bitrix-backup://2026-06-23/element/884;884;1;legacy_public_price_direct_bitrix
bitrix:885;legacy_site;63.08;BYN;2026-06-23T00:00:00+03:00;bitrix-backup://2026-06-23/element/885;885;1;legacy_public_price_direct_bitrix
bitrix:886;legacy_site;43528;BYN;2026-06-23T00:00:00+03:00;bitrix-backup://2026-06-23/element/886;886;1;legacy_public_price_direct_bitrix
bitrix:887;legacy_site;77.64;BYN;2026-06-23T00:00:00+03:00;bitrix-backup://2026-06-23/element/887;887;1;legacy_public_price_direct_bitrix
bitrix:888;legacy_site;43591;BYN;2026-06-23T00:00:00+03:00;bitrix-backup://2026-06-23/element/888;888;1;legacy_public_price_direct_bitrix
bitrix:889;legacy_site;43593;BYN;2026-06-23T00:00:00+03:00;bitrix-backup://2026-06-23/element/889;889;1;legacy_public_price_direct_bitrix
bitrix:890;legacy_site;43624;BYN;2026-06-23T00:00:00+03:00;bitrix-backup://2026-06-23/element/890;890;1;legacy_public_price_direct_bitrix
bitrix:891;legacy_site;12;BYN;2026-06-23T00:00:00+03:00;bitrix-backup://2026-06-23/element/891;891;1;legacy_public_price_direct_bitrix
bitrix:892;legacy_site;11;BYN;2026-06-23T00:00:00+03:00;bitrix-backup://2026-06-23/element/892;892;1;legacy_public_price_direct_bitrix
bitrix:893;legacy_site;14;BYN;2026-06-23T00:00:00+03:00;bitrix-backup://2026-06-23/element/893;893;1;legacy_public_price_direct_bitrix
bitrix:900;legacy_site;43680;BYN;2026-06-23T00:00:00+03:00;bitrix-backup://2026-06-23/element/900;900;1;legacy_public_price_direct_bitrix
КА-00001147;legacy_site;15;BYN;2026-06-23T00:00:00+03:00;bitrix-backup://2026-06-23/element/1556;1556;1;legacy_public_price
КА-00001752;legacy_site;26.8;BYN;2026-06-23T00:00:00+03:00;bitrix-backup://2026-06-23/element/1797;1797;1;legacy_public_price
КА-00001967;legacy_site;91;BYN;2026-06-23T00:00:00+03:00;bitrix-backup://2026-06-23/element/1520;1520;1;legacy_public_price
КА-00002003;legacy_site;1388;BYN;2026-06-23T00:00:00+03:00;bitrix-backup://2026-06-23/element/2752;2752;1;legacy_public_price
КА-00002048;legacy_site;38;BYN;2026-06-23T00:00:00+03:00;bitrix-backup://2026-06-23/element/1628;1628;1;legacy_public_price
КА-00002368;legacy_site;70;BYN;2026-06-23T00:00:00+03:00;bitrix-backup://2026-06-23/element/24447;24447;1;legacy_public_price
КА-00002597;legacy_site;34;BYN;2026-06-23T00:00:00+03:00;bitrix-backup://2026-06-23/element/1615;1615;1;legacy_public_price
КА-00002695;legacy_site;20;BYN;2026-06-23T00:00:00+03:00;bitrix-backup://2026-06-23/element/1415;1415;1;legacy_public_price
КА-00002817;legacy_site;228;BYN;2026-06-23T00:00:00+03:00;bitrix-backup://2026-06-23/element/2971;2971;1;legacy_public_price
КА-00003136;legacy_site;19;BYN;2026-06-23T00:00:00+03:00;bitrix-backup://2026-06-23/element/1511;1511;1;legacy_public_price
КА-00003227;legacy_site;413;BYN;2026-06-23T00:00:00+03:00;bitrix-backup://2026-06-23/element/1632;1632;1;legacy_public_price
КА-00003228;legacy_site;777.5;BYN;2026-06-23T00:00:00+03:00;bitrix-backup://2026-06-23/element/1516;1516;1;legacy_public_price
КА-00003397;legacy_site;32.5;BYN;2026-06-23T00:00:00+03:00;bitrix-backup://2026-06-23/element/1457;1457;1;legacy_public_price
КА-00003442;legacy_site;13;BYN;2026-06-23T00:00:00+03:00;bitrix-backup://2026-06-23/element/1409;1409;1;legacy_public_price
КА-00003445;legacy_site;237;BYN;2026-06-23T00:00:00+03:00;bitrix-backup://2026-06-23/element/20129;20129;1;legacy_public_price
КА-00003468;legacy_site;181;BYN;2026-06-23T00:00:00+03:00;bitrix-backup://2026-06-23/element/2915;2915;1;legacy_public_price
КА-00003582;legacy_site;337;BYN;2026-06-23T00:00:00+03:00;bitrix-backup://2026-06-23/element/1590;1590;1;legacy_public_price
КА-00003696;legacy_site;1275;BYN;2026-06-23T00:00:00+03:00;bitrix-backup://2026-06-23/element/1563;1563;1;legacy_public_price
КА-00003766;legacy_site;60.3;BYN;2026-06-23T00:00:00+03:00;bitrix-backup://2026-06-23/element/20127;20127;1;legacy_public_price
КА-00003856;legacy_site;90;BYN;2026-06-23T00:00:00+03:00;bitrix-backup://2026-06-23/element/1614;1614;1;legacy_public_price
КА-00003889;legacy_site;642;BYN;2026-06-23T00:00:00+03:00;bitrix-backup://2026-06-23/element/1469;1469;1;legacy_public_price
КА-00004091;legacy_site;1094;BYN;2026-06-23T00:00:00+03:00;bitrix-backup://2026-06-23/element/1532;1532;1;legacy_public_price
КА-00004114;legacy_site;735;BYN;2026-06-23T00:00:00+03:00;bitrix-backup://2026-06-23/element/1430;1430;1;legacy_public_price
КА-00004142;legacy_site;624;BYN;2026-06-23T00:00:00+03:00;bitrix-backup://2026-06-23/element/3028;3028;1;legacy_public_price
КА-00004855;legacy_site;1245;BYN;2026-06-23T00:00:00+03:00;bitrix-backup://2026-06-23/element/1564;1564;1;legacy_public_price
КА-00005514;legacy_site;624;BYN;2026-06-23T00:00:00+03:00;bitrix-backup://2026-06-23/element/1439;1439;1;legacy_public_price
КА-00005523;legacy_site;225;BYN;2026-06-23T00:00:00+03:00;bitrix-backup://2026-06-23/element/1581;1581;1;legacy_public_price
КА-00005572;legacy_site;956;BYN;2026-06-23T00:00:00+03:00;bitrix-backup://2026-06-23/element/1515;1515;1;legacy_public_price
КА-00005764;legacy_site;12;BYN;2026-06-23T00:00:00+03:00;bitrix-backup://2026-06-23/element/1404;1404;1;legacy_public_price
КА-00005871;legacy_site;226.3;BYN;2026-06-23T00:00:00+03:00;bitrix-backup://2026-06-23/element/20162;20162;1;legacy_public_price
ФР-00000005;legacy_site;20;BYN;2026-06-23T00:00:00+03:00;bitrix-backup://2026-06-23/element/1401;1401;1;legacy_public_price
ФР-00000029;legacy_site;11;BYN;2026-06-23T00:00:00+03:00;bitrix-backup://2026-06-23/element/1417;1417;1;legacy_public_price
ФР-00000030;legacy_site;18;BYN;2026-06-23T00:00:00+03:00;bitrix-backup://2026-06-23/element/2955;2955;1;legacy_public_price
ФР-00000031;legacy_site;38;BYN;2026-06-23T00:00:00+03:00;bitrix-backup://2026-06-23/element/3155;3155;1;legacy_public_price
ФР-00000050;legacy_site;27;BYN;2026-06-23T00:00:00+03:00;bitrix-backup://2026-06-23/element/1548;1548;1;legacy_public_price
ФР-00000091;legacy_site;17;BYN;2026-06-23T00:00:00+03:00;bitrix-backup://2026-06-23/element/3005;3005;1;legacy_public_price
ФР-00000145;legacy_site;30;BYN;2026-06-23T00:00:00+03:00;bitrix-backup://2026-06-23/element/3003;3003;1;legacy_public_price
ФР-00000147;legacy_site;32;BYN;2026-06-23T00:00:00+03:00;bitrix-backup://2026-06-23/element/2951;2951;1;legacy_public_price
ФР-00000162;legacy_site;605.5;BYN;2026-06-23T00:00:00+03:00;bitrix-backup://2026-06-23/element/2768;2768;1;legacy_public_price
ФР-00000163;legacy_site;43.5;BYN;2026-06-23T00:00:00+03:00;bitrix-backup://2026-06-23/element/3273;3273;1;legacy_public_price
ФР-00000233;legacy_site;35;BYN;2026-06-23T00:00:00+03:00;bitrix-backup://2026-06-23/element/1476;1476;1;legacy_public_price
ФР-00000240;legacy_site;42;BYN;2026-06-23T00:00:00+03:00;bitrix-backup://2026-06-23/element/3264;3264;1;legacy_public_price
ФР-00000243;legacy_site;73;BYN;2026-06-23T00:00:00+03:00;bitrix-backup://2026-06-23/element/1475;1475;1;legacy_public_price
ФР-00000414;legacy_site;36;BYN;2026-06-23T00:00:00+03:00;bitrix-backup://2026-06-23/element/3156;3156;1;legacy_public_price
ФР-00000462;legacy_site;88;BYN;2026-06-23T00:00:00+03:00;bitrix-backup://2026-06-23/element/2854;2854;1;legacy_public_price
ФР-00000946;legacy_site;262;BYN;2026-06-23T00:00:00+03:00;bitrix-backup://2026-06-23/element/3029;3029;1;legacy_public_price
ФР-00001144;legacy_site;56;BYN;2026-06-23T00:00:00+03:00;bitrix-backup://2026-06-23/element/3192;3192;1;legacy_public_price
ФР-00001154;legacy_site;195;BYN;2026-06-23T00:00:00+03:00;bitrix-backup://2026-06-23/element/1692;1692;1;legacy_public_price
ФР-00001191;legacy_site;65;BYN;2026-06-23T00:00:00+03:00;bitrix-backup://2026-06-23/element/1642;1642;1;legacy_public_price
ФР-00001439;legacy_site;85;BYN;2026-06-23T00:00:00+03:00;bitrix-backup://2026-06-23/element/1488;1488;1;legacy_public_price
ФР-00001513;legacy_site;65.5;BYN;2026-06-23T00:00:00+03:00;bitrix-backup://2026-06-23/element/1542;1542;1;legacy_public_price
ФР-00001872;legacy_site;80;BYN;2026-06-23T00:00:00+03:00;bitrix-backup://2026-06-23/element/3257;3257;1;legacy_public_price
ФР-00002021;legacy_site;932;BYN;2026-06-23T00:00:00+03:00;bitrix-backup://2026-06-23/element/1504;1504;1;legacy_public_price
ФР-00002172;legacy_site;7;BYN;2026-06-23T00:00:00+03:00;bitrix-backup://2026-06-23/element/1400;1400;1;legacy_public_price
ФР-00002243;legacy_site;852;BYN;2026-06-23T00:00:00+03:00;bitrix-backup://2026-06-23/element/3205;3205;1;legacy_public_price
