Bitrix ID,Название,Раздел (путь),Ссылка на сайт,Ёмкость (из названия),Напряжение (из названия),Технология (из названия),Бренд? (кандидат),MPN? (кандидат),Цена BYN (бэкап 2026-06-23),Статус цены,В наличии (бэкап),🟥 1С-код (заполнить),🟥 SKU (заполнить)
11182,"Аккумулятор для 3GEN DermLite II, DermLite III, DermLite Pro (DL2B) 1150mAh",akkumulyatory/promyshlennye/dlya-meditsinskoy-tekhniki/3gen,https://microchips.by/catalog/akkumulyatory/promyshlennye/dlya-meditsinskoy-tekhniki/3gen/11182/,1150mAh,,,,,,нет данных в бэкапе,,,
11183,Аккумулятор для Abbott i-STAT 1 (06F23-55) 700mah,akkumulyatory/promyshlennye/dlya-meditsinskoy-tekhniki/abbott,https://microchips.by/catalog/akkumulyatory/promyshlennye/dlya-meditsinskoy-tekhniki/abbott/11183/,700mah,,,,,,нет данных в бэкапе,,,
11184,Аккумулятор для Abbott i-Stat 2000mAh,akkumulyatory/promyshlennye/dlya-meditsinskoy-tekhniki/abbott,https://microchips.by/catalog/akkumulyatory/promyshlennye/dlya-meditsinskoy-tekhniki/abbott/11184/,2000mAh,,,,,,нет данных в бэкапе,,,
11185,Аккумулятор для Acare Pulse oximeter AH-MX 1700mAh,akkumulyatory/promyshlennye/dlya-meditsinskoy-tekhniki/acare,https://microchips.by/catalog/akkumulyatory/promyshlennye/dlya-meditsinskoy-tekhniki/acare/11185/,1700mAh,,,,,,нет данных в бэкапе,,,
11186,Аккумулятор для Aeonmed A100p 2600mAh,akkumulyatory/promyshlennye/dlya-meditsinskoy-tekhniki/aeonmed,https://microchips.by/catalog/akkumulyatory/promyshlennye/dlya-meditsinskoy-tekhniki/aeonmed/11186/,2600mAh,,,,,,нет данных в бэкапе,,,
11187,Аккумулятор для Aeonmed shangrila 510 2000mAh,akkumulyatory/promyshlennye/dlya-meditsinskoy-tekhniki/aeonmed,https://microchips.by/catalog/akkumulyatory/promyshlennye/dlya-meditsinskoy-tekhniki/aeonmed/11187/,2000mAh,,,,,,нет данных в бэкапе,,,
11188,Аккумулятор для Aeonmed Solo 2000mAh,akkumulyatory/promyshlennye/dlya-meditsinskoy-tekhniki/aeonmed,https://microchips.by/catalog/akkumulyatory/promyshlennye/dlya-meditsinskoy-tekhniki/aeonmed/11188/,2000mAh,,,,,,нет данных в бэкапе,,,
11189,"Аккумулятор для Agilent 43100, 43130 (43120A) (2500mAh, 12V)",akkumulyatory/promyshlennye/dlya-meditsinskoy-tekhniki/agilent,https://microchips.by/catalog/akkumulyatory/promyshlennye/dlya-meditsinskoy-tekhniki/agilent/11189/,2500mAh,12V,,,,,нет данных в бэкапе,,,
11190,"Аккумулятор для Ahram Biosystems UF12-A, Palm PCR G1-12 (P2010) 1700mah",akkumulyatory/promyshlennye/dlya-meditsinskoy-tekhniki/ahram-biosystems,https://microchips.by/catalog/akkumulyatory/promyshlennye/dlya-meditsinskoy-tekhniki/ahram-biosystems/11190/,1700mah,,,,,,нет данных в бэкапе,,,
11191,Аккумулятор для Air shields-Vickers JM102 Jaundice Mete (OM11158) 800mAh,akkumulyatory/promyshlennye/dlya-meditsinskoy-tekhniki/air-shields-vickers,https://microchips.by/catalog/akkumulyatory/promyshlennye/dlya-meditsinskoy-tekhniki/air-shields-vickers/11191/,800mAh,,,,,,нет данных в бэкапе,,,
11192,Аккумулятор для Air shields-Vickers JM103 Jaundice Meter 800mah,akkumulyatory/promyshlennye/dlya-meditsinskoy-tekhniki/air-shields-vickers,https://microchips.by/catalog/akkumulyatory/promyshlennye/dlya-meditsinskoy-tekhniki/air-shields-vickers/11192/,800mah,,,,,,нет данных в бэкапе,,,
11193,Аккумулятор для Alaris Medical Systems III Infusion Pump (NIAL9163) 3000mah,akkumulyatory/promyshlennye/dlya-meditsinskoy-tekhniki/alaris,https://microchips.by/catalog/akkumulyatory/promyshlennye/dlya-meditsinskoy-tekhniki/alaris/11193/,3000mah,,,,,,нет данных в бэкапе,,,
11195,Аккумулятор для Alaris Medical systems Carefusion 2000mAh,akkumulyatory/promyshlennye/dlya-meditsinskoy-tekhniki/alaris,https://microchips.by/catalog/akkumulyatory/promyshlennye/dlya-meditsinskoy-tekhniki/alaris/11195/,2000mAh,,,,,,нет данных в бэкапе,,,
11196,Аккумулятор для Alaris Medica lsystems Infusion pump 531 (125-00-444900968) 1800mAh,akkumulyatory/promyshlennye/dlya-meditsinskoy-tekhniki/alaris,https://microchips.by/catalog/akkumulyatory/promyshlennye/dlya-meditsinskoy-tekhniki/alaris/11196/,1800mAh,,,,,,нет данных в бэкапе,,,
11197,Аккумулятор для Alaris Medical systems Signature 2 3000mAh,akkumulyatory/promyshlennye/dlya-meditsinskoy-tekhniki/alaris,https://microchips.by/catalog/akkumulyatory/promyshlennye/dlya-meditsinskoy-tekhniki/alaris/11197/,3000mAh,,,,,,нет данных в бэкапе,,,
11198,Аккумулятор для American Diagnostic ADC E-Sphyg 2 2000mAh,akkumulyatory/promyshlennye/dlya-meditsinskoy-tekhniki/american-diagnostic-corporation,https://microchips.by/catalog/akkumulyatory/promyshlennye/dlya-meditsinskoy-tekhniki/american-diagnostic-corporation/11198/,2000mAh,,,,,,нет данных в бэкапе,,,
11199,"Аккумулятор для Amico GoLift 700, EL1700-L2T6X (EL1700-L2T6X) 2000mAh",akkumulyatory/promyshlennye/dlya-meditsinskoy-tekhniki/amico,https://microchips.by/catalog/akkumulyatory/promyshlennye/dlya-meditsinskoy-tekhniki/amico/11199/,2000mAh,,,,,,нет данных в бэкапе,,,
11200,Аккумулятор для AMPall SP-8800 Syringe Pump 2000mAh,akkumulyatory/promyshlennye/dlya-meditsinskoy-tekhniki/ampall,https://microchips.by/catalog/akkumulyatory/promyshlennye/dlya-meditsinskoy-tekhniki/ampall/11200/,2000mAh,,,,,,нет данных в бэкапе,,,
11201,"Аккумулятор для Angel AJ5800, AJ5811 2000mAh",akkumulyatory/promyshlennye/dlya-meditsinskoy-tekhniki/angel,https://microchips.by/catalog/akkumulyatory/promyshlennye/dlya-meditsinskoy-tekhniki/angel/11201/,2000mAh,,,,,,нет данных в бэкапе,,,
11202,Аккумулятор для Angel AJ5803 2000mAh,akkumulyatory/promyshlennye/dlya-meditsinskoy-tekhniki/angel,https://microchips.by/catalog/akkumulyatory/promyshlennye/dlya-meditsinskoy-tekhniki/angel/11202/,2000mAh,,,,,,нет данных в бэкапе,,,
11203,"Аккумулятор для Angel AJ5808, AJ5808A 2000mAh",akkumulyatory/promyshlennye/dlya-meditsinskoy-tekhniki/angel,https://microchips.by/catalog/akkumulyatory/promyshlennye/dlya-meditsinskoy-tekhniki/angel/11203/,2000mAh,,,,,,нет данных в бэкапе,,,
11204,Аккумулятор для Annol SP-1000 2000mah,akkumulyatory/promyshlennye/dlya-meditsinskoy-tekhniki/annol,https://microchips.by/catalog/akkumulyatory/promyshlennye/dlya-meditsinskoy-tekhniki/annol/11204/,2000mah,,,,,,нет данных в бэкапе,,,
11205,"Аккумулятор для AOLI ECG-8901, ECG-8903 2600mah",akkumulyatory/promyshlennye/dlya-meditsinskoy-tekhniki/aoli,https://microchips.by/catalog/akkumulyatory/promyshlennye/dlya-meditsinskoy-tekhniki/aoli/11205/,2600mah,,,,,,нет данных в бэкапе,,,
11206,Аккумулятор для ARCOMED AG SYRAMED SP6000 2000mAh,akkumulyatory/promyshlennye/dlya-meditsinskoy-tekhniki/arcomed,https://microchips.by/catalog/akkumulyatory/promyshlennye/dlya-meditsinskoy-tekhniki/arcomed/11206/,2000mAh,,,,,,нет данных в бэкапе,,,
11207,"Аккумулятор для Asena Syringe Pump (2500mAh, 7.2V)",akkumulyatory/promyshlennye/dlya-meditsinskoy-tekhniki/asena,https://microchips.by/catalog/akkumulyatory/promyshlennye/dlya-meditsinskoy-tekhniki/asena/11207/,2500mAh,7.2V,,,,,нет данных в бэкапе,,,
11208,Аккумулятор для Atmos Emergency Suction 6800mAh,akkumulyatory/promyshlennye/dlya-meditsinskoy-tekhniki/atmos,https://microchips.by/catalog/akkumulyatory/promyshlennye/dlya-meditsinskoy-tekhniki/atmos/11208/,6800mAh,,,,,,нет данных в бэкапе,,,
11209,Аккумулятор для Atmos Pump Wound S041 2500mAh,akkumulyatory/promyshlennye/dlya-meditsinskoy-tekhniki/atmos,https://microchips.by/catalog/akkumulyatory/promyshlennye/dlya-meditsinskoy-tekhniki/atmos/11209/,2500mAh,,,,,,нет данных в бэкапе,,,
11210,Аккумулятор для ATYS Moniteur Systolique Systoe 2000mAh,akkumulyatory/promyshlennye/dlya-meditsinskoy-tekhniki/atys,https://microchips.by/catalog/akkumulyatory/promyshlennye/dlya-meditsinskoy-tekhniki/atys/11210/,2000mAh,,,,,,нет данных в бэкапе,,,
11211,Аккумулятор для B.Braun Casmed 3/N600AAK 1500mah,akkumulyatory/promyshlennye/dlya-meditsinskoy-tekhniki/b-braun,https://microchips.by/catalog/akkumulyatory/promyshlennye/dlya-meditsinskoy-tekhniki/b-braun/11211/,1500mah,,,,,,нет данных в бэкапе,,,
11212,Аккумулятор для B.Braun infusion pump Infusomat Secura Dropma (110011) 7000mah,akkumulyatory/promyshlennye/dlya-meditsinskoy-tekhniki/b-braun,https://microchips.by/catalog/akkumulyatory/promyshlennye/dlya-meditsinskoy-tekhniki/b-braun/11212/,7000mah,,,,,,нет данных в бэкапе,,,
11213,"Аккумулятор для B.Braun Infusomat fmS, Infusomat P (MB1125P) 3000mah",akkumulyatory/promyshlennye/dlya-meditsinskoy-tekhniki/b-braun,https://microchips.by/catalog/akkumulyatory/promyshlennye/dlya-meditsinskoy-tekhniki/b-braun/11213/,3000mah,,,,,,нет данных в бэкапе,,,
11214,Аккумулятор для B.Braun Infusoport 2000mah,akkumulyatory/promyshlennye/dlya-meditsinskoy-tekhniki/b-braun,https://microchips.by/catalog/akkumulyatory/promyshlennye/dlya-meditsinskoy-tekhniki/b-braun/11214/,2000mah,,,,,,нет данных в бэкапе,,,
11215,Аккумулятор для B.Braun Perfusor compact 1500mah,akkumulyatory/promyshlennye/dlya-meditsinskoy-tekhniki/b-braun,https://microchips.by/catalog/akkumulyatory/promyshlennye/dlya-meditsinskoy-tekhniki/b-braun/11215/,1500mah,,,,,,нет данных в бэкапе,,,
11216,"Аккумулятор для BCI Capnocheck plus, BCI Sleeo CO2 Monitor (58522B1) 5000mAh",akkumulyatory/promyshlennye/dlya-meditsinskoy-tekhniki/bci,https://microchips.by/catalog/akkumulyatory/promyshlennye/dlya-meditsinskoy-tekhniki/bci/11216/,5000mAh,,,,,,нет данных в бэкапе,,,
11217,"Аккумулятор для Bellavista 950, 1000 6400mAh",akkumulyatory/promyshlennye/dlya-meditsinskoy-tekhniki/bellavista,https://microchips.by/catalog/akkumulyatory/promyshlennye/dlya-meditsinskoy-tekhniki/bellavista/11217/,6400mAh,,,,,,нет данных в бэкапе,,,
11218,"Аккумулятор для Biocare ECG-6010, ECG-6020 2600mAh",akkumulyatory/promyshlennye/dlya-meditsinskoy-tekhniki/biocare,https://microchips.by/catalog/akkumulyatory/promyshlennye/dlya-meditsinskoy-tekhniki/biocare/11218/,2600mAh,,,,,,нет данных в бэкапе,,,
11219,"Аккумулятор для Biocare ECG-9801 (1800mAh, 14.8V)",akkumulyatory/promyshlennye/dlya-meditsinskoy-tekhniki/biocare,https://microchips.by/catalog/akkumulyatory/promyshlennye/dlya-meditsinskoy-tekhniki/biocare/11219/,1800mAh,14.8V,,,,,нет данных в бэкапе,,,
11220,Аккумулятор для Biocare IM15 5200mah,akkumulyatory/promyshlennye/dlya-meditsinskoy-tekhniki/biocare,https://microchips.by/catalog/akkumulyatory/promyshlennye/dlya-meditsinskoy-tekhniki/biocare/11220/,5200mah,,,,,,нет данных в бэкапе,,,
11221,Аккумулятор для Biohit Picus (SA 736000) 450mAh,akkumulyatory/promyshlennye/dlya-meditsinskoy-tekhniki/biohit,https://microchips.by/catalog/akkumulyatory/promyshlennye/dlya-meditsinskoy-tekhniki/biohit/11221/,450mAh,,,,,,нет данных в бэкапе,,,
11222,"Аккумулятор для Biohit Proline, ST4 150mAh",akkumulyatory/promyshlennye/dlya-meditsinskoy-tekhniki/biohit,https://microchips.by/catalog/akkumulyatory/promyshlennye/dlya-meditsinskoy-tekhniki/biohit/11222/,150mAh,,,,,,нет данных в бэкапе,,,
11223,"Аккумулятор для Biolat BLT2003, BLT2003 ECG EKG (BLT2003) 2000mAh",akkumulyatory/promyshlennye/dlya-meditsinskoy-tekhniki/biolat,https://microchips.by/catalog/akkumulyatory/promyshlennye/dlya-meditsinskoy-tekhniki/biolat/11223/,2000mAh,,,,,,нет данных в бэкапе,,,
11224,Аккумулятор для Biolight BLT-E30 3400mah,akkumulyatory/promyshlennye/dlya-meditsinskoy-tekhniki/biolight,https://microchips.by/catalog/akkumulyatory/promyshlennye/dlya-meditsinskoy-tekhniki/biolight/11224/,3400mah,,,,,,нет данных в бэкапе,,,
11225,"Аккумулятор для Biolight 352 (2300mAh, 12V)",akkumulyatory/promyshlennye/dlya-meditsinskoy-tekhniki/biolight,https://microchips.by/catalog/akkumulyatory/promyshlennye/dlya-meditsinskoy-tekhniki/biolight/11225/,2300mAh,12V,,,,,нет данных в бэкапе,,,
11226,"Аккумулятор для Biolight A2, A3, A4, Q5 (LB-02) 1800mAh",akkumulyatory/promyshlennye/dlya-meditsinskoy-tekhniki/biolight,https://microchips.by/catalog/akkumulyatory/promyshlennye/dlya-meditsinskoy-tekhniki/biolight/11226/,1800mAh,,,,,,нет данных в бэкапе,,,
11227,Аккумулятор для Biolight AnyYiew A2 1800mAh,akkumulyatory/promyshlennye/dlya-meditsinskoy-tekhniki/biolight,https://microchips.by/catalog/akkumulyatory/promyshlennye/dlya-meditsinskoy-tekhniki/biolight/11227/,1800mAh,,,,,,нет данных в бэкапе,,,
11228,Аккумулятор для Biolight Blt M800 1700mAh,akkumulyatory/promyshlennye/dlya-meditsinskoy-tekhniki/biolight,https://microchips.by/catalog/akkumulyatory/promyshlennye/dlya-meditsinskoy-tekhniki/biolight/11228/,1700mAh,,,,,,нет данных в бэкапе,,,
11229,Аккумулятор для Biolight BLT-1203A 1700mah,akkumulyatory/promyshlennye/dlya-meditsinskoy-tekhniki/biolight,https://microchips.by/catalog/akkumulyatory/promyshlennye/dlya-meditsinskoy-tekhniki/biolight/11229/,1700mah,,,,,,нет данных в бэкапе,,,
11230,"Аккумулятор для Biolight M66, M8000 2600mAh",akkumulyatory/promyshlennye/dlya-meditsinskoy-tekhniki/biolight,https://microchips.by/catalog/akkumulyatory/promyshlennye/dlya-meditsinskoy-tekhniki/biolight/11230/,2600mAh,,,,,,нет данных в бэкапе,,,
11231,"Аккумулятор для Biolight M66, M8000 3400mah",akkumulyatory/promyshlennye/dlya-meditsinskoy-tekhniki/biolight,https://microchips.by/catalog/akkumulyatory/promyshlennye/dlya-meditsinskoy-tekhniki/biolight/11231/,3400mah,,,,,,нет данных в бэкапе,,,
11232,Аккумулятор для Biomed ECG-1A (HYHB-1172) 2000mAh,akkumulyatory/promyshlennye/dlya-meditsinskoy-tekhniki/biomed,https://microchips.by/catalog/akkumulyatory/promyshlennye/dlya-meditsinskoy-tekhniki/biomed/11232/,2000mAh,,,,,,нет данных в бэкапе,,,
11233,Аккумулятор для Bionet BM3 Plus 2000mAh,akkumulyatory/promyshlennye/dlya-meditsinskoy-tekhniki/bionet,https://microchips.by/catalog/akkumulyatory/promyshlennye/dlya-meditsinskoy-tekhniki/bionet/11233/,2000mAh,,,,,,нет данных в бэкапе,,,
11234,"Аккумулятор для Bionet BM3, BM3 plus, BM5 2600mAh",akkumulyatory/promyshlennye/dlya-meditsinskoy-tekhniki/bionet,https://microchips.by/catalog/akkumulyatory/promyshlennye/dlya-meditsinskoy-tekhniki/bionet/11234/,2600mAh,,,,,,нет данных в бэкапе,,,
11235,"Аккумулятор для Bionet BM3, BM5Vet 2600mah",akkumulyatory/promyshlennye/dlya-meditsinskoy-tekhniki/bionet,https://microchips.by/catalog/akkumulyatory/promyshlennye/dlya-meditsinskoy-tekhniki/bionet/11235/,2600mah,,,,,,нет данных в бэкапе,,,
11236,Аккумулятор для Bionet BM7Vet Main 5200mAh,akkumulyatory/promyshlennye/dlya-meditsinskoy-tekhniki/bionet,https://microchips.by/catalog/akkumulyatory/promyshlennye/dlya-meditsinskoy-tekhniki/bionet/11236/,5200mAh,,,,,,нет данных в бэкапе,,,
11237,Аккумулятор для Bionet BM7Vet Optional 6800mAh,akkumulyatory/promyshlennye/dlya-meditsinskoy-tekhniki/bionet,https://microchips.by/catalog/akkumulyatory/promyshlennye/dlya-meditsinskoy-tekhniki/bionet/11237/,6800mAh,,,,,,нет данных в бэкапе,,,
11238,"Аккумулятор для Bionet Cardio 7, CardioCare 2000, CardioTouch 3000, 3000S 4000mah",akkumulyatory/promyshlennye/dlya-meditsinskoy-tekhniki/bionet,https://microchips.by/catalog/akkumulyatory/promyshlennye/dlya-meditsinskoy-tekhniki/bionet/11238/,4000mah,,,,,,нет данных в бэкапе,,,
11239,"Аккумулятор для Bionet Compact 5, Compact 7 2600mAh",akkumulyatory/promyshlennye/dlya-meditsinskoy-tekhniki/bionet,https://microchips.by/catalog/akkumulyatory/promyshlennye/dlya-meditsinskoy-tekhniki/bionet/11239/,2600mAh,,,,,,нет данных в бэкапе,,,
11240,Аккумулятор для Bionet Oximete OXY9 Wave 6800mAh,akkumulyatory/promyshlennye/dlya-meditsinskoy-tekhniki/bionet,https://microchips.by/catalog/akkumulyatory/promyshlennye/dlya-meditsinskoy-tekhniki/bionet/11240/,6800mAh,,,,,,нет данных в бэкапе,,,
11241,"Аккумулятор для BIS Vista, Aspect Medical Systems 2600mah",akkumulyatory/promyshlennye/dlya-meditsinskoy-tekhniki/aspect-medical-systems,https://microchips.by/catalog/akkumulyatory/promyshlennye/dlya-meditsinskoy-tekhniki/aspect-medical-systems/11241/,2600mah,,,,,,нет данных в бэкапе,,,
11242,Аккумулятор для BrandTech accu-jet (BT26531) 2000mAh,akkumulyatory/promyshlennye/dlya-meditsinskoy-tekhniki/brandtech,https://microchips.by/catalog/akkumulyatory/promyshlennye/dlya-meditsinskoy-tekhniki/brandtech/11242/,2000mAh,,,,,,нет данных в бэкапе,,,
11243,"Аккумулятор для BrandTech Accu-Jet Pro (26630) (700mAh, 2.4V)",akkumulyatory/promyshlennye/dlya-meditsinskoy-tekhniki/brandtech,https://microchips.by/catalog/akkumulyatory/promyshlennye/dlya-meditsinskoy-tekhniki/brandtech/11243/,700mAh,2.4V,,,,,нет данных в бэкапе,,,
11244,"Аккумулятор для BrandTech AutoRep E, HandyStep 750mah",akkumulyatory/promyshlennye/dlya-meditsinskoy-tekhniki/brandtech,https://microchips.by/catalog/akkumulyatory/promyshlennye/dlya-meditsinskoy-tekhniki/brandtech/11244/,750mah,,,,,,нет данных в бэкапе,,,
11245,Аккумулятор для BrandTech Transferpette (705500) 700mAh,akkumulyatory/promyshlennye/dlya-meditsinskoy-tekhniki/brandtech,https://microchips.by/catalog/akkumulyatory/promyshlennye/dlya-meditsinskoy-tekhniki/brandtech/11245/,700mAh,,,,,,нет данных в бэкапе,,,
11246,Аккумулятор для B.Braun Perfusor F (BRA142) 3000mAh,akkumulyatory/promyshlennye/dlya-meditsinskoy-tekhniki/b-braun,https://microchips.by/catalog/akkumulyatory/promyshlennye/dlya-meditsinskoy-tekhniki/b-braun/11246/,3000mAh,,,,,,нет данных в бэкапе,,,
11247,Аккумулятор для B.Braun Perfusor fm 3000mAh,akkumulyatory/promyshlennye/dlya-meditsinskoy-tekhniki/b-braun,https://microchips.by/catalog/akkumulyatory/promyshlennye/dlya-meditsinskoy-tekhniki/b-braun/11247/,3000mAh,,,,,,нет данных в бэкапе,,,
11248,"Аккумулятор для B.Braun Perfusor FT, Perfusor VII 1500mAh",akkumulyatory/promyshlennye/dlya-meditsinskoy-tekhniki/b-braun,https://microchips.by/catalog/akkumulyatory/promyshlennye/dlya-meditsinskoy-tekhniki/b-braun/11248/,1500mAh,,,,,,нет данных в бэкапе,,,
11249,Аккумулятор для Bullard PA20 Air Purifying System (OM11596) 3800mAh,akkumulyatory/promyshlennye/dlya-meditsinskoy-tekhniki/bullard,https://microchips.by/catalog/akkumulyatory/promyshlennye/dlya-meditsinskoy-tekhniki/bullard/11249/,3800mAh,,,,,,нет данных в бэкапе,,,
11250,Аккумулятор для Burdick Medic 4 Defibrillator 2500mAh,akkumulyatory/promyshlennye/dlya-meditsinskoy-tekhniki/burdick,https://microchips.by/catalog/akkumulyatory/promyshlennye/dlya-meditsinskoy-tekhniki/burdick/11250/,2500mAh,,,,,,нет данных в бэкапе,,,
11251,Аккумулятор для Burdick SE-1200 Express EKG 5200mAh,akkumulyatory/promyshlennye/dlya-meditsinskoy-tekhniki/burdick,https://microchips.by/catalog/akkumulyatory/promyshlennye/dlya-meditsinskoy-tekhniki/burdick/11251/,5200mAh,,,,,,нет данных в бэкапе,,,
11252,"Аккумулятор для Cardinal Health CJB-191 (78904586) (750mAh, 3.6V)",akkumulyatory/promyshlennye/dlya-meditsinskoy-tekhniki/cardinal-medical,https://microchips.by/catalog/akkumulyatory/promyshlennye/dlya-meditsinskoy-tekhniki/cardinal-medical/11252/,750mAh,3.6V,,,,,нет данных в бэкапе,,,
11253,Аккумулятор для Cardinal Health CJB-720 (78904585) 750mAh,akkumulyatory/promyshlennye/dlya-meditsinskoy-tekhniki/cardinal-medical,https://microchips.by/catalog/akkumulyatory/promyshlennye/dlya-meditsinskoy-tekhniki/cardinal-medical/11253/,750mAh,,,,,,нет данных в бэкапе,,,
11254,"Аккумулятор для Cardinal Health CJB-723 (750mAh, 3.6V)",akkumulyatory/promyshlennye/dlya-meditsinskoy-tekhniki/cardinal-medical,https://microchips.by/catalog/akkumulyatory/promyshlennye/dlya-meditsinskoy-tekhniki/cardinal-medical/11254/,750mAh,3.6V,,,,,нет данных в бэкапе,,,
11255,"Аккумулятор для Cardioline Delta 1 Plus, Delta 3 Plus 2000mAh",akkumulyatory/promyshlennye/dlya-meditsinskoy-tekhniki/cardioline,https://microchips.by/catalog/akkumulyatory/promyshlennye/dlya-meditsinskoy-tekhniki/cardioline/11255/,2000mAh,,,,,,нет данных в бэкапе,,,
11256,Аккумулятор для Cardioline ECG AR2100 View (110699) 2000mah,akkumulyatory/promyshlennye/dlya-meditsinskoy-tekhniki/cardioline,https://microchips.by/catalog/akkumulyatory/promyshlennye/dlya-meditsinskoy-tekhniki/cardioline/11256/,2000mah,,,,,,нет данных в бэкапе,,,
11257,"Аккумулятор для Cardioline ECG Delta 60, ECG Delta 60Plus 1300mAh",akkumulyatory/promyshlennye/dlya-meditsinskoy-tekhniki/cardioline,https://microchips.by/catalog/akkumulyatory/promyshlennye/dlya-meditsinskoy-tekhniki/cardioline/11257/,1300mAh,,,,,,нет данных в бэкапе,,,
11258,Аккумулятор для CardioNova Pump 2001 3000mAh,akkumulyatory/promyshlennye/dlya-meditsinskoy-tekhniki/cardionova,https://microchips.by/catalog/akkumulyatory/promyshlennye/dlya-meditsinskoy-tekhniki/cardionova/11258/,3000mAh,,,,,,нет данных в бэкапе,,,
11259,Аккумулятор для Care Vision OM-100 2000mAh,akkumulyatory/promyshlennye/dlya-meditsinskoy-tekhniki/care-vision,https://microchips.by/catalog/akkumulyatory/promyshlennye/dlya-meditsinskoy-tekhniki/care-vision/11259/,2000mAh,,,,,,нет данных в бэкапе,,,
11260,"Аккумулятор для Carejoy H8, V7 (SNLB-264) 2500mah",akkumulyatory/promyshlennye/dlya-meditsinskoy-tekhniki/carejoy,https://microchips.by/catalog/akkumulyatory/promyshlennye/dlya-meditsinskoy-tekhniki/carejoy/11260/,2500mah,,,,,,нет данных в бэкапе,,,
11261,Аккумулятор для Carestream DRX-1 2100mah,akkumulyatory/promyshlennye/dlya-meditsinskoy-tekhniki/carestream,https://microchips.by/catalog/akkumulyatory/promyshlennye/dlya-meditsinskoy-tekhniki/carestream/11261/,2100mah,,,,,,нет данных в бэкапе,,,
11262,Аккумулятор для Carewell ECG-1101 2000mAh,akkumulyatory/promyshlennye/dlya-meditsinskoy-tekhniki/carewell,https://microchips.by/catalog/akkumulyatory/promyshlennye/dlya-meditsinskoy-tekhniki/carewell/11262/,2000mAh,,,,,,нет данных в бэкапе,,,
11263,"Аккумулятор для Carewell ECG-1103, ECG-1106 2600mah",akkumulyatory/promyshlennye/dlya-meditsinskoy-tekhniki/carewell,https://microchips.by/catalog/akkumulyatory/promyshlennye/dlya-meditsinskoy-tekhniki/carewell/11263/,2600mah,,,,,,нет данных в бэкапе,,,
11264,"Аккумулятор для Carewell ECG-1103, ECG-1106 3400mah",akkumulyatory/promyshlennye/dlya-meditsinskoy-tekhniki/carewell,https://microchips.by/catalog/akkumulyatory/promyshlennye/dlya-meditsinskoy-tekhniki/carewell/11264/,3400mah,,,,,,нет данных в бэкапе,,,
11265,"Аккумулятор для CAS Medical 940X Monitor, NIBP 730 3800mAh",akkumulyatory/promyshlennye/dlya-meditsinskoy-tekhniki/cas-medical-systems,https://microchips.by/catalog/akkumulyatory/promyshlennye/dlya-meditsinskoy-tekhniki/cas-medical-systems/11265/,3800mAh,,,,,,нет данных в бэкапе,,,
11266,"Аккумулятор для Cefar Myo 4 Max, Globus Activa 300 2000mah",akkumulyatory/promyshlennye/dlya-meditsinskoy-tekhniki/cefar,https://microchips.by/catalog/akkumulyatory/promyshlennye/dlya-meditsinskoy-tekhniki/cefar/11266/,2000mah,,,,,,нет данных в бэкапе,,,
11267,Аккумулятор для ChoiceMMed MMED6000DP-M7 2000mAh,akkumulyatory/promyshlennye/dlya-meditsinskoy-tekhniki/choicemmed,https://microchips.by/catalog/akkumulyatory/promyshlennye/dlya-meditsinskoy-tekhniki/choicemmed/11267/,2000mAh,,,,,,нет данных в бэкапе,,,
11268,"Аккумулятор для Circadiance SmartMonitor 2PS, 2PSL (1023384) 5200mah",akkumulyatory/promyshlennye/dlya-meditsinskoy-tekhniki/circadiance,https://microchips.by/catalog/akkumulyatory/promyshlennye/dlya-meditsinskoy-tekhniki/circadiance/11268/,5200mah,,,,,,нет данных в бэкапе,,,
11269,Аккумулятор для CME BodyGuard 323 1700mAh,akkumulyatory/promyshlennye/dlya-meditsinskoy-tekhniki/cme,https://microchips.by/catalog/akkumulyatory/promyshlennye/dlya-meditsinskoy-tekhniki/cme/11269/,1700mAh,,,,,,нет данных в бэкапе,,,
11270,Аккумулятор для Dongjiang ECG-1230S (DJDB2600) 2600mah,akkumulyatory/promyshlennye/dlya-meditsinskoy-tekhniki/dongjiang,https://microchips.by/catalog/akkumulyatory/promyshlennye/dlya-meditsinskoy-tekhniki/dongjiang/11270/,2600mah,,,,,,нет данных в бэкапе,,,
11271,"Аккумулятор для Comen 8000D, C50, G50 5200mAh",akkumulyatory/promyshlennye/dlya-meditsinskoy-tekhniki/comen,https://microchips.by/catalog/akkumulyatory/promyshlennye/dlya-meditsinskoy-tekhniki/comen/11271/,5200mAh,,,,,,нет данных в бэкапе,,,
11272,Аккумулятор для Comen C100 Monitor (022-000091-00) 2600mah,akkumulyatory/promyshlennye/dlya-meditsinskoy-tekhniki/comen,https://microchips.by/catalog/akkumulyatory/promyshlennye/dlya-meditsinskoy-tekhniki/comen/11272/,2600mah,,,,,,нет данных в бэкапе,,,
11273,Аккумулятор для Comen C30 2600mah,akkumulyatory/promyshlennye/dlya-meditsinskoy-tekhniki/comen,https://microchips.by/catalog/akkumulyatory/promyshlennye/dlya-meditsinskoy-tekhniki/comen/11273/,2600mah,,,,,,нет данных в бэкапе,,,
11274,Аккумулятор для Comen C60 3100mah,akkumulyatory/promyshlennye/dlya-meditsinskoy-tekhniki/comen,https://microchips.by/catalog/akkumulyatory/promyshlennye/dlya-meditsinskoy-tekhniki/comen/11274/,3100mah,,,,,,нет данных в бэкапе,,,
11275,Аккумулятор для Comen C70 5200mAh,akkumulyatory/promyshlennye/dlya-meditsinskoy-tekhniki/comen,https://microchips.by/catalog/akkumulyatory/promyshlennye/dlya-meditsinskoy-tekhniki/comen/11275/,5200mAh,,,,,,нет данных в бэкапе,,,
11276,Аккумулятор для Comen CM-1200A (CM1200A) 6800mAh,akkumulyatory/promyshlennye/dlya-meditsinskoy-tekhniki/comen,https://microchips.by/catalog/akkumulyatory/promyshlennye/dlya-meditsinskoy-tekhniki/comen/11276/,6800mAh,,,,,,нет данных в бэкапе,,,
11277,Аккумулятор для Comen CM-1200A 5600mAh,akkumulyatory/promyshlennye/dlya-meditsinskoy-tekhniki/comen,https://microchips.by/catalog/akkumulyatory/promyshlennye/dlya-meditsinskoy-tekhniki/comen/11277/,5600mAh,,,,,,нет данных в бэкапе,,,
11278,Аккумулятор для Comen CM-1200A ECG (0110-022-000124-00) 5200mah,akkumulyatory/promyshlennye/dlya-meditsinskoy-tekhniki/comen,https://microchips.by/catalog/akkumulyatory/promyshlennye/dlya-meditsinskoy-tekhniki/comen/11278/,5200mah,,,,,,нет данных в бэкапе,,,
11279,"Аккумулятор для Comen CM100, CM300 1100mAh",akkumulyatory/promyshlennye/dlya-meditsinskoy-tekhniki/comen,https://microchips.by/catalog/akkumulyatory/promyshlennye/dlya-meditsinskoy-tekhniki/comen/11279/,1100mAh,,,,,,нет данных в бэкапе,,,
11280,Аккумулятор для Comen CM300 (022-000113-00) 3400mah,akkumulyatory/promyshlennye/dlya-meditsinskoy-tekhniki/comen,https://microchips.by/catalog/akkumulyatory/promyshlennye/dlya-meditsinskoy-tekhniki/comen/11280/,3400mah,,,,,,нет данных в бэкапе,,,
11281,Аккумулятор для Comen CM600 2600mah,akkumulyatory/promyshlennye/dlya-meditsinskoy-tekhniki/comen,https://microchips.by/catalog/akkumulyatory/promyshlennye/dlya-meditsinskoy-tekhniki/comen/11281/,2600mah,,,,,,нет данных в бэкапе,,,
11282,Аккумулятор для Comen CM600 3400mah,akkumulyatory/promyshlennye/dlya-meditsinskoy-tekhniki/comen,https://microchips.by/catalog/akkumulyatory/promyshlennye/dlya-meditsinskoy-tekhniki/comen/11282/,3400mah,,,,,,нет данных в бэкапе,,,
11283,Аккумулятор для Comen H3 2600mAh,akkumulyatory/promyshlennye/dlya-meditsinskoy-tekhniki/comen,https://microchips.by/catalog/akkumulyatory/promyshlennye/dlya-meditsinskoy-tekhniki/comen/11283/,2600mAh,,,,,,нет данных в бэкапе,,,
11284,Аккумулятор для Comen M2000A (LIV111C2200S01B) 2600mah,akkumulyatory/promyshlennye/dlya-meditsinskoy-tekhniki/comen,https://microchips.by/catalog/akkumulyatory/promyshlennye/dlya-meditsinskoy-tekhniki/comen/11284/,2600mah,,,,,,нет данных в бэкапе,,,
11285,Аккумулятор для Comen NC3 (022-000066-00) 2600mAh,akkumulyatory/promyshlennye/dlya-meditsinskoy-tekhniki/comen,https://microchips.by/catalog/akkumulyatory/promyshlennye/dlya-meditsinskoy-tekhniki/comen/11285/,2600mAh,,,,,,нет данных в бэкапе,,,
11286,Аккумулятор для Comen NC8 2600mah,akkumulyatory/promyshlennye/dlya-meditsinskoy-tekhniki/comen,https://microchips.by/catalog/akkumulyatory/promyshlennye/dlya-meditsinskoy-tekhniki/comen/11286/,2600mah,,,,,,нет данных в бэкапе,,,
11287,Аккумулятор для Comen Star 8000 2600mah,akkumulyatory/promyshlennye/dlya-meditsinskoy-tekhniki/comen,https://microchips.by/catalog/akkumulyatory/promyshlennye/dlya-meditsinskoy-tekhniki/comen/11287/,2600mah,,,,,,нет данных в бэкапе,,,
11288,Аккумулятор для Compex Energy Mi-Ready 2000mAh,akkumulyatory/promyshlennye/dlya-meditsinskoy-tekhniki/compex,https://microchips.by/catalog/akkumulyatory/promyshlennye/dlya-meditsinskoy-tekhniki/compex/11288/,2000mAh,,,,,,нет данных в бэкапе,,,
11289,"Аккумулятор для Compex Mi Sport 500, Fitness Tens, MediCompex (018004913) 1800mah",akkumulyatory/promyshlennye/dlya-meditsinskoy-tekhniki/compex,https://microchips.by/catalog/akkumulyatory/promyshlennye/dlya-meditsinskoy-tekhniki/compex/11289/,1800mah,,,,,,нет данных в бэкапе,,,
11290,"Аккумулятор для Contec CMS7000, DHRM DHR930D (855183P) 3700mAh",akkumulyatory/promyshlennye/dlya-meditsinskoy-tekhniki/contec,https://microchips.by/catalog/akkumulyatory/promyshlennye/dlya-meditsinskoy-tekhniki/contec/11290/,3700mAh,,,,,,нет данных в бэкапе,,,
11291,Аккумулятор для Contec CMS8000 ICU Patient Monitor (855183P) 10400mAh,akkumulyatory/promyshlennye/dlya-meditsinskoy-tekhniki/contec,https://microchips.by/catalog/akkumulyatory/promyshlennye/dlya-meditsinskoy-tekhniki/contec/11291/,10400mAh,,,,,,нет данных в бэкапе,,,
11292,Аккумулятор для Contec CMS8000 ICU Patient Monitor (855183P) 5200mAh,akkumulyatory/promyshlennye/dlya-meditsinskoy-tekhniki/contec,https://microchips.by/catalog/akkumulyatory/promyshlennye/dlya-meditsinskoy-tekhniki/contec/11292/,5200mAh,,,,,,нет данных в бэкапе,,,
11293,"Аккумулятор для Contec ECG 1201, ECG-1112L (WPC09-0092) 5200mAh",akkumulyatory/promyshlennye/dlya-meditsinskoy-tekhniki/contec,https://microchips.by/catalog/akkumulyatory/promyshlennye/dlya-meditsinskoy-tekhniki/contec/11293/,5200mAh,,,,,,нет данных в бэкапе,,,
11294,Аккумулятор для Contec ECG-100G 2500mAh,akkumulyatory/promyshlennye/dlya-meditsinskoy-tekhniki/contec,https://microchips.by/catalog/akkumulyatory/promyshlennye/dlya-meditsinskoy-tekhniki/contec/11294/,2500mAh,,,,,,нет данных в бэкапе,,,
11295,"Аккумулятор для Contec ECG-1200, ECG-1200G 4000mAh",akkumulyatory/promyshlennye/dlya-meditsinskoy-tekhniki/contec,https://microchips.by/catalog/akkumulyatory/promyshlennye/dlya-meditsinskoy-tekhniki/contec/11295/,4000mAh,,,,,,нет данных в бэкапе,,,
11296,"Аккумулятор для Contec ECG-300G, ECG300GT 3800mAh",akkumulyatory/promyshlennye/dlya-meditsinskoy-tekhniki/contec,https://microchips.by/catalog/akkumulyatory/promyshlennye/dlya-meditsinskoy-tekhniki/contec/11296/,3800mAh,,,,,,нет данных в бэкапе,,,
11297,Аккумулятор для Contec ECG-600G 3800mAh,akkumulyatory/promyshlennye/dlya-meditsinskoy-tekhniki/contec,https://microchips.by/catalog/akkumulyatory/promyshlennye/dlya-meditsinskoy-tekhniki/contec/11297/,3800mAh,,,,,,нет данных в бэкапе,,,
11298,Аккумулятор для Contec MONITOR CMS6000 3800mah,akkumulyatory/promyshlennye/dlya-meditsinskoy-tekhniki/contec,https://microchips.by/catalog/akkumulyatory/promyshlennye/dlya-meditsinskoy-tekhniki/contec/11298/,3800mah,,,,,,нет данных в бэкапе,,,
11299,Аккумулятор для Cortex Metamax 3B (000-00-039) 2200mah,akkumulyatory/promyshlennye/dlya-meditsinskoy-tekhniki/cortex,https://microchips.by/catalog/akkumulyatory/promyshlennye/dlya-meditsinskoy-tekhniki/cortex/11299/,2200mah,,,,,,нет данных в бэкапе,,,
11300,Аккумулятор для Cosmed Pony FX 3500mAh,akkumulyatory/promyshlennye/dlya-meditsinskoy-tekhniki/cosmed,https://microchips.by/catalog/akkumulyatory/promyshlennye/dlya-meditsinskoy-tekhniki/cosmed/11300/,3500mAh,,,,,,нет данных в бэкапе,,,
11301,Аккумулятор для Cosmed Pony FX NTA2531 2600mAh,akkumulyatory/promyshlennye/dlya-meditsinskoy-tekhniki/cosmed,https://microchips.by/catalog/akkumulyatory/promyshlennye/dlya-meditsinskoy-tekhniki/cosmed/11301/,2600mAh,,,,,,нет данных в бэкапе,,,
11302,Аккумулятор для Cosmed Pony FX NTA2531 3400mAh,akkumulyatory/promyshlennye/dlya-meditsinskoy-tekhniki/cosmed,https://microchips.by/catalog/akkumulyatory/promyshlennye/dlya-meditsinskoy-tekhniki/cosmed/11302/,3400mAh,,,,,,нет данных в бэкапе,,,
11303,Аккумулятор для Covidien Kangaroo ePump Enteral Feeding Pumps 3600mAh,akkumulyatory/promyshlennye/dlya-meditsinskoy-tekhniki/covidien,https://microchips.by/catalog/akkumulyatory/promyshlennye/dlya-meditsinskoy-tekhniki/covidien/11303/,3600mAh,,,,,,нет данных в бэкапе,,,
11304,Аккумулятор для Covidien Kendall SCD 700 (1030950) 2600mah,akkumulyatory/promyshlennye/dlya-meditsinskoy-tekhniki/covidien,https://microchips.by/catalog/akkumulyatory/promyshlennye/dlya-meditsinskoy-tekhniki/covidien/11304/,2600mah,,,,,,нет данных в бэкапе,,,
11305,Аккумулятор для Covidien Kendall SCD 700 (1030950) 3400mah,akkumulyatory/promyshlennye/dlya-meditsinskoy-tekhniki/covidien,https://microchips.by/catalog/akkumulyatory/promyshlennye/dlya-meditsinskoy-tekhniki/covidien/11305/,3400mah,,,,,,нет данных в бэкапе,,,
11306,Аккумулятор для Creative CLASSIC 90 2600mah,akkumulyatory/promyshlennye/dlya-meditsinskoy-tekhniki/creative,https://microchips.by/catalog/akkumulyatory/promyshlennye/dlya-meditsinskoy-tekhniki/creative/11306/,2600mah,,,,,,нет данных в бэкапе,,,
11307,"Аккумулятор для Creative DELUXE-70 (CPLB-18650A) (2600mAh, 14.4V)",akkumulyatory/promyshlennye/dlya-meditsinskoy-tekhniki/creative,https://microchips.by/catalog/akkumulyatory/promyshlennye/dlya-meditsinskoy-tekhniki/creative/11307/,2600mAh,14.4V,,,,,нет данных в бэкапе,,,
11308,"Аккумулятор для Creative DELUXE-70 (CPLB-18650A) (3400mAh, 14.4V)",akkumulyatory/promyshlennye/dlya-meditsinskoy-tekhniki/creative,https://microchips.by/catalog/akkumulyatory/promyshlennye/dlya-meditsinskoy-tekhniki/creative/11308/,3400mAh,14.4V,,,,,нет данных в бэкапе,,,
11309,"Аккумулятор для CU Medical Defibrillator I-PAD, iPAD SP1, iPAD SP2 (CUSA0601F) 4050mah",akkumulyatory/promyshlennye/dlya-meditsinskoy-tekhniki/cu-medical,https://microchips.by/catalog/akkumulyatory/promyshlennye/dlya-meditsinskoy-tekhniki/cu-medical/11309/,4050mah,,,,,,нет данных в бэкапе,,,
11310,"Аккумулятор для Datascope Accutorr 3 Monitor, Corp 4, Corp 3 (B10665) 2300mAh",akkumulyatory/promyshlennye/dlya-meditsinskoy-tekhniki/datascope,https://microchips.by/catalog/akkumulyatory/promyshlennye/dlya-meditsinskoy-tekhniki/datascope/11310/,2300mAh,,,,,,нет данных в бэкапе,,,
11311,Аккумулятор для Datex Light 896895 (125-00-444900234) 3000mah,akkumulyatory/promyshlennye/dlya-meditsinskoy-tekhniki/datex,https://microchips.by/catalog/akkumulyatory/promyshlennye/dlya-meditsinskoy-tekhniki/datex/11311/,3000mah,,,,,,нет данных в бэкапе,,,
11312,"Аккумулятор для Datex OHMEDA 7900 Ventilator, Aestiva 5 2300mAh",akkumulyatory/promyshlennye/dlya-meditsinskoy-tekhniki/datex,https://microchips.by/catalog/akkumulyatory/promyshlennye/dlya-meditsinskoy-tekhniki/datex/11312/,2300mAh,,,,,,нет данных в бэкапе,,,
11313,Аккумулятор для Datex Ohmeda Anesthesia 7800 3600mAh,akkumulyatory/promyshlennye/dlya-meditsinskoy-tekhniki/datex,https://microchips.by/catalog/akkumulyatory/promyshlennye/dlya-meditsinskoy-tekhniki/datex/11313/,3600mAh,,,,,,нет данных в бэкапе,,,
11314,Аккумулятор для Datex S5 Light Monitor 2000mah,akkumulyatory/promyshlennye/dlya-meditsinskoy-tekhniki/datex,https://microchips.by/catalog/akkumulyatory/promyshlennye/dlya-meditsinskoy-tekhniki/datex/11314/,2000mah,,,,,,нет данных в бэкапе,,,
11315,Аккумулятор для Schiller Defigard 3002 IH (MGN0259) 3000mAh,akkumulyatory/promyshlennye/dlya-meditsinskoy-tekhniki/schiller,https://microchips.by/catalog/akkumulyatory/promyshlennye/dlya-meditsinskoy-tekhniki/schiller/11315/,3000mAh,,,,,,нет данных в бэкапе,,,
11316,Аккумулятор для Dentsply Maillefer Propex Locator 300mAh,akkumulyatory/promyshlennye/dlya-meditsinskoy-tekhniki/dentsply,https://microchips.by/catalog/akkumulyatory/promyshlennye/dlya-meditsinskoy-tekhniki/dentsply/11316/,300mAh,,,,,,нет данных в бэкапе,,,
11317,Аккумулятор для Dentsply Propex II 700mah,akkumulyatory/promyshlennye/dlya-meditsinskoy-tekhniki/dentsply,https://microchips.by/catalog/akkumulyatory/promyshlennye/dlya-meditsinskoy-tekhniki/dentsply/11317/,700mah,,,,,,нет данных в бэкапе,,,
11318,Аккумулятор для Dentsply SmartLite PS 300mah,akkumulyatory/promyshlennye/dlya-meditsinskoy-tekhniki/dentsply,https://microchips.by/catalog/akkumulyatory/promyshlennye/dlya-meditsinskoy-tekhniki/dentsply/11318/,300mah,,,,,,нет данных в бэкапе,,,
11319,"Аккумулятор для Dentsply X-Smart, X-smart Plus 700mah",akkumulyatory/promyshlennye/dlya-meditsinskoy-tekhniki/dentsply,https://microchips.by/catalog/akkumulyatory/promyshlennye/dlya-meditsinskoy-tekhniki/dentsply/11319/,700mah,,,,,,нет данных в бэкапе,,,
11320,"Аккумулятор для Diversified Medical NAL8100RB (OM11322) (4400mAh, 12V)",akkumulyatory/promyshlennye/dlya-meditsinskoy-tekhniki/diversified,https://microchips.by/catalog/akkumulyatory/promyshlennye/dlya-meditsinskoy-tekhniki/diversified/11320/,4400mAh,12V,,,,,нет данных в бэкапе,,,
11321,"Аккумулятор для DIXION Storm 5600 (HYLB-231) (5200mAh, 14.4V)",akkumulyatory/promyshlennye/dlya-meditsinskoy-tekhniki/dixion,https://microchips.by/catalog/akkumulyatory/promyshlennye/dlya-meditsinskoy-tekhniki/dixion/11321/,5200mAh,14.4V,,,,,нет данных в бэкапе,,,
11322,"Аккумулятор для Dongjiang ECG-1220 (DJDB144) (2600mAh, 14.4V)",akkumulyatory/promyshlennye/dlya-meditsinskoy-tekhniki/dongjiang,https://microchips.by/catalog/akkumulyatory/promyshlennye/dlya-meditsinskoy-tekhniki/dongjiang/11322/,2600mAh,14.4V,,,,,нет данных в бэкапе,,,
11324,Аккумулятор для Toitu Doppler FD390 700mAh,akkumulyatory/promyshlennye/dlya-meditsinskoy-tekhniki/toitu,https://microchips.by/catalog/akkumulyatory/promyshlennye/dlya-meditsinskoy-tekhniki/toitu/11324/,700mAh,,,,,,нет данных в бэкапе,,,
11325,Аккумулятор для Drager C450 330mah,akkumulyatory/promyshlennye/dlya-meditsinskoy-tekhniki/drager,https://microchips.by/catalog/akkumulyatory/promyshlennye/dlya-meditsinskoy-tekhniki/drager/11325/,330mah,,,,,,нет данных в бэкапе,,,
11326,Аккумулятор для Drager Carina 3000mAh,akkumulyatory/promyshlennye/dlya-meditsinskoy-tekhniki/drager,https://microchips.by/catalog/akkumulyatory/promyshlennye/dlya-meditsinskoy-tekhniki/drager/11326/,3000mAh,,,,,,нет данных в бэкапе,,,
11327,Аккумулятор для Drager Infinity 5200mah,akkumulyatory/promyshlennye/dlya-meditsinskoy-tekhniki/drager,https://microchips.by/catalog/akkumulyatory/promyshlennye/dlya-meditsinskoy-tekhniki/drager/11327/,5200mah,,,,,,нет данных в бэкапе,,,
11328,Аккумулятор для Drager Infinity M300 3400mah,akkumulyatory/promyshlennye/dlya-meditsinskoy-tekhniki/drager,https://microchips.by/catalog/akkumulyatory/promyshlennye/dlya-meditsinskoy-tekhniki/drager/11328/,3400mah,,,,,,нет данных в бэкапе,,,
11329,Аккумулятор для Drager Infinity M540 2600mah,akkumulyatory/promyshlennye/dlya-meditsinskoy-tekhniki/drager,https://microchips.by/catalog/akkumulyatory/promyshlennye/dlya-meditsinskoy-tekhniki/drager/11329/,2600mah,,,,,,нет данных в бэкапе,,,
11330,Аккумулятор для Drager Infinity M540 3400mAh,akkumulyatory/promyshlennye/dlya-meditsinskoy-tekhniki/drager,https://microchips.by/catalog/akkumulyatory/promyshlennye/dlya-meditsinskoy-tekhniki/drager/11330/,3400mAh,,,,,,нет данных в бэкапе,,,
11331,"Аккумулятор для Drager Monitor Vista 120, Vista F2, Vista V8 (2606229) 5200mAh",akkumulyatory/promyshlennye/dlya-meditsinskoy-tekhniki/drager,https://microchips.by/catalog/akkumulyatory/promyshlennye/dlya-meditsinskoy-tekhniki/drager/11331/,5200mAh,,,,,,нет данных в бэкапе,,,
11332,"Аккумулятор для Drager Oxylog 2000+ (7800mAh, 10.8V)",akkumulyatory/promyshlennye/dlya-meditsinskoy-tekhniki/drager,https://microchips.by/catalog/akkumulyatory/promyshlennye/dlya-meditsinskoy-tekhniki/drager/11332/,7800mAh,10.8V,,,,,нет данных в бэкапе,,,
11333,Аккумулятор для Drager TOFscan Monitor (MS32293) 3400mAh,akkumulyatory/promyshlennye/dlya-meditsinskoy-tekhniki/drager,https://microchips.by/catalog/akkumulyatory/promyshlennye/dlya-meditsinskoy-tekhniki/drager/11333/,3400mAh,,,,,,нет данных в бэкапе,,,
11334,"Аккумулятор для EDAN F6, F9 (TWSLB-006) 5200mah",akkumulyatory/promyshlennye/dlya-meditsinskoy-tekhniki/edan,https://microchips.by/catalog/akkumulyatory/promyshlennye/dlya-meditsinskoy-tekhniki/edan/11334/,5200mah,,,,,,нет данных в бэкапе,,,
11335,Аккумулятор для EDAN IM12 3400mAh,akkumulyatory/promyshlennye/dlya-meditsinskoy-tekhniki/edan,https://microchips.by/catalog/akkumulyatory/promyshlennye/dlya-meditsinskoy-tekhniki/edan/11335/,3400mAh,,,,,,нет данных в бэкапе,,,
11336,"Аккумулятор для EDAN IM12, IM20 3400mAh",akkumulyatory/promyshlennye/dlya-meditsinskoy-tekhniki/edan,https://microchips.by/catalog/akkumulyatory/promyshlennye/dlya-meditsinskoy-tekhniki/edan/11336/,3400mAh,,,,,,нет данных в бэкапе,,,
11337,"Аккумулятор для EDAN M8A, M9 (HYLB-957) (2600mAh, 14.4V)",akkumulyatory/promyshlennye/dlya-meditsinskoy-tekhniki/edan,https://microchips.by/catalog/akkumulyatory/promyshlennye/dlya-meditsinskoy-tekhniki/edan/11337/,2600mAh,14.4V,,,,,нет данных в бэкапе,,,
11338,"Аккумулятор для EDAN M8A, M9 (6800mAh, 14.4V)",akkumulyatory/promyshlennye/dlya-meditsinskoy-tekhniki/edan,https://microchips.by/catalog/akkumulyatory/promyshlennye/dlya-meditsinskoy-tekhniki/edan/11338/,6800mAh,14.4V,,,,,нет данных в бэкапе,,,
11339,Аккумулятор для EDAN oximeter H100 1500mAh,akkumulyatory/promyshlennye/dlya-meditsinskoy-tekhniki/edan,https://microchips.by/catalog/akkumulyatory/promyshlennye/dlya-meditsinskoy-tekhniki/edan/11339/,1500mAh,,,,,,нет данных в бэкапе,,,
11340,"Аккумулятор для EDAN SD5, SD6 2000mah",akkumulyatory/promyshlennye/dlya-meditsinskoy-tekhniki/edan,https://microchips.by/catalog/akkumulyatory/promyshlennye/dlya-meditsinskoy-tekhniki/edan/11340/,2000mah,,,,,,нет данных в бэкапе,,,
11341,"Аккумулятор для EDAN ECG-12A, ECG-12B 2200mah",akkumulyatory/promyshlennye/dlya-meditsinskoy-tekhniki/edan,https://microchips.by/catalog/akkumulyatory/promyshlennye/dlya-meditsinskoy-tekhniki/edan/11341/,2200mah,,,,,,нет данных в бэкапе,,,
11342,Аккумулятор для Eppendorf Easypet 3 1050mAh,akkumulyatory/promyshlennye/dlya-meditsinskoy-tekhniki/eppendorf,https://microchips.by/catalog/akkumulyatory/promyshlennye/dlya-meditsinskoy-tekhniki/eppendorf/11342/,1050mAh,,,,,,нет данных в бэкапе,,,
11343,Аккумулятор для Eppendorf Research Pro 1200mah,akkumulyatory/promyshlennye/dlya-meditsinskoy-tekhniki/eppendorf,https://microchips.by/catalog/akkumulyatory/promyshlennye/dlya-meditsinskoy-tekhniki/eppendorf/11343/,1200mah,,,,,,нет данных в бэкапе,,,
11344,"Аккумулятор для Eppendorf Stream, Xstream, Multipette E3 (022462407) 1200mAh",akkumulyatory/promyshlennye/dlya-meditsinskoy-tekhniki/eppendorf,https://microchips.by/catalog/akkumulyatory/promyshlennye/dlya-meditsinskoy-tekhniki/eppendorf/11344/,1200mAh,,,,,,нет данных в бэкапе,,,
11345,"Аккумулятор для Eppendorf Xplorer, Xplorer Plus (4861 601.000) 450mAh",akkumulyatory/promyshlennye/dlya-meditsinskoy-tekhniki/eppendorf,https://microchips.by/catalog/akkumulyatory/promyshlennye/dlya-meditsinskoy-tekhniki/eppendorf/11345/,450mAh,,,,,,нет данных в бэкапе,,,
11346,Аккумулятор для Eschenbach Visolux Digital HD (3200-1B) 3400mah,akkumulyatory/promyshlennye/dlya-meditsinskoy-tekhniki/eschenbach,https://microchips.by/catalog/akkumulyatory/promyshlennye/dlya-meditsinskoy-tekhniki/eschenbach/11346/,3400mah,,,,,,нет данных в бэкапе,,,
11347,"Аккумулятор для Finnpipette Novus Single, Thermo Scientific E1-ClipTip ElectronicPipette (12905550) 950mAh",akkumulyatory/promyshlennye/dlya-meditsinskoy-tekhniki/finnpipette,https://microchips.by/catalog/akkumulyatory/promyshlennye/dlya-meditsinskoy-tekhniki/finnpipette/11347/,950mAh,,,,,,нет данных в бэкапе,,,
11348,Аккумулятор для Flight 60 Internal (V60-19100-63) 2600mah,akkumulyatory/promyshlennye/dlya-meditsinskoy-tekhniki/flight-medical,https://microchips.by/catalog/akkumulyatory/promyshlennye/dlya-meditsinskoy-tekhniki/flight-medical/11348/,2600mah,,,,,,нет данных в бэкапе,,,
11349,Аккумулятор для Flight 60 Main (V60-19000-63) 5200mah,akkumulyatory/promyshlennye/dlya-meditsinskoy-tekhniki/flight-medical,https://microchips.by/catalog/akkumulyatory/promyshlennye/dlya-meditsinskoy-tekhniki/flight-medical/11349/,5200mah,,,,,,нет данных в бэкапе,,,
11351,Аккумулятор для Fluke Biomedical INCU II Incubator 10200mAh,akkumulyatory/promyshlennye/dlya-meditsinskoy-tekhniki/fluke,https://microchips.by/catalog/akkumulyatory/promyshlennye/dlya-meditsinskoy-tekhniki/fluke/11351/,10200mAh,,,,,,нет данных в бэкапе,,,
11352,Аккумулятор для Fresenius Applix Feeding Pump (120209) 1200mAh,akkumulyatory/promyshlennye/dlya-meditsinskoy-tekhniki/fresenius,https://microchips.by/catalog/akkumulyatory/promyshlennye/dlya-meditsinskoy-tekhniki/fresenius/11352/,1200mAh,,,,,,нет данных в бэкапе,,,
11353,Аккумулятор для Fresenius ARGUS 400 2000mAh,akkumulyatory/promyshlennye/dlya-meditsinskoy-tekhniki/fresenius,https://microchips.by/catalog/akkumulyatory/promyshlennye/dlya-meditsinskoy-tekhniki/fresenius/11353/,2000mAh,,,,,,нет данных в бэкапе,,,
11354,Аккумулятор для Fresenius Infusion pump Optima 2 750mah,akkumulyatory/promyshlennye/dlya-meditsinskoy-tekhniki/fresenius,https://microchips.by/catalog/akkumulyatory/promyshlennye/dlya-meditsinskoy-tekhniki/fresenius/11354/,750mah,,,,,,нет данных в бэкапе,,,
11355,"Аккумулятор для Fresenius Injectomat 500 (BK-3MCC) (2000mAh, 6V)",akkumulyatory/promyshlennye/dlya-meditsinskoy-tekhniki/fresenius,https://microchips.by/catalog/akkumulyatory/promyshlennye/dlya-meditsinskoy-tekhniki/fresenius/11355/,2000mAh,6V,,,,,нет данных в бэкапе,,,
11356,Аккумулятор для Fresenius Injectomat Agilia (MB1790) 3400mah,akkumulyatory/promyshlennye/dlya-meditsinskoy-tekhniki/fresenius,https://microchips.by/catalog/akkumulyatory/promyshlennye/dlya-meditsinskoy-tekhniki/fresenius/11356/,3400mah,,,,,,нет данных в бэкапе,,,
11357,Аккумулятор для Fresenius Injectomat Agilia (MB3639) 2000mah,akkumulyatory/promyshlennye/dlya-meditsinskoy-tekhniki/fresenius,https://microchips.by/catalog/akkumulyatory/promyshlennye/dlya-meditsinskoy-tekhniki/fresenius/11357/,2000mah,,,,,,нет данных в бэкапе,,,
11358,"Аккумулятор для Fresenius SP7, VP7 (KAYO654169-3S) 1900mAh",akkumulyatory/promyshlennye/dlya-meditsinskoy-tekhniki/fresenius,https://microchips.by/catalog/akkumulyatory/promyshlennye/dlya-meditsinskoy-tekhniki/fresenius/11358/,1900mAh,,,,,,нет данных в бэкапе,,,
11359,Аккумулятор для Fukuda BTE-002 6800mah,akkumulyatory/promyshlennye/dlya-meditsinskoy-tekhniki/fukuda,https://microchips.by/catalog/akkumulyatory/promyshlennye/dlya-meditsinskoy-tekhniki/fukuda/11359/,6800mah,,,,,,нет данных в бэкапе,,,
11360,"Аккумулятор для Fukuda Cardimax FX-7100, Cardimax FX-7102, Denshi CardiMax FCP-7101, FX-7302, FX-7402 4000mAh",akkumulyatory/promyshlennye/dlya-meditsinskoy-tekhniki/fukuda,https://microchips.by/catalog/akkumulyatory/promyshlennye/dlya-meditsinskoy-tekhniki/fukuda/11360/,4000mAh,,,,,,нет данных в бэкапе,,,
11361,Аккумулятор для Fukuda CardiMax FX-7202 2000mAh,akkumulyatory/promyshlennye/dlya-meditsinskoy-tekhniki/fukuda,https://microchips.by/catalog/akkumulyatory/promyshlennye/dlya-meditsinskoy-tekhniki/fukuda/11361/,2000mAh,,,,,,нет данных в бэкапе,,,
11362,"Аккумулятор для Fukuda Cardimax FX-7402, FX-7412, FX-7432 3800mAh",akkumulyatory/promyshlennye/dlya-meditsinskoy-tekhniki/fukuda,https://microchips.by/catalog/akkumulyatory/promyshlennye/dlya-meditsinskoy-tekhniki/fukuda/11362/,3800mAh,,,,,,нет данных в бэкапе,,,
11363,Аккумулятор для Fukuda Cardisuny C120 2000mAh,akkumulyatory/promyshlennye/dlya-meditsinskoy-tekhniki/fukuda,https://microchips.by/catalog/akkumulyatory/promyshlennye/dlya-meditsinskoy-tekhniki/fukuda/11363/,2000mAh,,,,,,нет данных в бэкапе,,,
11364,Аккумулятор для Fukuda Cardisuny ME501BX ECG Analyzer 2000mah,akkumulyatory/promyshlennye/dlya-meditsinskoy-tekhniki/fukuda,https://microchips.by/catalog/akkumulyatory/promyshlennye/dlya-meditsinskoy-tekhniki/fukuda/11364/,2000mah,,,,,,нет данных в бэкапе,,,
11365,Аккумулятор для Fukuda Denshi CardiMax FX-3010 2000mAh,akkumulyatory/promyshlennye/dlya-meditsinskoy-tekhniki/fukuda,https://microchips.by/catalog/akkumulyatory/promyshlennye/dlya-meditsinskoy-tekhniki/fukuda/11365/,2000mAh,,,,,,нет данных в бэкапе,,,
11366,Аккумулятор для Fukuda Denshi DS 7100 4400mAh,akkumulyatory/promyshlennye/dlya-meditsinskoy-tekhniki/fukuda,https://microchips.by/catalog/akkumulyatory/promyshlennye/dlya-meditsinskoy-tekhniki/fukuda/11366/,4400mAh,,,,,,нет данных в бэкапе,,,
11367,"Аккумулятор для Fukuda ECG Cardimax FCP-2101, FCB-220IU 3000mAh",akkumulyatory/promyshlennye/dlya-meditsinskoy-tekhniki/fukuda,https://microchips.by/catalog/akkumulyatory/promyshlennye/dlya-meditsinskoy-tekhniki/fukuda/11367/,3000mAh,,,,,,нет данных в бэкапе,,,
11368,Аккумулятор для Fukuda FC-1760 3000mAh,akkumulyatory/promyshlennye/dlya-meditsinskoy-tekhniki/fukuda,https://microchips.by/catalog/akkumulyatory/promyshlennye/dlya-meditsinskoy-tekhniki/fukuda/11368/,3000mAh,,,,,,нет данных в бэкапе,,,
11369,"Аккумулятор для Fukuda FCP-7541, FX-7540 3800mAh",akkumulyatory/promyshlennye/dlya-meditsinskoy-tekhniki/fukuda,https://microchips.by/catalog/akkumulyatory/promyshlennye/dlya-meditsinskoy-tekhniki/fukuda/11369/,3800mAh,,,,,,нет данных в бэкапе,,,
11370,"Аккумулятор для Fukuda FX-4010, FCP-4610 (6L2L1) 3800mAh",akkumulyatory/promyshlennye/dlya-meditsinskoy-tekhniki/fukuda,https://microchips.by/catalog/akkumulyatory/promyshlennye/dlya-meditsinskoy-tekhniki/fukuda/11370/,3800mAh,,,,,,нет данных в бэкапе,,,
11371,"Аккумулятор для Fukuda FX-8222, FX-8322, FCP-8321 3800mAh",akkumulyatory/promyshlennye/dlya-meditsinskoy-tekhniki/fukuda,https://microchips.by/catalog/akkumulyatory/promyshlennye/dlya-meditsinskoy-tekhniki/fukuda/11371/,3800mAh,,,,,,нет данных в бэкапе,,,
11372,"Аккумулятор для GE Aestiva 5 7100, Aespire 7100 5000mAh",akkumulyatory/promyshlennye/dlya-meditsinskoy-tekhniki/ge,https://microchips.by/catalog/akkumulyatory/promyshlennye/dlya-meditsinskoy-tekhniki/ge/11372/,5000mAh,,,,,,нет данных в бэкапе,,,
11373,Аккумулятор для GE CardioServ 3000mAh,akkumulyatory/promyshlennye/dlya-meditsinskoy-tekhniki/ge,https://microchips.by/catalog/akkumulyatory/promyshlennye/dlya-meditsinskoy-tekhniki/ge/11373/,3000mAh,,,,,,нет данных в бэкапе,,,
11374,"Аккумулятор для GE Defi SCP851 (B0402111) (2000mAh, 12V)",akkumulyatory/promyshlennye/dlya-meditsinskoy-tekhniki/ge,https://microchips.by/catalog/akkumulyatory/promyshlennye/dlya-meditsinskoy-tekhniki/ge/11374/,2000mAh,12V,,,,,нет данных в бэкапе,,,
11375,Аккумулятор для GE Eagle Monitor 4000 2800mAh,akkumulyatory/promyshlennye/dlya-meditsinskoy-tekhniki/ge,https://microchips.by/catalog/akkumulyatory/promyshlennye/dlya-meditsinskoy-tekhniki/ge/11375/,2800mAh,,,,,,нет данных в бэкапе,,,
11376,Аккумулятор для GE ECG Mac 800 (M2823) 6800mah,akkumulyatory/promyshlennye/dlya-meditsinskoy-tekhniki/ge,https://microchips.by/catalog/akkumulyatory/promyshlennye/dlya-meditsinskoy-tekhniki/ge/11376/,6800mah,,,,,,нет данных в бэкапе,,,
11377,Аккумулятор для GE ECG Mac 800 4500mah,akkumulyatory/promyshlennye/dlya-meditsinskoy-tekhniki/ge,https://microchips.by/catalog/akkumulyatory/promyshlennye/dlya-meditsinskoy-tekhniki/ge/11377/,4500mah,,,,,,нет данных в бэкапе,,,
11378,Аккумулятор для GE Echographe Logic-E 4400mah,akkumulyatory/promyshlennye/dlya-meditsinskoy-tekhniki/ge,https://microchips.by/catalog/akkumulyatory/promyshlennye/dlya-meditsinskoy-tekhniki/ge/11378/,4400mah,,,,,,нет данных в бэкапе,,,
11379,Аккумулятор для GE Echographe Vscan (M2840) 1500mah,akkumulyatory/promyshlennye/dlya-meditsinskoy-tekhniki/ge,https://microchips.by/catalog/akkumulyatory/promyshlennye/dlya-meditsinskoy-tekhniki/ge/11379/,1500mah,,,,,,нет данных в бэкапе,,,
1138,"Аккумулятор Panasonic LC-RA1212PG1 (AGM, 12Ah)",akkumulyatory/dlya_ibp/agm,https://microchips.by/catalog/akkumulyatory/dlya_ibp/agm/1138/,12Ah,,AGM,Panasonic,LC-RA1212PG1,110,ok,Y,,
11380,"Аккумулятор для GE Healthcare B20, B30, B40, Dash 3000, 4000, 5000 (5200mAh, 11.1V)",akkumulyatory/promyshlennye/dlya-meditsinskoy-tekhniki/ge,https://microchips.by/catalog/akkumulyatory/promyshlennye/dlya-meditsinskoy-tekhniki/ge/11380/,5200mAh,11.1V,,,,,нет данных в бэкапе,,,
11381,"Аккумулятор для GE Healthcare MAC 3500, 5000, 5500, Pac, Stress 3500mah",akkumulyatory/promyshlennye/dlya-meditsinskoy-tekhniki/ge,https://microchips.by/catalog/akkumulyatory/promyshlennye/dlya-meditsinskoy-tekhniki/ge/11381/,3500mah,,,,,,нет данных в бэкапе,,,
11382,"Аккумулятор для GE Healthcare MAC 400, 600, C3 2200mah",akkumulyatory/promyshlennye/dlya-meditsinskoy-tekhniki/ge,https://microchips.by/catalog/akkumulyatory/promyshlennye/dlya-meditsinskoy-tekhniki/ge/11382/,2200mah,,,,,,нет данных в бэкапе,,,
11383,"Аккумулятор для GE Mac 12, Mac 15 (401086-002D) 1100mAh",akkumulyatory/promyshlennye/dlya-meditsinskoy-tekhniki/ge,https://microchips.by/catalog/akkumulyatory/promyshlennye/dlya-meditsinskoy-tekhniki/ge/11383/,1100mAh,,,,,,нет данных в бэкапе,,,
11384,Аккумулятор для GE MAC 2000 (M2834) 3400mAh,akkumulyatory/promyshlennye/dlya-meditsinskoy-tekhniki/ge,https://microchips.by/catalog/akkumulyatory/promyshlennye/dlya-meditsinskoy-tekhniki/ge/11384/,3400mAh,,,,,,нет данных в бэкапе,,,
11385,Аккумулятор для GE MAC 2000 2600mAh,akkumulyatory/promyshlennye/dlya-meditsinskoy-tekhniki/ge,https://microchips.by/catalog/akkumulyatory/promyshlennye/dlya-meditsinskoy-tekhniki/ge/11385/,2600mAh,,,,,,нет данных в бэкапе,,,
11386,"Аккумулятор для GE Mac 8 Monitor, Mac Stress (EE170242) 8000mah",akkumulyatory/promyshlennye/dlya-meditsinskoy-tekhniki/ge,https://microchips.by/catalog/akkumulyatory/promyshlennye/dlya-meditsinskoy-tekhniki/ge/11386/,8000mah,,,,,,нет данных в бэкапе,,,
11387,Аккумулятор для GE TruSat Oximeter (B11435) 3600mAh,akkumulyatory/promyshlennye/dlya-meditsinskoy-tekhniki/ge,https://microchips.by/catalog/akkumulyatory/promyshlennye/dlya-meditsinskoy-tekhniki/ge/11387/,3600mAh,,,,,,нет данных в бэкапе,,,
11388,"Аккумулятор для GE Ultraschall Logiq S7 Expert, Logiq S8 (M2843) 10200mAh",akkumulyatory/promyshlennye/dlya-meditsinskoy-tekhniki/ge,https://microchips.by/catalog/akkumulyatory/promyshlennye/dlya-meditsinskoy-tekhniki/ge/11388/,10200mAh,,,,,,нет данных в бэкапе,,,
11389,"Аккумулятор для GE Ultraschall Logiq S7 Expert, Logiq S8 Polaris (M2843) 7800mAh",akkumulyatory/promyshlennye/dlya-meditsinskoy-tekhniki/ge,https://microchips.by/catalog/akkumulyatory/promyshlennye/dlya-meditsinskoy-tekhniki/ge/11389/,7800mAh,,,,,,нет данных в бэкапе,,,
1139,"Аккумулятор Panasonic LC-R061R3P (AGM, 1.3Ah)",akkumulyatory/dlya_ibp/agm,https://microchips.by/catalog/akkumulyatory/dlya_ibp/agm/1139/,1.3Ah,,AGM,Panasonic,LC-R061R3P,33,ok,Y,,
11390,Аккумулятор для General G3H (LB13H040) 2600mah,akkumulyatory/promyshlennye/dlya-meditsinskoy-tekhniki/general-meditech,https://microchips.by/catalog/akkumulyatory/promyshlennye/dlya-meditsinskoy-tekhniki/general-meditech/11390/,2600mah,,,,,,нет данных в бэкапе,,,
11391,Аккумулятор для Grason GSI70 (AMED2005) (2000mAh. 7.2V),akkumulyatory/promyshlennye/dlya-meditsinskoy-tekhniki/grason,https://microchips.by/catalog/akkumulyatory/promyshlennye/dlya-meditsinskoy-tekhniki/grason/11391/,2000mAh,7.2V,,,,,нет данных в бэкапе,,,
11392,"Аккумулятор для Hamilton C1, T1 6600mah",akkumulyatory/promyshlennye/dlya-meditsinskoy-tekhniki/hamilton,https://microchips.by/catalog/akkumulyatory/promyshlennye/dlya-meditsinskoy-tekhniki/hamilton/11392/,6600mah,,,,,,нет данных в бэкапе,,,
11393,"Аккумулятор для Hamilton C2, C3 (7800mAh, 14.4V)",akkumulyatory/promyshlennye/dlya-meditsinskoy-tekhniki/hamilton,https://microchips.by/catalog/akkumulyatory/promyshlennye/dlya-meditsinskoy-tekhniki/hamilton/11393/,7800mAh,14.4V,,,,,нет данных в бэкапе,,,
11394,"Аккумулятор для Heine Beta Handles, Beta 200 850mah",akkumulyatory/promyshlennye/dlya-meditsinskoy-tekhniki/heine,https://microchips.by/catalog/akkumulyatory/promyshlennye/dlya-meditsinskoy-tekhniki/heine/11394/,850mah,,,,,,нет данных в бэкапе,,,
11395,"Аккумулятор для Heine mPack, mPack LL 5200mah",akkumulyatory/promyshlennye/dlya-meditsinskoy-tekhniki/heine,https://microchips.by/catalog/akkumulyatory/promyshlennye/dlya-meditsinskoy-tekhniki/heine/11395/,5200mah,,,,,,нет данных в бэкапе,,,
11396,Аккумулятор для Heine Old S2Z handles (X-001.99.333) 1400mah,akkumulyatory/promyshlennye/dlya-meditsinskoy-tekhniki/heine,https://microchips.by/catalog/akkumulyatory/promyshlennye/dlya-meditsinskoy-tekhniki/heine/11396/,1400mah,,,,,,нет данных в бэкапе,,,
11397,"Аккумулятор для Hellige Cardiotest EK53, EK56 3000mAh",akkumulyatory/promyshlennye/dlya-meditsinskoy-tekhniki/hellige,https://microchips.by/catalog/akkumulyatory/promyshlennye/dlya-meditsinskoy-tekhniki/hellige/11397/,3000mAh,,,,,,нет данных в бэкапе,,,
11398,"Аккумулятор для Hellige Defi SCP851, Defi SCP852 (110028) 4000mah",akkumulyatory/promyshlennye/dlya-meditsinskoy-tekhniki/hellige,https://microchips.by/catalog/akkumulyatory/promyshlennye/dlya-meditsinskoy-tekhniki/hellige/11398/,4000mah,,,,,,нет данных в бэкапе,,,
11399,"Аккумулятор для Hellige EKG Cardio Smart, GE MAC1000, MAC1500 2000mah",akkumulyatory/promyshlennye/dlya-meditsinskoy-tekhniki/hellige,https://microchips.by/catalog/akkumulyatory/promyshlennye/dlya-meditsinskoy-tekhniki/hellige/11399/,2000mah,,,,,,нет данных в бэкапе,,,
1140,"Аккумулятор Panasonic LC-R121R3PG (AGM, 1.3Ah)",akkumulyatory/dlya_ibp/agm,https://microchips.by/catalog/akkumulyatory/dlya_ibp/agm/1140/,1.3Ah,,AGM,Panasonic,LC-R121R3PG,57,ok,Y,,
11400,Аккумулятор для Hellige SCB2 Defibrillator (110035) 3000mah,akkumulyatory/promyshlennye/dlya-meditsinskoy-tekhniki/hellige,https://microchips.by/catalog/akkumulyatory/promyshlennye/dlya-meditsinskoy-tekhniki/hellige/11400/,3000mah,,,,,,нет данных в бэкапе,,,
11401,Аккумулятор для Hellige SCB2 Scope (110034) 3000mah,akkumulyatory/promyshlennye/dlya-meditsinskoy-tekhniki/hellige,https://microchips.by/catalog/akkumulyatory/promyshlennye/dlya-meditsinskoy-tekhniki/hellige/11401/,3000mah,,,,,,нет данных в бэкапе,,,
11402,"Аккумулятор для HillRom Lifter, Liko, Viking M (110539) 2500mAh",akkumulyatory/promyshlennye/dlya-meditsinskoy-tekhniki/hillrom,https://microchips.by/catalog/akkumulyatory/promyshlennye/dlya-meditsinskoy-tekhniki/hillrom/11402/,2500mAh,,,,,,нет данных в бэкапе,,,
11403,Аккумулятор для HillRom Liko Leve Malade Vikin (2006107) 2500mAh,akkumulyatory/promyshlennye/dlya-meditsinskoy-tekhniki/hillrom,https://microchips.by/catalog/akkumulyatory/promyshlennye/dlya-meditsinskoy-tekhniki/hillrom/11403/,2500mAh,,,,,,нет данных в бэкапе,,,
11404,Аккумулятор для Hitachi Hada Crie (UF18500F-TU-C) 1600mah,akkumulyatory/promyshlennye/dlya-meditsinskoy-tekhniki/hitachi,https://microchips.by/catalog/akkumulyatory/promyshlennye/dlya-meditsinskoy-tekhniki/hitachi/11404/,1600mah,,,,,,нет данных в бэкапе,,,
11405,"Аккумулятор для Honda HS-101V, HS-102V (HBP-101V) 1850mah",akkumulyatory/promyshlennye/dlya-meditsinskoy-tekhniki/honda,https://microchips.by/catalog/akkumulyatory/promyshlennye/dlya-meditsinskoy-tekhniki/honda/11405/,1850mah,101V,,,,,нет данных в бэкапе,,,
11406,Аккумулятор для Horron ORON628G 2600mah,akkumulyatory/promyshlennye/dlya-meditsinskoy-tekhniki/horron,https://microchips.by/catalog/akkumulyatory/promyshlennye/dlya-meditsinskoy-tekhniki/horron/11406/,2600mah,,,,,,нет данных в бэкапе,,,
11407,"Аккумулятор для HP M3516A (10TH-1800A-W1) (2000mAh, 12V)",akkumulyatory/promyshlennye/dlya-meditsinskoy-tekhniki/hp,https://microchips.by/catalog/akkumulyatory/promyshlennye/dlya-meditsinskoy-tekhniki/hp/11407/,2000mAh,12V,,,,,нет данных в бэкапе,,,
11408,Аккумулятор для Huaxi HX-901A 2000mAh,akkumulyatory/promyshlennye/dlya-meditsinskoy-tekhniki/huaxi,https://microchips.by/catalog/akkumulyatory/promyshlennye/dlya-meditsinskoy-tekhniki/huaxi/11408/,2000mAh,,,,,,нет данных в бэкапе,,,
11409,Аккумулятор для Huaxi HX-903A 3000mAh,akkumulyatory/promyshlennye/dlya-meditsinskoy-tekhniki/huaxi,https://microchips.by/catalog/akkumulyatory/promyshlennye/dlya-meditsinskoy-tekhniki/huaxi/11409/,3000mAh,,,,,,нет данных в бэкапе,,,
11410,"Аккумулятор для Philips Goldway G50 (6600mAh, 10.8V)",akkumulyatory/promyshlennye/dlya-meditsinskoy-tekhniki/philips,https://microchips.by/catalog/akkumulyatory/promyshlennye/dlya-meditsinskoy-tekhniki/philips/11410/,6600mAh,10.8V,,,,,нет данных в бэкапе,,,
11411,Аккумулятор для Huntleigh SC1000 3500mAh,akkumulyatory/promyshlennye/dlya-meditsinskoy-tekhniki/huntleigh,https://microchips.by/catalog/akkumulyatory/promyshlennye/dlya-meditsinskoy-tekhniki/huntleigh/11411/,3500mAh,,,,,,нет данных в бэкапе,,,
11412,"Аккумулятор для iHealth BP5, BP7 370mAh",akkumulyatory/promyshlennye/dlya-meditsinskoy-tekhniki/ihealth,https://microchips.by/catalog/akkumulyatory/promyshlennye/dlya-meditsinskoy-tekhniki/ihealth/11412/,370mAh,,,,,,нет данных в бэкапе,,,
11413,Аккумулятор для Innomed CA360B 3000mah,akkumulyatory/promyshlennye/dlya-meditsinskoy-tekhniki/innomed,https://microchips.by/catalog/akkumulyatory/promyshlennye/dlya-meditsinskoy-tekhniki/innomed/11413/,3000mah,,,,,,нет данных в бэкапе,,,
11414,Аккумулятор для Innomed HeartScreen 112d 3500mah,akkumulyatory/promyshlennye/dlya-meditsinskoy-tekhniki/innomed,https://microchips.by/catalog/akkumulyatory/promyshlennye/dlya-meditsinskoy-tekhniki/innomed/11414/,3500mah,,,,,,нет данных в бэкапе,,,
11415,Аккумулятор для Invivo 9093 Precess 5080mAh,akkumulyatory/promyshlennye/dlya-meditsinskoy-tekhniki/invivo,https://microchips.by/catalog/akkumulyatory/promyshlennye/dlya-meditsinskoy-tekhniki/invivo/11415/,5080mAh,,,,,,нет данных в бэкапе,,,
11416,Аккумулятор для Iris ST4ex (2010-0014) 1000mAh,akkumulyatory/promyshlennye/dlya-meditsinskoy-tekhniki/iris,https://microchips.by/catalog/akkumulyatory/promyshlennye/dlya-meditsinskoy-tekhniki/iris/11416/,1000mAh,,,,,,нет данных в бэкапе,,,
11417,Аккумулятор для JMS OT-701 3000mAh,akkumulyatory/promyshlennye/dlya-meditsinskoy-tekhniki/jms,https://microchips.by/catalog/akkumulyatory/promyshlennye/dlya-meditsinskoy-tekhniki/jms/11417/,3000mAh,,,,,,нет данных в бэкапе,,,
11418,"Аккумулятор для Jumper JPD-300A, JPK-300B (JHT-99J-00) 2600mah",akkumulyatory/promyshlennye/dlya-meditsinskoy-tekhniki/jumper,https://microchips.by/catalog/akkumulyatory/promyshlennye/dlya-meditsinskoy-tekhniki/jumper/11418/,2600mah,,,,,,нет данных в бэкапе,,,
11419,Аккумулятор для Karl Storz Surgical Headlight (094125A) 1000mah,akkumulyatory/promyshlennye/dlya-meditsinskoy-tekhniki/karl-storz,https://microchips.by/catalog/akkumulyatory/promyshlennye/dlya-meditsinskoy-tekhniki/karl-storz/11419/,1000mah,,,,,,нет данных в бэкапе,,,
1142,"Аккумулятор Panasonic LC-P127R2P (AGM, 7.2Ah)",akkumulyatory/dlya_ibp/agm,https://microchips.by/catalog/akkumulyatory/dlya_ibp/agm/1142/,7.2Ah,,AGM,Panasonic,LC-P127R2P,80,ok,Y,,
11420,"Аккумулятор для Kenz Cardico ECG-108, ECG-110 1200mAh",akkumulyatory/promyshlennye/dlya-meditsinskoy-tekhniki/kenz-cardico,https://microchips.by/catalog/akkumulyatory/promyshlennye/dlya-meditsinskoy-tekhniki/kenz-cardico/11420/,1200mAh,,,,,,нет данных в бэкапе,,,
11422,Аккумулятор для LikoGuard Overhead Patient Lift (33090009) 5000mah,akkumulyatory/promyshlennye/dlya-meditsinskoy-tekhniki/likoguard,https://microchips.by/catalog/akkumulyatory/promyshlennye/dlya-meditsinskoy-tekhniki/likoguard/11422/,5000mah,,,,,,нет данных в бэкапе,,,
11423,Аккумулятор для Maquet 02270353 (0227-0353) 8800mah,akkumulyatory/promyshlennye/dlya-meditsinskoy-tekhniki/maquet,https://microchips.by/catalog/akkumulyatory/promyshlennye/dlya-meditsinskoy-tekhniki/maquet/11423/,8800mah,,,,,,нет данных в бэкапе,,,
11424,"Аккумулятор для Maquet 121102C0, Operating Table Remote (MB613A) 700mah",akkumulyatory/promyshlennye/dlya-meditsinskoy-tekhniki/maquet,https://microchips.by/catalog/akkumulyatory/promyshlennye/dlya-meditsinskoy-tekhniki/maquet/11424/,700mah,,,,,,нет данных в бэкапе,,,
11425,"Аккумулятор для Maquet Servo I, Servo S, Critical Care AB (MB1127) 4000mAh",akkumulyatory/promyshlennye/dlya-meditsinskoy-tekhniki/maquet,https://microchips.by/catalog/akkumulyatory/promyshlennye/dlya-meditsinskoy-tekhniki/maquet/11425/,4000mAh,,,,,,нет данных в бэкапе,,,
11426,Аккумулятор для Marco KM500 (Nidek) (MA-3010) 2000mah,akkumulyatory/promyshlennye/dlya-meditsinskoy-tekhniki/marco,https://microchips.by/catalog/akkumulyatory/promyshlennye/dlya-meditsinskoy-tekhniki/marco/11426/,2000mah,,,,,,нет данных в бэкапе,,,
11427,"Аккумулятор для Marquette Dash 1000 (B10701) (4000mAh, 12V)",akkumulyatory/promyshlennye/dlya-meditsinskoy-tekhniki/marquette,https://microchips.by/catalog/akkumulyatory/promyshlennye/dlya-meditsinskoy-tekhniki/marquette/11427/,4000mAh,12V,,,,,нет данных в бэкапе,,,
11428,Аккумулятор для Masimo Radical-7 9500 Touchscreen (B11939) 3750mah,akkumulyatory/promyshlennye/dlya-meditsinskoy-tekhniki/masimo,https://microchips.by/catalog/akkumulyatory/promyshlennye/dlya-meditsinskoy-tekhniki/masimo/11428/,3750mah,,,,,,нет данных в бэкапе,,,
11429,Аккумулятор для Masimo Radical7 (B11588) 2000mAh,akkumulyatory/promyshlennye/dlya-meditsinskoy-tekhniki/masimo,https://microchips.by/catalog/akkumulyatory/promyshlennye/dlya-meditsinskoy-tekhniki/masimo/11429/,2000mAh,,,,,,нет данных в бэкапе,,,
1143,"Аккумулятор Panasonic LC-T12105P (AGM, 105Ah)",akkumulyatory/dlya_ibp/agm,https://microchips.by/catalog/akkumulyatory/dlya_ibp/agm/1143/,105Ah,,AGM,Panasonic,LC-T12105P,973,ok,Y,,
11430,Аккумулятор для Masimo SEDLine 2600mAh,akkumulyatory/promyshlennye/dlya-meditsinskoy-tekhniki/masimo,https://microchips.by/catalog/akkumulyatory/promyshlennye/dlya-meditsinskoy-tekhniki/masimo/11430/,2600mAh,,,,,,нет данных в бэкапе,,,
11431,Аккумулятор для Masimo SEDLine 3400mah,akkumulyatory/promyshlennye/dlya-meditsinskoy-tekhniki/masimo,https://microchips.by/catalog/akkumulyatory/promyshlennye/dlya-meditsinskoy-tekhniki/masimo/11431/,3400mah,,,,,,нет данных в бэкапе,,,
11432,"Аккумулятор для Medcaptain MP-30, MP-60 1500mah",akkumulyatory/promyshlennye/dlya-meditsinskoy-tekhniki/medcaptain,https://microchips.by/catalog/akkumulyatory/promyshlennye/dlya-meditsinskoy-tekhniki/medcaptain/11432/,1500mah,,,,,,нет данных в бэкапе,,,
11433,"Аккумулятор для Medela Vario 8, Vario 18 (EE090305) 2000mah",akkumulyatory/promyshlennye/dlya-meditsinskoy-tekhniki/medela,https://microchips.by/catalog/akkumulyatory/promyshlennye/dlya-meditsinskoy-tekhniki/medela/11433/,2000mah,,,,,,нет данных в бэкапе,,,
11434,Аккумулятор для Mediaid POX010-34 800mAh,akkumulyatory/promyshlennye/dlya-meditsinskoy-tekhniki/mediaid,https://microchips.by/catalog/akkumulyatory/promyshlennye/dlya-meditsinskoy-tekhniki/mediaid/11434/,800mAh,,,,,,нет данных в бэкапе,,,
11435,Аккумулятор для Medical Econet Compact 2 2600mAh,akkumulyatory/promyshlennye/dlya-meditsinskoy-tekhniki/medical-econet,https://microchips.by/catalog/akkumulyatory/promyshlennye/dlya-meditsinskoy-tekhniki/medical-econet/11435/,2600mAh,,,,,,нет данных в бэкапе,,,
11436,Аккумулятор для Medsonic MSCPR-1A 2600mah,akkumulyatory/promyshlennye/dlya-meditsinskoy-tekhniki/medsonic,https://microchips.by/catalog/akkumulyatory/promyshlennye/dlya-meditsinskoy-tekhniki/medsonic/11436/,2600mah,,,,,,нет данных в бэкапе,,,
11437,Аккумулятор для Medsonic MSCPR-1A 3400mAh,akkumulyatory/promyshlennye/dlya-meditsinskoy-tekhniki/medsonic,https://microchips.by/catalog/akkumulyatory/promyshlennye/dlya-meditsinskoy-tekhniki/medsonic/11437/,3400mAh,,,,,,нет данных в бэкапе,,,
11438,"Аккумулятор для Medtronic DEFI-B M110, DEFI-B M111 (ZN-13369) 2000mAh",akkumulyatory/promyshlennye/dlya-meditsinskoy-tekhniki/medtronic,https://microchips.by/catalog/akkumulyatory/promyshlennye/dlya-meditsinskoy-tekhniki/medtronic/11438/,2000mAh,,,,,,нет данных в бэкапе,,,
11439,Аккумулятор для Medtronic Physio-Control Lifepak 20e (11141-000112) 7800mAh,akkumulyatory/promyshlennye/dlya-meditsinskoy-tekhniki/medtronic,https://microchips.by/catalog/akkumulyatory/promyshlennye/dlya-meditsinskoy-tekhniki/medtronic/11439/,7800mAh,,,,,,нет данных в бэкапе,,,
1144,"Аккумулятор Panasonic LC-QA12110TP (AGM, 110Ah)",akkumulyatory/dlya_ibp/agm,https://microchips.by/catalog/akkumulyatory/dlya_ibp/agm/1144/,110Ah,,AGM,Panasonic,LC-QA12110TP,1164,ok,Y,,
11440,Аккумулятор для Medtronic Physio-Control Lifepak 20e 10200mah,akkumulyatory/promyshlennye/dlya-meditsinskoy-tekhniki/medtronic,https://microchips.by/catalog/akkumulyatory/promyshlennye/dlya-meditsinskoy-tekhniki/medtronic/11440/,10200mah,,,,,,нет данных в бэкапе,,,
11441,Аккумулятор для Medtronic Physio-Control Lifepak 9 2500mah,akkumulyatory/promyshlennye/dlya-meditsinskoy-tekhniki/medtronic,https://microchips.by/catalog/akkumulyatory/promyshlennye/dlya-meditsinskoy-tekhniki/medtronic/11441/,2500mah,,,,,,нет данных в бэкапе,,,
11442,Аккумулятор для Mekics Mtv 1000 5200mAh,akkumulyatory/promyshlennye/dlya-meditsinskoy-tekhniki/mekics,https://microchips.by/catalog/akkumulyatory/promyshlennye/dlya-meditsinskoy-tekhniki/mekics/11442/,5200mAh,,,,,,нет данных в бэкапе,,,
11443,"Аккумулятор для Metrax Primedic DM1, DM3 3000mah",akkumulyatory/promyshlennye/dlya-meditsinskoy-tekhniki/metrax,https://microchips.by/catalog/akkumulyatory/promyshlennye/dlya-meditsinskoy-tekhniki/metrax/11443/,3000mah,,,,,,нет данных в бэкапе,,,
11444,Аккумулятор для Microtac Infinity SA 9800 700mAh,akkumulyatory/promyshlennye/dlya-meditsinskoy-tekhniki/microtac,https://microchips.by/catalog/akkumulyatory/promyshlennye/dlya-meditsinskoy-tekhniki/microtac/11444/,700mAh,,,,,,нет данных в бэкапе,,,
11445,"Аккумулятор для Million ML1100, ML700 2400mah",akkumulyatory/promyshlennye/dlya-meditsinskoy-tekhniki/million,https://microchips.by/catalog/akkumulyatory/promyshlennye/dlya-meditsinskoy-tekhniki/million/11445/,2400mah,,,,,,нет данных в бэкапе,,,
11446,"Аккумулятор для Million ML1200, ML1500 (FY-18650LP01555) 3400mah",akkumulyatory/promyshlennye/dlya-meditsinskoy-tekhniki/million,https://microchips.by/catalog/akkumulyatory/promyshlennye/dlya-meditsinskoy-tekhniki/million/11446/,3400mah,,,,,,нет данных в бэкапе,,,
11447,"Аккумулятор для Million ML1200, ML1500 2600mah",akkumulyatory/promyshlennye/dlya-meditsinskoy-tekhniki/million,https://microchips.by/catalog/akkumulyatory/promyshlennye/dlya-meditsinskoy-tekhniki/million/11447/,2600mah,,,,,,нет данных в бэкапе,,,
11448,"Аккумулятор для Mindray Accutorr V, DPM3, DPM4, DPM5 5200mAh",akkumulyatory/promyshlennye/dlya-meditsinskoy-tekhniki/mindray,https://microchips.by/catalog/akkumulyatory/promyshlennye/dlya-meditsinskoy-tekhniki/mindray/11448/,5200mAh,,,,,,нет данных в бэкапе,,,
11449,"Аккумулятор для Mindray BeneHeart D1, D2, D3 (LI24I001A) 6800mah",akkumulyatory/promyshlennye/dlya-meditsinskoy-tekhniki/mindray,https://microchips.by/catalog/akkumulyatory/promyshlennye/dlya-meditsinskoy-tekhniki/mindray/11449/,6800mah,,,,,,нет данных в бэкапе,,,
1145,"Аккумулятор Panasonic LC-P12120P (AGM, 120Ah)",akkumulyatory/dlya_ibp/agm,https://microchips.by/catalog/akkumulyatory/dlya_ibp/agm/1145/,120Ah,,AGM,Panasonic,LC-P12120P,828,ok,Y,,
11450,"Аккумулятор для Mindray BeneHeart D1, D2, D3 5200mah",akkumulyatory/promyshlennye/dlya-meditsinskoy-tekhniki/mindray,https://microchips.by/catalog/akkumulyatory/promyshlennye/dlya-meditsinskoy-tekhniki/mindray/11450/,5200mah,,,,,,нет данных в бэкапе,,,
11451,"Аккумулятор для Mindray BeneHeart D5, D6, DP-50, Z5, Z6 (LI34I001A) 10200mAh",akkumulyatory/promyshlennye/dlya-meditsinskoy-tekhniki/mindray,https://microchips.by/catalog/akkumulyatory/promyshlennye/dlya-meditsinskoy-tekhniki/mindray/11451/,10200mAh,,,,,,нет данных в бэкапе,,,
11452,"Аккумулятор для Mindray BeneHeart D5, D6, DP-50, Z5, Z6 6600mah",akkumulyatory/promyshlennye/dlya-meditsinskoy-tekhniki/mindray,https://microchips.by/catalog/akkumulyatory/promyshlennye/dlya-meditsinskoy-tekhniki/mindray/11452/,6600mah,,,,,,нет данных в бэкапе,,,
11453,Аккумулятор для Mindray BeneHeart R3 2600mAh,akkumulyatory/promyshlennye/dlya-meditsinskoy-tekhniki/mindray,https://microchips.by/catalog/akkumulyatory/promyshlennye/dlya-meditsinskoy-tekhniki/mindray/11453/,2600mAh,,,,,,нет данных в бэкапе,,,
11454,Аккумулятор для Mindray BeneView T1 2600mah,akkumulyatory/promyshlennye/dlya-meditsinskoy-tekhniki/mindray,https://microchips.by/catalog/akkumulyatory/promyshlennye/dlya-meditsinskoy-tekhniki/mindray/11454/,2600mah,,,,,,нет данных в бэкапе,,,
11455,Аккумулятор для Mindray Beneview T1 3400mAh,akkumulyatory/promyshlennye/dlya-meditsinskoy-tekhniki/mindray,https://microchips.by/catalog/akkumulyatory/promyshlennye/dlya-meditsinskoy-tekhniki/mindray/11455/,3400mAh,,,,,,нет данных в бэкапе,,,
11456,"Аккумулятор для Mindray BeneView T5, T6, T8, T9, Accutorr 3, 7, Passport 8, 12 5200mah",akkumulyatory/promyshlennye/dlya-meditsinskoy-tekhniki/mindray,https://microchips.by/catalog/akkumulyatory/promyshlennye/dlya-meditsinskoy-tekhniki/mindray/11456/,5200mah,,,,,,нет данных в бэкапе,,,
11457,"Аккумулятор для Mindray BeneView T5, T6, T8, T9, Accutorr 3, 7, Passport 8, 12 6800mah",akkumulyatory/promyshlennye/dlya-meditsinskoy-tekhniki/mindray,https://microchips.by/catalog/akkumulyatory/promyshlennye/dlya-meditsinskoy-tekhniki/mindray/11457/,6800mah,,,,,,нет данных в бэкапе,,,
11458,Аккумулятор для Mindray BeneVision N1 2600mah,akkumulyatory/promyshlennye/dlya-meditsinskoy-tekhniki/mindray,https://microchips.by/catalog/akkumulyatory/promyshlennye/dlya-meditsinskoy-tekhniki/mindray/11458/,2600mah,,,,,,нет данных в бэкапе,,,
11459,"Аккумулятор для Mindray BeneVision TD60, TM80 3800mAh",akkumulyatory/promyshlennye/dlya-meditsinskoy-tekhniki/mindray,https://microchips.by/catalog/akkumulyatory/promyshlennye/dlya-meditsinskoy-tekhniki/mindray/11459/,3800mAh,,,,,,нет данных в бэкапе,,,
11460,"Аккумулятор для Mindray Echographe M5, M7, M9 4400mAh",akkumulyatory/promyshlennye/dlya-meditsinskoy-tekhniki/mindray,https://microchips.by/catalog/akkumulyatory/promyshlennye/dlya-meditsinskoy-tekhniki/mindray/11460/,4400mAh,,,,,,нет данных в бэкапе,,,
11461,"Аккумулятор для Mindray iMEC 8, 10, 12, iPM 8, 10, 12 4500mah",akkumulyatory/promyshlennye/dlya-meditsinskoy-tekhniki/mindray,https://microchips.by/catalog/akkumulyatory/promyshlennye/dlya-meditsinskoy-tekhniki/mindray/11461/,4500mah,,,,,,нет данных в бэкапе,,,
11462,"Аккумулятор для Mindray IMEC8, IPM10, Moniteur VS600 (Li31001A) 6800mAh",akkumulyatory/promyshlennye/dlya-meditsinskoy-tekhniki/mindray,https://microchips.by/catalog/akkumulyatory/promyshlennye/dlya-meditsinskoy-tekhniki/mindray/11462/,6800mAh,,,,,,нет данных в бэкапе,,,
11463,"Аккумулятор для Mindray M9, M8, TE7, SV300 (LI24I002A) 5600mah",akkumulyatory/promyshlennye/dlya-meditsinskoy-tekhniki/mindray,https://microchips.by/catalog/akkumulyatory/promyshlennye/dlya-meditsinskoy-tekhniki/mindray/11463/,5600mah,,,,,,нет данных в бэкапе,,,
11464,Аккумулятор для Mindray MEC-1000 2600mah,akkumulyatory/promyshlennye/dlya-meditsinskoy-tekhniki/mindray,https://microchips.by/catalog/akkumulyatory/promyshlennye/dlya-meditsinskoy-tekhniki/mindray/11464/,2600mah,,,,,,нет данных в бэкапе,,,
11465,Аккумулятор для Mindray Oxymetre Pouls PM60 1800mAh,akkumulyatory/promyshlennye/dlya-meditsinskoy-tekhniki/mindray,https://microchips.by/catalog/akkumulyatory/promyshlennye/dlya-meditsinskoy-tekhniki/mindray/11465/,1800mAh,,,,,,нет данных в бэкапе,,,
11466,Аккумулятор для Mindray SP1 2600mAh,akkumulyatory/promyshlennye/dlya-meditsinskoy-tekhniki/mindray,https://microchips.by/catalog/akkumulyatory/promyshlennye/dlya-meditsinskoy-tekhniki/mindray/11466/,2600mAh,,,,,,нет данных в бэкапе,,,
11467,Аккумулятор для Mindray SP1 3400mAh,akkumulyatory/promyshlennye/dlya-meditsinskoy-tekhniki/mindray,https://microchips.by/catalog/akkumulyatory/promyshlennye/dlya-meditsinskoy-tekhniki/mindray/11467/,3400mAh,,,,,,нет данных в бэкапе,,,
11468,Аккумулятор для Mindray Umec10 5200mAh,akkumulyatory/promyshlennye/dlya-meditsinskoy-tekhniki/mindray,https://microchips.by/catalog/akkumulyatory/promyshlennye/dlya-meditsinskoy-tekhniki/mindray/11468/,5200mAh,,,,,,нет данных в бэкапе,,,
11469,Аккумулятор для Mindray uMEC10 6400mAh,akkumulyatory/promyshlennye/dlya-meditsinskoy-tekhniki/mindray,https://microchips.by/catalog/akkumulyatory/promyshlennye/dlya-meditsinskoy-tekhniki/mindray/11469/,6400mAh,,,,,,нет данных в бэкапе,,,
1147,"Аккумулятор Panasonic LC-P0612P (AGM, 12Ah)",akkumulyatory/dlya_ibp/agm,https://microchips.by/catalog/akkumulyatory/dlya_ibp/agm/1147/,12Ah,,AGM,Panasonic,LC-P0612P,85,ok,Y,,
11470,"Аккумулятор для Mindray WATO EX20, VS800 6400mah",akkumulyatory/promyshlennye/dlya-meditsinskoy-tekhniki/mindray,https://microchips.by/catalog/akkumulyatory/promyshlennye/dlya-meditsinskoy-tekhniki/mindray/11470/,6400mah,,,,,,нет данных в бэкапе,,,
11471,"Аккумулятор для Natus Audiometer Algo 3, Algo 3i 2600mah",akkumulyatory/promyshlennye/dlya-meditsinskoy-tekhniki/natus,https://microchips.by/catalog/akkumulyatory/promyshlennye/dlya-meditsinskoy-tekhniki/natus/11471/,2600mah,,,,,,нет данных в бэкапе,,,
11472,Аккумулятор для Nellcor Puritan Bennett N-550B Pulse Oximeter (069308) 3800mAh,akkumulyatory/promyshlennye/dlya-meditsinskoy-tekhniki/nellcor-puritan-bennett,https://microchips.by/catalog/akkumulyatory/promyshlennye/dlya-meditsinskoy-tekhniki/nellcor-puritan-bennett/11472/,3800mAh,,,,,,нет данных в бэкапе,,,
11473,Аккумулятор для Neusoft NSC-M10 (INR18650 3S2P) 5200mah,akkumulyatory/promyshlennye/dlya-meditsinskoy-tekhniki/neusoft,https://microchips.by/catalog/akkumulyatory/promyshlennye/dlya-meditsinskoy-tekhniki/neusoft/11473/,5200mah,,,,,,нет данных в бэкапе,,,
11474,Аккумулятор для Neusoft SCP-XIKANG-3001 (LIP855440 2S1P) 1800mah,akkumulyatory/promyshlennye/dlya-meditsinskoy-tekhniki/neusoft,https://microchips.by/catalog/akkumulyatory/promyshlennye/dlya-meditsinskoy-tekhniki/neusoft/11474/,1800mah,,,,,,нет данных в бэкапе,,,
11475,Аккумулятор для Newport HT70 Ventilator 2600mAh,akkumulyatory/promyshlennye/dlya-meditsinskoy-tekhniki/newport,https://microchips.by/catalog/akkumulyatory/promyshlennye/dlya-meditsinskoy-tekhniki/newport/11475/,2600mAh,,,,,,нет данных в бэкапе,,,
11476,"Аккумулятор для Nihon Kohden BSM-4000, BSM-5100 (NKB-101) 3000mah",akkumulyatory/promyshlennye/dlya-meditsinskoy-tekhniki/nihon-kohden,https://microchips.by/catalog/akkumulyatory/promyshlennye/dlya-meditsinskoy-tekhniki/nihon-kohden/11476/,3000mah,,,,,,нет данных в бэкапе,,,
11477,"Аккумулятор для Nihon Kohden ECG-9620, Cardiofax S (X071) 2000mah",akkumulyatory/promyshlennye/dlya-meditsinskoy-tekhniki/nihon-kohden,https://microchips.by/catalog/akkumulyatory/promyshlennye/dlya-meditsinskoy-tekhniki/nihon-kohden/11477/,2000mah,,,,,,нет данных в бэкапе,,,
11478,Аккумулятор для Nihon Kohden Life Scope N OPV-1500 2100mAh,akkumulyatory/promyshlennye/dlya-meditsinskoy-tekhniki/nihon-kohden,https://microchips.by/catalog/akkumulyatory/promyshlennye/dlya-meditsinskoy-tekhniki/nihon-kohden/11478/,2100mAh,,,,,,нет данных в бэкапе,,,
11479,Аккумулятор для Nihon Kohden OLG-2800 2500mAh,akkumulyatory/promyshlennye/dlya-meditsinskoy-tekhniki/nihon-kohden,https://microchips.by/catalog/akkumulyatory/promyshlennye/dlya-meditsinskoy-tekhniki/nihon-kohden/11479/,2500mAh,,,,,,нет данных в бэкапе,,,
1148,"Аккумулятор Panasonic LC-PA1212P1 (AGM, 12Ah)",akkumulyatory/dlya_ibp/agm,https://microchips.by/catalog/akkumulyatory/dlya_ibp/agm/1148/,12Ah,,AGM,Panasonic,LC-PA1212P1,,zero_or_invalid,Y,,
11480,Аккумулятор для Nihon Kohden PVM-2700 (X076) 3800mAh,akkumulyatory/promyshlennye/dlya-meditsinskoy-tekhniki/nihon-kohden,https://microchips.by/catalog/akkumulyatory/promyshlennye/dlya-meditsinskoy-tekhniki/nihon-kohden/11480/,3800mAh,,,,,,нет данных в бэкапе,,,
11481,Аккумулятор для Nihon Kohden SVM-7501 10200mah,akkumulyatory/promyshlennye/dlya-meditsinskoy-tekhniki/nihon-kohden,https://microchips.by/catalog/akkumulyatory/promyshlennye/dlya-meditsinskoy-tekhniki/nihon-kohden/11481/,10200mah,,,,,,нет данных в бэкапе,,,
11482,"Аккумулятор для Nihon Kohden TEC-5500, TEC-7700, TEC-8352 (NKB-301V) 2800mah",akkumulyatory/promyshlennye/dlya-meditsinskoy-tekhniki/nihon-kohden,https://microchips.by/catalog/akkumulyatory/promyshlennye/dlya-meditsinskoy-tekhniki/nihon-kohden/11482/,2800mah,301V,,,,,нет данных в бэкапе,,,
11483,Аккумулятор для Nihon Kohden WEE-1000 3400mAh,akkumulyatory/promyshlennye/dlya-meditsinskoy-tekhniki/nihon-kohden,https://microchips.by/catalog/akkumulyatory/promyshlennye/dlya-meditsinskoy-tekhniki/nihon-kohden/11483/,3400mAh,,,,,,нет данных в бэкапе,,,
11484,Аккумулятор для Nikkiso PSK-01 2000mah,akkumulyatory/promyshlennye/dlya-meditsinskoy-tekhniki/nikkiso,https://microchips.by/catalog/akkumulyatory/promyshlennye/dlya-meditsinskoy-tekhniki/nikkiso/11484/,2000mah,,,,,,нет данных в бэкапе,,,
11485,Аккумулятор для Nonin 7500 Pulse Oximeter 2000mAh,akkumulyatory/promyshlennye/dlya-meditsinskoy-tekhniki/nonin,https://microchips.by/catalog/akkumulyatory/promyshlennye/dlya-meditsinskoy-tekhniki/nonin/11485/,2000mAh,,,,,,нет данных в бэкапе,,,
11486,"Аккумулятор для Nonin Avant 2120, 9600, 9700 3600mah",akkumulyatory/promyshlennye/dlya-meditsinskoy-tekhniki/nonin,https://microchips.by/catalog/akkumulyatory/promyshlennye/dlya-meditsinskoy-tekhniki/nonin/11486/,3600mah,,,,,,нет данных в бэкапе,,,
11487,Аккумулятор для Nonin Pulsoximter 8600 серии (110174) 3000mAh,akkumulyatory/promyshlennye/dlya-meditsinskoy-tekhniki/nonin,https://microchips.by/catalog/akkumulyatory/promyshlennye/dlya-meditsinskoy-tekhniki/nonin/11487/,3000mAh,,,,,,нет данных в бэкапе,,,
11488,"Аккумулятор для Nova StatStrip Glucose Meter, TPS-2003 (654141) 1800mah",akkumulyatory/promyshlennye/dlya-meditsinskoy-tekhniki/nova,https://microchips.by/catalog/akkumulyatory/promyshlennye/dlya-meditsinskoy-tekhniki/nova/11488/,1800mah,,,,,,нет данных в бэкапе,,,
11489,"Аккумулятор для Ohmeda 5120 Oxygen Monitor, Datex Volume Monitor 5400 (0690-1000-311) 3600mAh",akkumulyatory/promyshlennye/dlya-meditsinskoy-tekhniki/ohmeda,https://microchips.by/catalog/akkumulyatory/promyshlennye/dlya-meditsinskoy-tekhniki/ohmeda/11489/,3600mAh,,,,,,нет данных в бэкапе,,,
1149,"Аккумулятор Panasonic LC-R0612P (AGM, 12Ah)",akkumulyatory/dlya_ibp/agm,https://microchips.by/catalog/akkumulyatory/dlya_ibp/agm/1149/,12Ah,,AGM,Panasonic,LC-R0612P,64,ok,Y,,
11490,Аккумулятор для Omron HBP-1300 2000mah,akkumulyatory/promyshlennye/dlya-meditsinskoy-tekhniki/omron,https://microchips.by/catalog/akkumulyatory/promyshlennye/dlya-meditsinskoy-tekhniki/omron/11490/,2000mah,,,,,,нет данных в бэкапе,,,
11491,Аккумулятор для Omron HEM-907 2000mah,akkumulyatory/promyshlennye/dlya-meditsinskoy-tekhniki/omron,https://microchips.by/catalog/akkumulyatory/promyshlennye/dlya-meditsinskoy-tekhniki/omron/11491/,2000mah,,,,,,нет данных в бэкапе,,,
11492,"Аккумулятор для Optomed Smartscope M5, Smartscope M5 Pro 700mAh",akkumulyatory/promyshlennye/dlya-meditsinskoy-tekhniki/optomed,https://microchips.by/catalog/akkumulyatory/promyshlennye/dlya-meditsinskoy-tekhniki/optomed/11492/,700mAh,,,,,,нет данных в бэкапе,,,
11493,"Аккумулятор для OSEN ECG-8110, ECG-8110A (BF4500AH10) 2000mAh",akkumulyatory/promyshlennye/dlya-meditsinskoy-tekhniki/osen,https://microchips.by/catalog/akkumulyatory/promyshlennye/dlya-meditsinskoy-tekhniki/osen/11493/,2000mAh,,,,,,нет данных в бэкапе,,,
11494,Аккумулятор для OSEN ECG-8112 (WP-AST-102A) 2600mah,akkumulyatory/promyshlennye/dlya-meditsinskoy-tekhniki/osen,https://microchips.by/catalog/akkumulyatory/promyshlennye/dlya-meditsinskoy-tekhniki/osen/11494/,2600mah,,,,,,нет данных в бэкапе,,,
11495,Аккумулятор для Otometrics Madsen AccuScreen 1800mAh,akkumulyatory/promyshlennye/dlya-meditsinskoy-tekhniki/otometrics,https://microchips.by/catalog/akkumulyatory/promyshlennye/dlya-meditsinskoy-tekhniki/otometrics/11495/,1800mAh,,,,,,нет данных в бэкапе,,,
11496,"Аккумулятор для Palco Laboratories 400, 500 Pulse Oximeter 2000mAh",akkumulyatory/promyshlennye/dlya-meditsinskoy-tekhniki/palco-laboratories,https://microchips.by/catalog/akkumulyatory/promyshlennye/dlya-meditsinskoy-tekhniki/palco-laboratories/11496/,2000mAh,,,,,,нет данных в бэкапе,,,
11497,"Аккумулятор для Philips Cardiac, EKG 4745 1800mah",akkumulyatory/promyshlennye/dlya-meditsinskoy-tekhniki/philips,https://microchips.by/catalog/akkumulyatory/promyshlennye/dlya-meditsinskoy-tekhniki/philips/11497/,1800mah,,,,,,нет данных в бэкапе,,,
11498,Аккумулятор для Philips Dameca Siesta i Breasy (20*H-AA1500B) 2000mAh,akkumulyatory/promyshlennye/dlya-meditsinskoy-tekhniki/philips,https://microchips.by/catalog/akkumulyatory/promyshlennye/dlya-meditsinskoy-tekhniki/philips/11498/,2000mAh,,,,,,нет данных в бэкапе,,,
11499,"Аккумулятор для Philips Echographe CX50, Ultrasound CX30 6150mAh",akkumulyatory/promyshlennye/dlya-meditsinskoy-tekhniki/philips,https://microchips.by/catalog/akkumulyatory/promyshlennye/dlya-meditsinskoy-tekhniki/philips/11499/,6150mAh,,,,,,нет данных в бэкапе,,,
1150,"Аккумулятор Panasonic LC-R0612P1 (AGM, 12Ah)",akkumulyatory/dlya_ibp/agm,https://microchips.by/catalog/akkumulyatory/dlya_ibp/agm/1150/,12Ah,,AGM,Panasonic,LC-R0612P1,64,ok,Y,,
11500,Аккумулятор для Philips Efficia DFM100 5200mah,akkumulyatory/promyshlennye/dlya-meditsinskoy-tekhniki/philips,https://microchips.by/catalog/akkumulyatory/promyshlennye/dlya-meditsinskoy-tekhniki/philips/11500/,5200mah,,,,,,нет данных в бэкапе,,,
11501,Аккумулятор для Philips Efficia DFM100 6800mah,akkumulyatory/promyshlennye/dlya-meditsinskoy-tekhniki/philips,https://microchips.by/catalog/akkumulyatory/promyshlennye/dlya-meditsinskoy-tekhniki/philips/11501/,6800mah,,,,,,нет данных в бэкапе,,,
11502,Аккумулятор для Philips Forerunner AED BT1 (BT1-ABE) 1400mah,akkumulyatory/promyshlennye/dlya-meditsinskoy-tekhniki/philips,https://microchips.by/catalog/akkumulyatory/promyshlennye/dlya-meditsinskoy-tekhniki/philips/11502/,1400mah,,,,,,нет данных в бэкапе,,,
11503,Аккумулятор для Philips HeartStart MRx (M3538A) 6000mah,akkumulyatory/promyshlennye/dlya-meditsinskoy-tekhniki/philips,https://microchips.by/catalog/akkumulyatory/promyshlennye/dlya-meditsinskoy-tekhniki/philips/11503/,6000mah,,,,,,нет данных в бэкапе,,,
11504,Аккумулятор для Philips HeartStart XL+ 6600mAh,akkumulyatory/promyshlennye/dlya-meditsinskoy-tekhniki/philips,https://microchips.by/catalog/akkumulyatory/promyshlennye/dlya-meditsinskoy-tekhniki/philips/11504/,6600mAh,,,,,,нет данных в бэкапе,,,
11505,"Аккумулятор для Philips IntelliVue MP2, IntelliVue X2 (M6452) 1500mah",akkumulyatory/promyshlennye/dlya-meditsinskoy-tekhniki/philips,https://microchips.by/catalog/akkumulyatory/promyshlennye/dlya-meditsinskoy-tekhniki/philips/11505/,1500mah,,,,,,нет данных в бэкапе,,,
11506,"Аккумулятор для Philips Intellivue MP20, MP30, System M4605A 7200mAh",akkumulyatory/promyshlennye/dlya-meditsinskoy-tekhniki/philips,https://microchips.by/catalog/akkumulyatory/promyshlennye/dlya-meditsinskoy-tekhniki/philips/11506/,7200mAh,,,,,,нет данных в бэкапе,,,
11507,"Аккумулятор для Philips Moniteur G30 Goldway, G40, GS10, GS20 4800mah",akkumulyatory/promyshlennye/dlya-meditsinskoy-tekhniki/philips,https://microchips.by/catalog/akkumulyatory/promyshlennye/dlya-meditsinskoy-tekhniki/philips/11507/,4800mah,,,,,,нет данных в бэкапе,,,
11508,"Аккумулятор для Philips Moniteur Invivo 9065, 9067 (M6480) 700mah",akkumulyatory/promyshlennye/dlya-meditsinskoy-tekhniki/philips,https://microchips.by/catalog/akkumulyatory/promyshlennye/dlya-meditsinskoy-tekhniki/philips/11508/,700mah,,,,,,нет данных в бэкапе,,,
11509,"Аккумулятор для Philips Monitor Viridia M2, M3, M4 4000mAh",akkumulyatory/promyshlennye/dlya-meditsinskoy-tekhniki/philips,https://microchips.by/catalog/akkumulyatory/promyshlennye/dlya-meditsinskoy-tekhniki/philips/11509/,4000mAh,,,,,,нет данных в бэкапе,,,
1151,"Аккумулятор Panasonic LC-RA1212PG (AGM, 12Ah)",akkumulyatory/dlya_ibp/agm,https://microchips.by/catalog/akkumulyatory/dlya_ibp/agm/1151/,12Ah,,AGM,Panasonic,LC-RA1212PG,110,ok,Y,,
11510,"Аккумулятор для Philips Monitor VS1, VS2, VM1, VMS 2600mah",akkumulyatory/promyshlennye/dlya-meditsinskoy-tekhniki/philips,https://microchips.by/catalog/akkumulyatory/promyshlennye/dlya-meditsinskoy-tekhniki/philips/11510/,2600mah,,,,,,нет данных в бэкапе,,,
11511,"Аккумулятор для Philips PageWriter TC10, TC20 4800mah",akkumulyatory/promyshlennye/dlya-meditsinskoy-tekhniki/philips,https://microchips.by/catalog/akkumulyatory/promyshlennye/dlya-meditsinskoy-tekhniki/philips/11511/,4800mah,,,,,,нет данных в бэкапе,,,
11512,"Аккумулятор для Philips Pagewriter Trim I, Trim II, Trim III (M6473) 2200mah",akkumulyatory/promyshlennye/dlya-meditsinskoy-tekhniki/philips,https://microchips.by/catalog/akkumulyatory/promyshlennye/dlya-meditsinskoy-tekhniki/philips/11512/,2200mah,,,,,,нет данных в бэкапе,,,
11513,"Аккумулятор для Philips Respirateur V60, V60S, V680 (88881344) 11000mah",akkumulyatory/promyshlennye/dlya-meditsinskoy-tekhniki/philips,https://microchips.by/catalog/akkumulyatory/promyshlennye/dlya-meditsinskoy-tekhniki/philips/11513/,11000mah,,,,,,нет данных в бэкапе,,,
11514,"Аккумулятор для Philips Respirateur V60, V60S, V680 (88881344) 17000mah",akkumulyatory/promyshlennye/dlya-meditsinskoy-tekhniki/philips,https://microchips.by/catalog/akkumulyatory/promyshlennye/dlya-meditsinskoy-tekhniki/philips/11514/,17000mah,,,,,,нет данных в бэкапе,,,
11515,"Аккумулятор для Philips Respironics T70 Cough Assist, Trilogy 100 Breathe (M3969) 5200mah",akkumulyatory/promyshlennye/dlya-meditsinskoy-tekhniki/philips,https://microchips.by/catalog/akkumulyatory/promyshlennye/dlya-meditsinskoy-tekhniki/philips/11515/,5200mah,,,,,,нет данных в бэкапе,,,
11516,"Аккумулятор для Philips Respironics T70 Cough Assist, Trilogy 100 Breathe (M3969) 6800mah",akkumulyatory/promyshlennye/dlya-meditsinskoy-tekhniki/philips,https://microchips.by/catalog/akkumulyatory/promyshlennye/dlya-meditsinskoy-tekhniki/philips/11516/,6800mah,,,,,,нет данных в бэкапе,,,
11517,"Аккумулятор для Philips Trilogy 202, Respironics REF 1043572 (1113779) 5200mAh",akkumulyatory/promyshlennye/dlya-meditsinskoy-tekhniki/philips,https://microchips.by/catalog/akkumulyatory/promyshlennye/dlya-meditsinskoy-tekhniki/philips/11517/,5200mAh,,,,,,нет данных в бэкапе,,,
11518,"Аккумулятор для Philips Trilogy 202, Respironics REF 1043572 (1113779) 6400mAh",akkumulyatory/promyshlennye/dlya-meditsinskoy-tekhniki/philips,https://microchips.by/catalog/akkumulyatory/promyshlennye/dlya-meditsinskoy-tekhniki/philips/11518/,6400mAh,,,,,,нет данных в бэкапе,,,
11519,Аккумулятор для Philips TRNSBV1 Range 1800mah,akkumulyatory/promyshlennye/dlya-meditsinskoy-tekhniki/philips,https://microchips.by/catalog/akkumulyatory/promyshlennye/dlya-meditsinskoy-tekhniki/philips/11519/,1800mah,,,,,,нет данных в бэкапе,,,
1152,"Аккумулятор Panasonic LC-P12150BP (AGM, 150Ah)",akkumulyatory/dlya_ibp/agm,https://microchips.by/catalog/akkumulyatory/dlya_ibp/agm/1152/,150Ah,,AGM,Panasonic,LC-P12150BP,1190,ok,Y,,
11520,Аккумулятор для Physio-Control LifePak 20 2600mAh,akkumulyatory/promyshlennye/dlya-meditsinskoy-tekhniki/physio-control,https://microchips.by/catalog/akkumulyatory/promyshlennye/dlya-meditsinskoy-tekhniki/physio-control/11520/,2600mAh,,,,,,нет данных в бэкапе,,,
11521,"Аккумулятор для Physio-Control Lifepak 6, Lifepak 6S, LP7 (LP6200) 3000mAh",akkumulyatory/promyshlennye/dlya-meditsinskoy-tekhniki/physio-control,https://microchips.by/catalog/akkumulyatory/promyshlennye/dlya-meditsinskoy-tekhniki/physio-control/11521/,3000mAh,,,,,,нет данных в бэкапе,,,
11522,"Аккумулятор для Physiomed VocaSTIM, Vocastim Trainer (PA-A2743-R003) 740mah",akkumulyatory/promyshlennye/dlya-meditsinskoy-tekhniki/physiomed,https://microchips.by/catalog/akkumulyatory/promyshlennye/dlya-meditsinskoy-tekhniki/physiomed/11522/,740mah,,,,,,нет данных в бэкапе,,,
11523,"Аккумулятор для Pixium TRIXELL EZ DR, 3543 (63101699) 3600mah",akkumulyatory/promyshlennye/dlya-meditsinskoy-tekhniki/pixium,https://microchips.by/catalog/akkumulyatory/promyshlennye/dlya-meditsinskoy-tekhniki/pixium/11523/,3600mah,,,,,,нет данных в бэкапе,,,
11524,Аккумулятор для Puritan BENNETT Nellcor 2000mAh,akkumulyatory/promyshlennye/dlya-meditsinskoy-tekhniki/puritan,https://microchips.by/catalog/akkumulyatory/promyshlennye/dlya-meditsinskoy-tekhniki/puritan/11524/,2000mAh,,,,,,нет данных в бэкапе,,,
11525,Аккумулятор для Puritan Bennett Renaissance II 1800mah,akkumulyatory/promyshlennye/dlya-meditsinskoy-tekhniki/puritan,https://microchips.by/catalog/akkumulyatory/promyshlennye/dlya-meditsinskoy-tekhniki/puritan/11525/,1800mah,,,,,,нет данных в бэкапе,,,
11526,Аккумулятор для Q Core Sapphire PCA 1800mAh,akkumulyatory/promyshlennye/dlya-meditsinskoy-tekhniki/q-core,https://microchips.by/catalog/akkumulyatory/promyshlennye/dlya-meditsinskoy-tekhniki/q-core/11526/,1800mAh,,,,,,нет данных в бэкапе,,,
11527,Аккумулятор для Rainin E4 pipette 1100mAh,akkumulyatory/promyshlennye/dlya-meditsinskoy-tekhniki/rainin,https://microchips.by/catalog/akkumulyatory/promyshlennye/dlya-meditsinskoy-tekhniki/rainin/11527/,1100mAh,,,,,,нет данных в бэкапе,,,
11528,Аккумулятор для Reichert iPac (16042) 1150mAh,akkumulyatory/promyshlennye/dlya-meditsinskoy-tekhniki/reichert,https://microchips.by/catalog/akkumulyatory/promyshlennye/dlya-meditsinskoy-tekhniki/reichert/11528/,1150mAh,,,,,,нет данных в бэкапе,,,
11529,Аккумулятор для Reichert PT100 Tonometer 2600mah,akkumulyatory/promyshlennye/dlya-meditsinskoy-tekhniki/reichert,https://microchips.by/catalog/akkumulyatory/promyshlennye/dlya-meditsinskoy-tekhniki/reichert/11529/,2600mah,,,,,,нет данных в бэкапе,,,
1153,"Аккумулятор Panasonic LC-CA1215P1 (AGM, 15Ah)",akkumulyatory/dlya_ibp/agm,https://microchips.by/catalog/akkumulyatory/dlya_ibp/agm/1153/,15Ah,,AGM,Panasonic,LC-CA1215P1,133,ok,Y,,
11530,"Аккумулятор для ResMed Elisee 250, Elisee 350 (BAT013514) 7800mah",akkumulyatory/promyshlennye/dlya-meditsinskoy-tekhniki/resmed,https://microchips.by/catalog/akkumulyatory/promyshlennye/dlya-meditsinskoy-tekhniki/resmed/11530/,7800mah,,,,,,нет данных в бэкапе,,,
11531,"Аккумулятор для ResMed Respirateur Stellar 100, Respirateur Stellar 150 2600mah",akkumulyatory/promyshlennye/dlya-meditsinskoy-tekhniki/resmed,https://microchips.by/catalog/akkumulyatory/promyshlennye/dlya-meditsinskoy-tekhniki/resmed/11531/,2600mah,,,,,,нет данных в бэкапе,,,
11532,Аккумулятор для ResMed VS III 2000mAh,akkumulyatory/promyshlennye/dlya-meditsinskoy-tekhniki/resmed,https://microchips.by/catalog/akkumulyatory/promyshlennye/dlya-meditsinskoy-tekhniki/resmed/11532/,2000mAh,,,,,,нет данных в бэкапе,,,
11533,Аккумулятор для RESPIRONICS BILICHEK (OM0047) 3400mah,akkumulyatory/promyshlennye/dlya-meditsinskoy-tekhniki/respironics,https://microchips.by/catalog/akkumulyatory/promyshlennye/dlya-meditsinskoy-tekhniki/respironics/11533/,3400mah,,,,,,нет данных в бэкапе,,,
11534,"Аккумулятор для Righton Retinomax 3, K-Plus 3 2600mah",akkumulyatory/promyshlennye/dlya-meditsinskoy-tekhniki/righton,https://microchips.by/catalog/akkumulyatory/promyshlennye/dlya-meditsinskoy-tekhniki/righton/11534/,2600mah,,,,,,нет данных в бэкапе,,,
11535,"Аккумулятор для Schiller Argus Pro LifeCare 2, Defigard 5000 4200mAh",akkumulyatory/promyshlennye/dlya-meditsinskoy-tekhniki/schiller,https://microchips.by/catalog/akkumulyatory/promyshlennye/dlya-meditsinskoy-tekhniki/schiller/11535/,4200mAh,,,,,,нет данных в бэкапе,,,
11536,Аккумулятор для Schiller AT3 EKG (110072) 2000mah,akkumulyatory/promyshlennye/dlya-meditsinskoy-tekhniki/schiller,https://microchips.by/catalog/akkumulyatory/promyshlennye/dlya-meditsinskoy-tekhniki/schiller/11536/,2000mah,,,,,,нет данных в бэкапе,,,
11537,"Аккумулятор для Schiller BR-102, Voir ODAM (110074) 500mAh",akkumulyatory/promyshlennye/dlya-meditsinskoy-tekhniki/schiller,https://microchips.by/catalog/akkumulyatory/promyshlennye/dlya-meditsinskoy-tekhniki/schiller/11537/,500mAh,,,,,,нет данных в бэкапе,,,
11538,"Аккумулятор для Shenke SK-500I, SK600i (AEC703466) 1400mAh",akkumulyatory/promyshlennye/dlya-meditsinskoy-tekhniki/shenke,https://microchips.by/catalog/akkumulyatory/promyshlennye/dlya-meditsinskoy-tekhniki/shenke/11538/,1400mAh,,,,,,нет данных в бэкапе,,,
11539,"Аккумулятор для Siemens Monitor SC6002XL(AS36059) (6800mAh, 14.4V)",akkumulyatory/promyshlennye/dlya-meditsinskoy-tekhniki/siemens,https://microchips.by/catalog/akkumulyatory/promyshlennye/dlya-meditsinskoy-tekhniki/siemens/11539/,6800mAh,14.4V,,,,,нет данных в бэкапе,,,
1154,"Аккумулятор Panasonic LC-RA1215P (AGM, 15Ah)",akkumulyatory/dlya_ibp/agm,https://microchips.by/catalog/akkumulyatory/dlya_ibp/agm/1154/,15Ah,,AGM,Panasonic,LC-RA1215P,152,ok,Y,,
11540,"Аккумулятор для Siemens EK10 Elite (MS862278) (3000mAh, 12V)",akkumulyatory/promyshlennye/dlya-meditsinskoy-tekhniki/siemens,https://microchips.by/catalog/akkumulyatory/promyshlennye/dlya-meditsinskoy-tekhniki/siemens/11540/,3000mAh,12V,,,,,нет данных в бэкапе,,,
11541,Аккумулятор для Siemens Infinium Cleo 1300mah,akkumulyatory/promyshlennye/dlya-meditsinskoy-tekhniki/siemens,https://microchips.by/catalog/akkumulyatory/promyshlennye/dlya-meditsinskoy-tekhniki/siemens/11541/,1300mah,,,,,,нет данных в бэкапе,,,
11542,"Аккумулятор для Siemens Monitor SC7000, SC9000 (110083) 5000mAh",akkumulyatory/promyshlennye/dlya-meditsinskoy-tekhniki/siemens,https://microchips.by/catalog/akkumulyatory/promyshlennye/dlya-meditsinskoy-tekhniki/siemens/11542/,5000mAh,,,,,,нет данных в бэкапе,,,
11543,Аккумулятор для Smiths CY-300 2000mAh,akkumulyatory/promyshlennye/dlya-meditsinskoy-tekhniki/smiths,https://microchips.by/catalog/akkumulyatory/promyshlennye/dlya-meditsinskoy-tekhniki/smiths/11543/,2000mAh,,,,,,нет данных в бэкапе,,,
11544,"Аккумулятор для Smiths Infusion Pump WZ50C2, WZS-50F6 (MD-BY20) 2000mah",akkumulyatory/promyshlennye/dlya-meditsinskoy-tekhniki/smiths,https://microchips.by/catalog/akkumulyatory/promyshlennye/dlya-meditsinskoy-tekhniki/smiths/11544/,2000mah,,,,,,нет данных в бэкапе,,,
11545,Аккумулятор для Smiths WZL-506 6000mAh,akkumulyatory/promyshlennye/dlya-meditsinskoy-tekhniki/smiths,https://microchips.by/catalog/akkumulyatory/promyshlennye/dlya-meditsinskoy-tekhniki/smiths/11545/,6000mAh,,,,,,нет данных в бэкапе,,,
11546,Аккумулятор для Soehnle Scale 7858 (SOE7858) 1800mAh,akkumulyatory/promyshlennye/dlya-meditsinskoy-tekhniki/soehnle,https://microchips.by/catalog/akkumulyatory/promyshlennye/dlya-meditsinskoy-tekhniki/soehnle/11546/,1800mAh,,,,,,нет данных в бэкапе,,,
11547,Аккумулятор для Solaris NT2A 2600mah,akkumulyatory/promyshlennye/dlya-meditsinskoy-tekhniki/solaris,https://microchips.by/catalog/akkumulyatory/promyshlennye/dlya-meditsinskoy-tekhniki/solaris/11547/,2600mah,,,,,,нет данных в бэкапе,,,
11548,"Аккумулятор для SonoSite M-Turbo, Titan, MicroMaxx (P07168) 5200mah",akkumulyatory/promyshlennye/dlya-meditsinskoy-tekhniki/sonosite,https://microchips.by/catalog/akkumulyatory/promyshlennye/dlya-meditsinskoy-tekhniki/sonosite/11548/,5200mah,,,,,,нет данных в бэкапе,,,
11549,"Аккумулятор для SpectraScan PR-655, Spectra Precision PR-680 (LHJBT-L11) 3300mAh",akkumulyatory/promyshlennye/dlya-meditsinskoy-tekhniki/spectrascan,https://microchips.by/catalog/akkumulyatory/promyshlennye/dlya-meditsinskoy-tekhniki/spectrascan/11549/,3300mAh,,,,,,нет данных в бэкапе,,,
1155,"Аккумулятор Panasonic LC-RA1215P1 (AGM, 15Ah)",akkumulyatory/dlya_ibp/agm,https://microchips.by/catalog/akkumulyatory/dlya_ibp/agm/1155/,15Ah,,AGM,Panasonic,LC-RA1215P1,152,ok,Y,,
11550,Аккумулятор для Spring ECG-902A 2600mah,akkumulyatory/promyshlennye/dlya-meditsinskoy-tekhniki/spring,https://microchips.by/catalog/akkumulyatory/promyshlennye/dlya-meditsinskoy-tekhniki/spring/11550/,2600mah,,,,,,нет данных в бэкапе,,,
11551,Аккумулятор для Spring ECG-903A 1100mah,akkumulyatory/promyshlennye/dlya-meditsinskoy-tekhniki/spring,https://microchips.by/catalog/akkumulyatory/promyshlennye/dlya-meditsinskoy-tekhniki/spring/11551/,1100mah,,,,,,нет данных в бэкапе,,,
11552,Аккумулятор для Spring ECG-912A 2600mah,akkumulyatory/promyshlennye/dlya-meditsinskoy-tekhniki/spring,https://microchips.by/catalog/akkumulyatory/promyshlennye/dlya-meditsinskoy-tekhniki/spring/11552/,2600mah,,,,,,нет данных в бэкапе,,,
11553,Аккумулятор для Suzuken Kenz Cardico 601 (10HR-AAU) 2000mah,akkumulyatory/promyshlennye/dlya-meditsinskoy-tekhniki/kenz-cardico,https://microchips.by/catalog/akkumulyatory/promyshlennye/dlya-meditsinskoy-tekhniki/kenz-cardico/11553/,2000mah,,,,,,нет данных в бэкапе,,,
11554,"Аккумулятор для Terumo infusion pump TE-171, TE-172 3000mAh",akkumulyatory/promyshlennye/dlya-meditsinskoy-tekhniki/terumo,https://microchips.by/catalog/akkumulyatory/promyshlennye/dlya-meditsinskoy-tekhniki/terumo/11554/,3000mAh,,,,,,нет данных в бэкапе,,,
11555,Аккумулятор для Terumo TE-SS800 Infusion Pump 2600mah,akkumulyatory/promyshlennye/dlya-meditsinskoy-tekhniki/terumo,https://microchips.by/catalog/akkumulyatory/promyshlennye/dlya-meditsinskoy-tekhniki/terumo/11555/,2600mah,,,,,,нет данных в бэкапе,,,
11556,Аккумулятор для Terumo TE-SS800 Infusion Pump 3400mAh,akkumulyatory/promyshlennye/dlya-meditsinskoy-tekhniki/terumo,https://microchips.by/catalog/akkumulyatory/promyshlennye/dlya-meditsinskoy-tekhniki/terumo/11556/,3400mAh,,,,,,нет данных в бэкапе,,,
11557,"Аккумулятор для Theradome LH40, LH80, LH80 Pro (INR18650-1S1P) 2600mah",akkumulyatory/promyshlennye/dlya-meditsinskoy-tekhniki/theradome,https://microchips.by/catalog/akkumulyatory/promyshlennye/dlya-meditsinskoy-tekhniki/theradome/11557/,2600mah,,,,,,нет данных в бэкапе,,,
11558,Аккумулятор для Thermo Scientific 4672 Multichannel (2215640) 1350mah,akkumulyatory/promyshlennye/dlya-meditsinskoy-tekhniki/thermo-scientific,https://microchips.by/catalog/akkumulyatory/promyshlennye/dlya-meditsinskoy-tekhniki/thermo-scientific/11558/,1350mah,,,,,,нет данных в бэкапе,,,
11559,Аккумулятор для Thermo Scientific S1 Pipet Filler 2200mAh,akkumulyatory/promyshlennye/dlya-meditsinskoy-tekhniki/thermo-scientific,https://microchips.by/catalog/akkumulyatory/promyshlennye/dlya-meditsinskoy-tekhniki/thermo-scientific/11559/,2200mAh,,,,,,нет данных в бэкапе,,,
1156,"Аккумулятор Panasonic LC-CA1216P1 (AGM, 16Ah)",akkumulyatory/dlya_ibp/agm,https://microchips.by/catalog/akkumulyatory/dlya_ibp/agm/1156/,16Ah,,AGM,Panasonic,LC-CA1216P1,65,ok,Y,,
11560,Аккумулятор для Trismed Cardipia 400 2000mah,akkumulyatory/promyshlennye/dlya-meditsinskoy-tekhniki/trismed,https://microchips.by/catalog/akkumulyatory/promyshlennye/dlya-meditsinskoy-tekhniki/trismed/11560/,2000mah,,,,,,нет данных в бэкапе,,,
11561,Аккумулятор для Verathon GlideScope Portable GVL Laryngoscope 1200mAh,akkumulyatory/promyshlennye/dlya-meditsinskoy-tekhniki/verathon,https://microchips.by/catalog/akkumulyatory/promyshlennye/dlya-meditsinskoy-tekhniki/verathon/11561/,1200mAh,,,,,,нет данных в бэкапе,,,
11562,"Аккумулятор для Vocera Communications Badge B3000, B3000N, B3000E (230-02020) 950mah",akkumulyatory/promyshlennye/dlya-meditsinskoy-tekhniki/vocera,https://microchips.by/catalog/akkumulyatory/promyshlennye/dlya-meditsinskoy-tekhniki/vocera/11562/,950mah,,,,,,нет данных в бэкапе,,,
11563,Аккумулятор для WEINMANN Accuvac Pro (WM11603) 6000mah,akkumulyatory/promyshlennye/dlya-meditsinskoy-tekhniki/weinmann,https://microchips.by/catalog/akkumulyatory/promyshlennye/dlya-meditsinskoy-tekhniki/weinmann/11563/,6000mah,,,,,,нет данных в бэкапе,,,
11564,Аккумулятор для Welch-Allyn GSI 37 Tympanometer 500mah,akkumulyatory/promyshlennye/dlya-meditsinskoy-tekhniki/welch-allyn,https://microchips.by/catalog/akkumulyatory/promyshlennye/dlya-meditsinskoy-tekhniki/welch-allyn/11564/,500mah,,,,,,нет данных в бэкапе,,,
11565,Аккумулятор для Welch Allyn Spot Vital Signs Monitor 6000mah,akkumulyatory/promyshlennye/dlya-meditsinskoy-tekhniki/welch-allyn,https://microchips.by/catalog/akkumulyatory/promyshlennye/dlya-meditsinskoy-tekhniki/welch-allyn/11565/,6000mah,,,,,,нет данных в бэкапе,,,
11566,"Аккумулятор для Welch-Allyn 12800 PocketScope, Ophthalmoscope 800mAh",akkumulyatory/promyshlennye/dlya-meditsinskoy-tekhniki/welch-allyn,https://microchips.by/catalog/akkumulyatory/promyshlennye/dlya-meditsinskoy-tekhniki/welch-allyn/11566/,800mAh,,,,,,нет данных в бэкапе,,,
11567,"Аккумулятор для Welch-Allyn 72240, 12000 (B11261) 3000mAh",akkumulyatory/promyshlennye/dlya-meditsinskoy-tekhniki/welch-allyn,https://microchips.by/catalog/akkumulyatory/promyshlennye/dlya-meditsinskoy-tekhniki/welch-allyn/11567/,3000mAh,,,,,,нет данных в бэкапе,,,
11568,Аккумулятор для Welch-Allyn B. Braun ThermoScan Pro 4000 700mah,akkumulyatory/promyshlennye/dlya-meditsinskoy-tekhniki/welch-allyn,https://microchips.by/catalog/akkumulyatory/promyshlennye/dlya-meditsinskoy-tekhniki/welch-allyn/11568/,700mah,,,,,,нет данных в бэкапе,,,
11569,"Аккумулятор для Welch-Allyn Connex 6000 Vital Signs, Connex VSM 6700 10200mah",akkumulyatory/promyshlennye/dlya-meditsinskoy-tekhniki/welch-allyn,https://microchips.by/catalog/akkumulyatory/promyshlennye/dlya-meditsinskoy-tekhniki/welch-allyn/11569/,10200mah,,,,,,нет данных в бэкапе,,,
1157,"Аккумулятор Panasonic LC-PA1216P1 (AGM, 16Ah)",akkumulyatory/dlya_ibp/agm,https://microchips.by/catalog/akkumulyatory/dlya_ibp/agm/1157/,16Ah,,AGM,Panasonic,LC-PA1216P1,65,ok,Y,,
11570,"Аккумулятор для Welch-Allyn Connex ProBP 3400, RIESTER L Otoscopes (BATT11) 2200mAh",akkumulyatory/promyshlennye/dlya-meditsinskoy-tekhniki/welch-allyn,https://microchips.by/catalog/akkumulyatory/promyshlennye/dlya-meditsinskoy-tekhniki/welch-allyn/11570/,2200mAh,,,,,,нет данных в бэкапе,,,
11571,Аккумулятор для Welch-Allyn Connex Spot Monitor 3400mAh,akkumulyatory/promyshlennye/dlya-meditsinskoy-tekhniki/welch-allyn,https://microchips.by/catalog/akkumulyatory/promyshlennye/dlya-meditsinskoy-tekhniki/welch-allyn/11571/,3400mAh,,,,,,нет данных в бэкапе,,,
11572,"Аккумулятор для Welch-Allyn CP100, CP200 6000mah",akkumulyatory/promyshlennye/dlya-meditsinskoy-tekhniki/welch-allyn,https://microchips.by/catalog/akkumulyatory/promyshlennye/dlya-meditsinskoy-tekhniki/welch-allyn/11572/,6000mah,,,,,,нет данных в бэкапе,,,
11573,Аккумулятор для Welch-Allyn Lxi VITAL Signs Printer (B11532) 2000mAh,akkumulyatory/promyshlennye/dlya-meditsinskoy-tekhniki/welch-allyn,https://microchips.by/catalog/akkumulyatory/promyshlennye/dlya-meditsinskoy-tekhniki/welch-allyn/11573/,2000mAh,,,,,,нет данных в бэкапе,,,
11574,"Аккумулятор для Welch-Allyn PIC30, PIC40, PIC50 3700mAh",akkumulyatory/promyshlennye/dlya-meditsinskoy-tekhniki/welch-allyn,https://microchips.by/catalog/akkumulyatory/promyshlennye/dlya-meditsinskoy-tekhniki/welch-allyn/11574/,3700mAh,,,,,,нет данных в бэкапе,,,
11575,Аккумулятор для Welch-Allyn Spot LXI Vital Signs Monitor 7200mAh,akkumulyatory/promyshlennye/dlya-meditsinskoy-tekhniki/welch-allyn,https://microchips.by/catalog/akkumulyatory/promyshlennye/dlya-meditsinskoy-tekhniki/welch-allyn/11575/,7200mAh,,,,,,нет данных в бэкапе,,,
11576,Аккумулятор для Welch-Allyn Spot Vital Signs LXI Monitor 45NT0-E1 5000mah,akkumulyatory/promyshlennye/dlya-meditsinskoy-tekhniki/welch-allyn,https://microchips.by/catalog/akkumulyatory/promyshlennye/dlya-meditsinskoy-tekhniki/welch-allyn/11576/,5000mah,,,,,,нет данных в бэкапе,,,
11577,"Аккумулятор для Zimmer ATS 2000, 4000TS (62240000600) 5200mAh",akkumulyatory/promyshlennye/dlya-meditsinskoy-tekhniki/zimmer,https://microchips.by/catalog/akkumulyatory/promyshlennye/dlya-meditsinskoy-tekhniki/zimmer/11577/,5200mAh,,,,,,нет данных в бэкапе,,,
11578,Аккумулятор для ZOLL AED Pro Defibrillator 2500mAh серый,akkumulyatory/promyshlennye/dlya-meditsinskoy-tekhniki/zoll,https://microchips.by/catalog/akkumulyatory/promyshlennye/dlya-meditsinskoy-tekhniki/zoll/11578/,2500mAh,,,,,,нет данных в бэкапе,,,
11579,Аккумулятор для Zondan Apollo N1-A 2600mah,akkumulyatory/promyshlennye/dlya-meditsinskoy-tekhniki/zondan,https://microchips.by/catalog/akkumulyatory/promyshlennye/dlya-meditsinskoy-tekhniki/zondan/11579/,2600mah,,,,,,нет данных в бэкапе,,,
11580,Аккумулятор для Zondan Apollo N3 2600mah,akkumulyatory/promyshlennye/dlya-meditsinskoy-tekhniki/zondan,https://microchips.by/catalog/akkumulyatory/promyshlennye/dlya-meditsinskoy-tekhniki/zondan/11580/,2600mah,,,,,,нет данных в бэкапе,,,
11581,Аккумулятор для Zondan Apollo N3 3400mAh,akkumulyatory/promyshlennye/dlya-meditsinskoy-tekhniki/zondan,https://microchips.by/catalog/akkumulyatory/promyshlennye/dlya-meditsinskoy-tekhniki/zondan/11581/,3400mAh,,,,,,нет данных в бэкапе,,,
11582,Аккумулятор для Zondan Apollo N5 2600mah,akkumulyatory/promyshlennye/dlya-meditsinskoy-tekhniki/zondan,https://microchips.by/catalog/akkumulyatory/promyshlennye/dlya-meditsinskoy-tekhniki/zondan/11582/,2600mah,,,,,,нет данных в бэкапе,,,
11583,"Аккумулятор для Zondan Apollo N5, ZD120D 5200mah",akkumulyatory/promyshlennye/dlya-meditsinskoy-tekhniki/zondan,https://microchips.by/catalog/akkumulyatory/promyshlennye/dlya-meditsinskoy-tekhniki/zondan/11583/,5200mah,,,,,,нет данных в бэкапе,,,
11584,Элемент питания для Mindray BeneHeart D1 4200mAh,akkumulyatory/promyshlennye/dlya-meditsinskoy-tekhniki/mindray,https://microchips.by/catalog/akkumulyatory/promyshlennye/dlya-meditsinskoy-tekhniki/mindray/11584/,4200mAh,,,,,,нет данных в бэкапе,,,
11585,Элемент питания для Philips DSA HeartStart FR3 4700mAh,akkumulyatory/promyshlennye/dlya-meditsinskoy-tekhniki/philips,https://microchips.by/catalog/akkumulyatory/promyshlennye/dlya-meditsinskoy-tekhniki/philips/11585/,4700mAh,,,,,,нет данных в бэкапе,,,
11586,Элемент питания для Philips ForeRunner 2 4200mAh,akkumulyatory/promyshlennye/dlya-meditsinskoy-tekhniki/philips,https://microchips.by/catalog/akkumulyatory/promyshlennye/dlya-meditsinskoy-tekhniki/philips/11586/,4200mAh,,,,,,нет данных в бэкапе,,,
11587,"Элемент питания для Philips HeartStart FRx, HS1, OnSite (M5070A) 4200mah",akkumulyatory/promyshlennye/dlya-meditsinskoy-tekhniki/philips,https://microchips.by/catalog/akkumulyatory/promyshlennye/dlya-meditsinskoy-tekhniki/philips/11587/,4200mah,,,,,,нет данных в бэкапе,,,
11588,"Элемент питания для SaverOne D, P, Automatic, Semi Automatic (SAV-C0010) 1400mah",akkumulyatory/promyshlennye/dlya-meditsinskoy-tekhniki/saverone,https://microchips.by/catalog/akkumulyatory/promyshlennye/dlya-meditsinskoy-tekhniki/saverone/11588/,1400mah,,,,,,нет данных в бэкапе,,,
11589,"Элемент питания для Schiller AED 10 Jump Start (B11387) (3000mAh, 12V)",akkumulyatory/promyshlennye/dlya-meditsinskoy-tekhniki/schiller,https://microchips.by/catalog/akkumulyatory/promyshlennye/dlya-meditsinskoy-tekhniki/schiller/11589/,3000mAh,12V,,,,,нет данных в бэкапе,,,
1159,"Аккумулятор Panasonic LC-XD1217PG (AGM, 17Ah)",akkumulyatory/dlya_ibp/agm,https://microchips.by/catalog/akkumulyatory/dlya_ibp/agm/1159/,17Ah,,AGM,Panasonic,LC-XD1217PG,173,ok,Y,,
11590,Элемент питания для Schiller Defibrillator Easyport (110302-O) 800mah,akkumulyatory/promyshlennye/dlya-meditsinskoy-tekhniki/schiller,https://microchips.by/catalog/akkumulyatory/promyshlennye/dlya-meditsinskoy-tekhniki/schiller/11590/,800mah,,,,,,нет данных в бэкапе,,,
1160,"Аккумулятор Panasonic LC-P122R2J (AGM, 2.2Ah)",akkumulyatory/dlya_ibp/agm,https://microchips.by/catalog/akkumulyatory/dlya_ibp/agm/1160/,2.2Ah,,AGM,Panasonic,LC-P122R2J,69,ok,Y,,
1161,"Аккумулятор Panasonic LC-R122R2PG (AGM, 2.2Ah)",akkumulyatory/dlya_ibp/agm,https://microchips.by/catalog/akkumulyatory/dlya_ibp/agm/1161/,2.2Ah,,AGM,Panasonic,LC-R122R2PG,64,ok,Y,,
1162,"Аккумулятор Panasonic LC-P06200TA (AGM, 200Ah)",akkumulyatory/dlya_ibp/agm,https://microchips.by/catalog/akkumulyatory/dlya_ibp/agm/1162/,200Ah,,AGM,Panasonic,LC-P06200TA,959,ok,Y,,
1163,"Аккумулятор Panasonic LC-P12200BP (AGM, 200Ah)",akkumulyatory/dlya_ibp/agm,https://microchips.by/catalog/akkumulyatory/dlya_ibp/agm/1163/,200Ah,,AGM,Panasonic,LC-P12200BP,1621,ok,Y,,
1164,"Аккумулятор Panasonic LC-P1220P (AGM, 20Ah)",akkumulyatory/dlya_ibp/agm,https://microchips.by/catalog/akkumulyatory/dlya_ibp/agm/1164/,20Ah,,AGM,Panasonic,LC-P1220P,204,ok,Y,,
1191,"Аккумулятор Robiton VRLA4-3 (AGM, 3Ah)",akkumulyatory/dlya_ibp/agm,https://microchips.by/catalog/akkumulyatory/dlya_ibp/agm/1191/,3Ah,,AGM,Robiton,VRLA4-3,18,ok,Y,,
12091,Аккумуляторная батарея 3.6V 750mAh для для терминала сбора данных Motorola LS4278 OEM,akkumulyatory/promyshlennye/dlya-skanerov-shtrikh-kodov-i-terminalov/motorola,https://microchips.by/catalog/akkumulyatory/promyshlennye/dlya-skanerov-shtrikh-kodov-i-terminalov/motorola/12091/,750mAh,3.6V,,,,,нет данных в бэкапе,,,
12092,"Аккумулятор для Datalogic QuickScan QBT2400, QuickScan QBT2430 Handheld Sca (BSB-005)",akkumulyatory/promyshlennye/dlya-skanerov-shtrikh-kodov-i-terminalov/datalogic,https://microchips.by/catalog/akkumulyatory/promyshlennye/dlya-skanerov-shtrikh-kodov-i-terminalov/datalogic/12092/,,,,,,,нет данных в бэкапе,,,
12093,"Аккумуляторная батарея 2200 mAh для терминала сбора данных Motorola LS3478, LS3578",akkumulyatory/promyshlennye/dlya-skanerov-shtrikh-kodov-i-terminalov/motorola,https://microchips.by/catalog/akkumulyatory/promyshlennye/dlya-skanerov-shtrikh-kodov-i-terminalov/motorola/12093/,2200 mAh,,,,,,нет данных в бэкапе,,,
12094,"Аккумуляторная батарея 3, 7V 7020mAh для терминала сбора данных Motorola MC9500",akkumulyatory/promyshlennye/dlya-skanerov-shtrikh-kodov-i-terminalov/motorola,https://microchips.by/catalog/akkumulyatory/promyshlennye/dlya-skanerov-shtrikh-kodov-i-terminalov/motorola/12094/,7020mAh,7V,,,,,нет данных в бэкапе,,,
12095,"Аккумулятор BTRY-WT40IAB0H для Motorola WT4000, WT4070, WT4090, WT41N0 (BSB-003)",akkumulyatory/promyshlennye/dlya-skanerov-shtrikh-kodov-i-terminalov/motorola,https://microchips.by/catalog/akkumulyatory/promyshlennye/dlya-skanerov-shtrikh-kodov-i-terminalov/motorola/12095/,,,,,,,нет данных в бэкапе,,,
12096,"Аккумуляторная батарея CS-DAV200BL для терминала сбора данных Datalogic CVR2, Memor X3 1000mAh 3, 7V",akkumulyatory/promyshlennye/dlya-skanerov-shtrikh-kodov-i-terminalov/datalogic,https://microchips.by/catalog/akkumulyatory/promyshlennye/dlya-skanerov-shtrikh-kodov-i-terminalov/datalogic/12096/,1000mAh,7V,,,,,нет данных в бэкапе,,,
12097,Аккумуляторная батарея для терминала сбора данных Honeywell Dolphin 6000 3.7V 3300mAh,akkumulyatory/promyshlennye/dlya-skanerov-shtrikh-kodov-i-terminalov/honeywell,https://microchips.by/catalog/akkumulyatory/promyshlennye/dlya-skanerov-shtrikh-kodov-i-terminalov/honeywell/12097/,3300mAh,3.7V,,,,,нет данных в бэкапе,,,
12098,Аккумуляторная батарея CS-DKA300BX для терминала сбора данных Datalogic Skorpio X3 3.7V 5200mAh,akkumulyatory/promyshlennye/dlya-skanerov-shtrikh-kodov-i-terminalov/datalogic,https://microchips.by/catalog/akkumulyatory/promyshlennye/dlya-skanerov-shtrikh-kodov-i-terminalov/datalogic/12098/,5200mAh,3.7V,,,,,нет данных в бэкапе,,,
12099,Аккумуляторная батарея 2400 mAh для терминала сбора данных Motorola MC21XX - BTRY-MC21EAB0E,akkumulyatory/promyshlennye/dlya-skanerov-shtrikh-kodov-i-terminalov/zebra,https://microchips.by/catalog/akkumulyatory/promyshlennye/dlya-skanerov-shtrikh-kodov-i-terminalov/zebra/12099/,2400 mAh,,,,,,нет данных в бэкапе,,,
12100,"Аккумуляторная батарея для терминала сбора данных Motorola MC9500 3, 7V 4600mAh",akkumulyatory/promyshlennye/dlya-skanerov-shtrikh-kodov-i-terminalov/motorola,https://microchips.by/catalog/akkumulyatory/promyshlennye/dlya-skanerov-shtrikh-kodov-i-terminalov/motorola/12100/,4600mAh,7V,,,,,нет данных в бэкапе,,,
12101,"Аккумулятор для терминала сбора данных Motorola MC9000, MC9090",akkumulyatory/promyshlennye/dlya-skanerov-shtrikh-kodov-i-terminalov/motorola,https://microchips.by/catalog/akkumulyatory/promyshlennye/dlya-skanerov-shtrikh-kodov-i-terminalov/motorola/12101/,,,,,,,нет данных в бэкапе,,,
12102,Аккумулятор для терминала сбора данных Motorola TC70 TC75,akkumulyatory/promyshlennye/dlya-skanerov-shtrikh-kodov-i-terminalov/motorola,https://microchips.by/catalog/akkumulyatory/promyshlennye/dlya-skanerov-shtrikh-kodov-i-terminalov/motorola/12102/,,,,,,,нет данных в бэкапе,,,
12103,"Аккумулятор для Motorola CS3070,  CS33 (82-133770-01)",akkumulyatory/promyshlennye/dlya-skanerov-shtrikh-kodov-i-terminalov/motorola,https://microchips.by/catalog/akkumulyatory/promyshlennye/dlya-skanerov-shtrikh-kodov-i-terminalov/motorola/12103/,,,,,,,нет данных в бэкапе,,,
12104,"Аккумуляторная батарея для терминала сбора данных Datalogic GM4400, GM4100 3, 7 V 3400mAh",akkumulyatory/promyshlennye/dlya-skanerov-shtrikh-kodov-i-terminalov/datalogic,https://microchips.by/catalog/akkumulyatory/promyshlennye/dlya-skanerov-shtrikh-kodov-i-terminalov/datalogic/12104/,3400mAh,7 V,,,,,нет данных в бэкапе,,,
12105,"Аккумулятор для Honeywell Ring Scanner 8650, 8670",akkumulyatory/promyshlennye/dlya-skanerov-shtrikh-kodov-i-terminalov/honeywell,https://microchips.by/catalog/akkumulyatory/promyshlennye/dlya-skanerov-shtrikh-kodov-i-terminalov/honeywell/12105/,,,,,,,нет данных в бэкапе,,,
12106,"Аккумулятор для Motorola MC70, MC75, (BTRY-MC70EAB00), 1950mAh, 3.7V",akkumulyatory/promyshlennye/dlya-skanerov-shtrikh-kodov-i-terminalov/motorola,https://microchips.by/catalog/akkumulyatory/promyshlennye/dlya-skanerov-shtrikh-kodov-i-terminalov/motorola/12106/,1950mAh,3.7V,,,,,нет данных в бэкапе,,,
12107,Аккумуляторная батарея 950 mAh для терминала сбора данных Motorola CS4070,akkumulyatory/promyshlennye/dlya-skanerov-shtrikh-kodov-i-terminalov/motorola,https://microchips.by/catalog/akkumulyatory/promyshlennye/dlya-skanerov-shtrikh-kodov-i-terminalov/motorola/12107/,950 mAh,,,,,,нет данных в бэкапе,,,
12108,"Аккумулятор для Datalogic Gryphon GM4100,  GM4400,  GM4430",akkumulyatory/promyshlennye/dlya-skanerov-shtrikh-kodov-i-terminalov/datalogic,https://microchips.by/catalog/akkumulyatory/promyshlennye/dlya-skanerov-shtrikh-kodov-i-terminalov/datalogic/12108/,,,,,,,нет данных в бэкапе,,,
12109,Аккумуляторная батарея для терминала сбора данных Zebra MC18 2275 mAh,akkumulyatory/promyshlennye/dlya-skanerov-shtrikh-kodov-i-terminalov/zebra,https://microchips.by/catalog/akkumulyatory/promyshlennye/dlya-skanerov-shtrikh-kodov-i-terminalov/zebra/12109/,2275 mAh,,,,,,нет данных в бэкапе,,,
12110,"Аккумулятор для Honeywell MX8, (MX8A381-BATT), 3900mAh, 3.7V",akkumulyatory/promyshlennye/dlya-skanerov-shtrikh-kodov-i-terminalov/honeywell,https://microchips.by/catalog/akkumulyatory/promyshlennye/dlya-skanerov-shtrikh-kodov-i-terminalov/honeywell/12110/,3900mAh,3.7V,,,,,нет данных в бэкапе,,,
12111,"Аккумуляторная батарея 3, 7 V 2740 mAh для терминала сбора данных Motorola MC3090 OEM",akkumulyatory/promyshlennye/dlya-skanerov-shtrikh-kodov-i-terminalov/motorola,https://microchips.by/catalog/akkumulyatory/promyshlennye/dlya-skanerov-shtrikh-kodov-i-terminalov/motorola/12111/,2740 mAh,7 V,,,,,нет данных в бэкапе,,,
12112,Аккумуляторная батарея 3390 mAh для терминала сбора данных Honeywell LXE MX8,akkumulyatory/promyshlennye/dlya-skanerov-shtrikh-kodov-i-terminalov/honeywell,https://microchips.by/catalog/akkumulyatory/promyshlennye/dlya-skanerov-shtrikh-kodov-i-terminalov/honeywell/12112/,3390 mAh,,,,,,нет данных в бэкапе,,,
12113,"Аккумулятор для Metrologic Dolphin 9535, MS9535, MS9535 VoyagerBT (BSB-008)",akkumulyatory/promyshlennye/dlya-skanerov-shtrikh-kodov-i-terminalov/metrologic,https://microchips.by/catalog/akkumulyatory/promyshlennye/dlya-skanerov-shtrikh-kodov-i-terminalov/metrologic/12113/,,,,,,,нет данных в бэкапе,,,
12114,"Аккумулятор для HONEYWELL 550030, 550039 7.4V 16Wh",akkumulyatory/promyshlennye/dlya-skanerov-shtrikh-kodov-i-terminalov/honeywell,https://microchips.by/catalog/akkumulyatory/promyshlennye/dlya-skanerov-shtrikh-kodov-i-terminalov/honeywell/12114/,,7.4V,,,,,нет данных в бэкапе,,,
12115,"Аккумуляторная батарея для терминала сбора данных Motorola MC40 MC40C 2600mAh 3, 7V",akkumulyatory/promyshlennye/dlya-skanerov-shtrikh-kodov-i-terminalov/motorola,https://microchips.by/catalog/akkumulyatory/promyshlennye/dlya-skanerov-shtrikh-kodov-i-terminalov/motorola/12115/,2600mAh,7V,,,,,нет данных в бэкапе,,,
12116,Аккумуляторная батарея для терминала сбора данных Honeywell EDA50K (BAT-EDA50K-1) 3.8V 4000mAh,akkumulyatory/promyshlennye/dlya-skanerov-shtrikh-kodov-i-terminalov/honeywell,https://microchips.by/catalog/akkumulyatory/promyshlennye/dlya-skanerov-shtrikh-kodov-i-terminalov/honeywell/12116/,4000mAh,3.8V,,,,,нет данных в бэкапе,,,
12117,"Аккумуляторная батарея для терминала сбора данных Symbol WT4000, WT4090 (CS-ET4090BX) 3.7V 2330mAh",akkumulyatory/promyshlennye/dlya-skanerov-shtrikh-kodov-i-terminalov/motorola,https://microchips.by/catalog/akkumulyatory/promyshlennye/dlya-skanerov-shtrikh-kodov-i-terminalov/motorola/12117/,2330mAh,3.7V,,,,,нет данных в бэкапе,,,
12118,Аккумулятор для Bitel Flex 5100 (ICP05/34/50 2S1P),akkumulyatory/promyshlennye/dlya-skanerov-shtrikh-kodov-i-terminalov/bitel,https://microchips.by/catalog/akkumulyatory/promyshlennye/dlya-skanerov-shtrikh-kodov-i-terminalov/bitel/12118/,,,,,,,нет данных в бэкапе,,,
12119,"Аккумулятор для Motorola TC70, TC75, TC77, (BTRY-TC7X-46MAH-01), 4620mAh, 3.7V",akkumulyatory/promyshlennye/dlya-skanerov-shtrikh-kodov-i-terminalov/motorola,https://microchips.by/catalog/akkumulyatory/promyshlennye/dlya-skanerov-shtrikh-kodov-i-terminalov/motorola/12119/,46MAH,3.7V,,,,,нет данных в бэкапе,,,
12120,"Аккумуляторная батарея 3, 7V 4660mAh для терминала сбора данных Symbol WT4000",akkumulyatory/promyshlennye/dlya-skanerov-shtrikh-kodov-i-terminalov/symbol,https://microchips.by/catalog/akkumulyatory/promyshlennye/dlya-skanerov-shtrikh-kodov-i-terminalov/symbol/12120/,4660mAh,7V,,,,,нет данных в бэкапе,,,
12121,"Аккумуляторная батарея 3, 7 V 2740 mAh для терминала сбора данных Motorola MC3090",akkumulyatory/promyshlennye/dlya-skanerov-shtrikh-kodov-i-terminalov/motorola,https://microchips.by/catalog/akkumulyatory/promyshlennye/dlya-skanerov-shtrikh-kodov-i-terminalov/motorola/12121/,2740 mAh,7 V,,,,,нет данных в бэкапе,,,
12122,Аккумуляторная батарея для мобильного принтера Zebra ZQ300 P1083277-002 2200mAh 7.2V,akkumulyatory/promyshlennye/dlya-skanerov-shtrikh-kodov-i-terminalov/zebra,https://microchips.by/catalog/akkumulyatory/promyshlennye/dlya-skanerov-shtrikh-kodov-i-terminalov/zebra/12122/,2200mAh,7.2V,,,,,нет данных в бэкапе,,,
12123,Аккумуляторная батарея для терминала сбора данных Motorola RS50 RS507 970mAh,akkumulyatory/promyshlennye/dlya-skanerov-shtrikh-kodov-i-terminalov/motorola,https://microchips.by/catalog/akkumulyatory/promyshlennye/dlya-skanerov-shtrikh-kodov-i-terminalov/motorola/12123/,970mAh,,,,,,нет данных в бэкапе,,,
12124,"Аккумуляторная батарея для Ingenico Move 5000, Move 5000s, Move 5000F",akkumulyatory/promyshlennye/dlya-skanerov-shtrikh-kodov-i-terminalov/ingenico,https://microchips.by/catalog/akkumulyatory/promyshlennye/dlya-skanerov-shtrikh-kodov-i-terminalov/ingenico/12124/,,,,,,,нет данных в бэкапе,,,
12125,"Аккумуляторная батарея 4300 mAh для терминала сбора данных Motorola TC51, TC56",akkumulyatory/promyshlennye/dlya-skanerov-shtrikh-kodov-i-terminalov/motorola,https://microchips.by/catalog/akkumulyatory/promyshlennye/dlya-skanerov-shtrikh-kodov-i-terminalov/motorola/12125/,4300 mAh,,,,,,нет данных в бэкапе,,,
12126,"Аккумулятор для Motorola MC93, MC9300, (BT-000370), 6600mAh, 3.6V",akkumulyatory/promyshlennye/dlya-skanerov-shtrikh-kodov-i-terminalov/motorola,https://microchips.by/catalog/akkumulyatory/promyshlennye/dlya-skanerov-shtrikh-kodov-i-terminalov/motorola/12126/,6600mAh,3.6V,,,,,нет данных в бэкапе,,,
12127,"Аккумуляторная батарея 3, 7V 4800 mAh для терминала сбора данных Motorola MC3090",akkumulyatory/promyshlennye/dlya-skanerov-shtrikh-kodov-i-terminalov/motorola,https://microchips.by/catalog/akkumulyatory/promyshlennye/dlya-skanerov-shtrikh-kodov-i-terminalov/motorola/12127/,4800 mAh,7V,,,,,нет данных в бэкапе,,,
12128,"Аккумуляторная батарея 3, 7 V 2940 mAh для терминала сбора данных Motorola MC36 TC55",akkumulyatory/promyshlennye/dlya-skanerov-shtrikh-kodov-i-terminalov/motorola,https://microchips.by/catalog/akkumulyatory/promyshlennye/dlya-skanerov-shtrikh-kodov-i-terminalov/motorola/12128/,2940 mAh,7 V,,,,,нет данных в бэкапе,,,
12129,"Аккумуляторная батарея 7.4 V 2600 mAh для терминала сбора данных Motorola MC9000, MC9090",akkumulyatory/promyshlennye/dlya-skanerov-shtrikh-kodov-i-terminalov/motorola,https://microchips.by/catalog/akkumulyatory/promyshlennye/dlya-skanerov-shtrikh-kodov-i-terminalov/motorola/12129/,2600 mAh,7.4 V,,,,,нет данных в бэкапе,,,
12130,"Аккумулятор для Motorola MC3090, MC3000, MC3070, MC30X0, MC3100, MC3190, (Btrymc30La), 2740mAh, 3.7V",akkumulyatory/promyshlennye/dlya-skanerov-shtrikh-kodov-i-terminalov/motorola,https://microchips.by/catalog/akkumulyatory/promyshlennye/dlya-skanerov-shtrikh-kodov-i-terminalov/motorola/12130/,2740mAh,3.7V,,,,,нет данных в бэкапе,,,
12131,"Аккумуляторная батарея 7.4 V 2400 mAh для терминала сбора данных Motorola MC9000, MC9090 OEM",akkumulyatory/promyshlennye/dlya-skanerov-shtrikh-kodov-i-terminalov/motorola,https://microchips.by/catalog/akkumulyatory/promyshlennye/dlya-skanerov-shtrikh-kodov-i-terminalov/motorola/12131/,2400 mAh,7.4 V,,,,,нет данных в бэкапе,,,
12132,Аккумуляторная батарея для терминала сбора данных Motorola MC55 3600mAh 3.7V,akkumulyatory/promyshlennye/dlya-skanerov-shtrikh-kodov-i-terminalov/motorola,https://microchips.by/catalog/akkumulyatory/promyshlennye/dlya-skanerov-shtrikh-kodov-i-terminalov/motorola/12132/,3600mAh,3.7V,,,,,нет данных в бэкапе,,,
12133,Аккумуляторная батарея для терминала сбора данных Motorola MC9000 7.4V 2200mAh,akkumulyatory/promyshlennye/dlya-skanerov-shtrikh-kodov-i-terminalov/motorola,https://microchips.by/catalog/akkumulyatory/promyshlennye/dlya-skanerov-shtrikh-kodov-i-terminalov/motorola/12133/,2200mAh,7.4V,,,,,нет данных в бэкапе,,,
12134,Аккумулятор для VeriFone VX670 (24016-01-R),akkumulyatory/promyshlennye/dlya-skanerov-shtrikh-kodov-i-terminalov/verifone,https://microchips.by/catalog/akkumulyatory/promyshlennye/dlya-skanerov-shtrikh-kodov-i-terminalov/verifone/12134/,,,,,,,нет данных в бэкапе,,,
12135,Аккумуляторная батарея 5200 mAh для терминала сбора данных Motorola MC3200 MC3300 серий,akkumulyatory/promyshlennye/dlya-skanerov-shtrikh-kodov-i-terminalov/motorola,https://microchips.by/catalog/akkumulyatory/promyshlennye/dlya-skanerov-shtrikh-kodov-i-terminalov/motorola/12135/,5200 mAh,,,,,,нет данных в бэкапе,,,
12136,Аккумуляторная батарея для терминала сбора данных Motorola RS50 RS507 1940mAh 3.7V Li-ion,akkumulyatory/promyshlennye/dlya-skanerov-shtrikh-kodov-i-terminalov/motorola,https://microchips.by/catalog/akkumulyatory/promyshlennye/dlya-skanerov-shtrikh-kodov-i-terminalov/motorola/12136/,1940mAh,3.7V,Li-ion,,,,нет данных в бэкапе,,,
12137,"Аккумуляторная батарея для терминала сбора данных Motorola MC3190 3, 7V 4400mAh",akkumulyatory/promyshlennye/dlya-skanerov-shtrikh-kodov-i-terminalov/motorola,https://microchips.by/catalog/akkumulyatory/promyshlennye/dlya-skanerov-shtrikh-kodov-i-terminalov/motorola/12137/,4400mAh,7V,,,,,нет данных в бэкапе,,,
12138,"Аккумулятор для Honeywell Dolphin 6100, Dolphin 6110, ScanPal 5100 (BSB-007)",akkumulyatory/promyshlennye/dlya-skanerov-shtrikh-kodov-i-terminalov/honeywell,https://microchips.by/catalog/akkumulyatory/promyshlennye/dlya-skanerov-shtrikh-kodov-i-terminalov/honeywell/12138/,,,,,,,нет данных в бэкапе,,,
12139,"Аккумулятор для Motorola MC3300, MC3200, (BTRY-MC32-52MA-01), 5200mAh, 3.7V",akkumulyatory/promyshlennye/dlya-skanerov-shtrikh-kodov-i-terminalov/motorola,https://microchips.by/catalog/akkumulyatory/promyshlennye/dlya-skanerov-shtrikh-kodov-i-terminalov/motorola/12139/,5200mAh,3.7V,,,,,нет данных в бэкапе,,,
12140,Аккумулятор для MOTOROLA SB1,akkumulyatory/promyshlennye/dlya-skanerov-shtrikh-kodov-i-terminalov/motorola,https://microchips.by/catalog/akkumulyatory/promyshlennye/dlya-skanerov-shtrikh-kodov-i-terminalov/motorola/12140/,,,,,,,нет данных в бэкапе,,,
12142,"Аккумулятор для Motorola MC55, MC55A0, MC5590, MC5574, MC65, MC67, (BTRY-MC55EAB00), 3600mAh, 3.7V",akkumulyatory/promyshlennye/dlya-skanerov-shtrikh-kodov-i-terminalov/motorola,https://microchips.by/catalog/akkumulyatory/promyshlennye/dlya-skanerov-shtrikh-kodov-i-terminalov/motorola/12142/,3600mAh,3.7V,,,,,нет данных в бэкапе,,,
12143,Аккумулятор для Casio DT-X30 (HA-G20BAT),akkumulyatory/promyshlennye/dlya-skanerov-shtrikh-kodov-i-terminalov/casio,https://microchips.by/catalog/akkumulyatory/promyshlennye/dlya-skanerov-shtrikh-kodov-i-terminalov/casio/12143/,,,,,,,нет данных в бэкапе,,,
12144,"Аккумуляторная батарея 7.4 V 2200 mAh для терминала сбора данных Motorola MC9000, MC9090",akkumulyatory/promyshlennye/dlya-skanerov-shtrikh-kodov-i-terminalov/motorola,https://microchips.by/catalog/akkumulyatory/promyshlennye/dlya-skanerov-shtrikh-kodov-i-terminalov/motorola/12144/,2200 mAh,7.4 V,,,,,нет данных в бэкапе,,,
12145,"Аккумуляторная батарея 3, 7 V 4410 mAh для терминала сбора данных Motorola MC36 TC55",akkumulyatory/promyshlennye/dlya-skanerov-shtrikh-kodov-i-terminalov/motorola,https://microchips.by/catalog/akkumulyatory/promyshlennye/dlya-skanerov-shtrikh-kodov-i-terminalov/motorola/12145/,4410 mAh,7 V,,,,,нет данных в бэкапе,,,
12146,"Аккумулятор для Motorola MC3090, MC3000, MC3070, MC30X0, MC3100, MC3190, (Btrymc30La), 4800mAh, 3.7V",akkumulyatory/promyshlennye/dlya-skanerov-shtrikh-kodov-i-terminalov/motorola,https://microchips.by/catalog/akkumulyatory/promyshlennye/dlya-skanerov-shtrikh-kodov-i-terminalov/motorola/12146/,4800mAh,3.7V,,,,,нет данных в бэкапе,,,
12147,Аккумуляторная батарея для Newpos NEW 8110,akkumulyatory/promyshlennye/dlya-skanerov-shtrikh-kodov-i-terminalov/newpos,https://microchips.by/catalog/akkumulyatory/promyshlennye/dlya-skanerov-shtrikh-kodov-i-terminalov/newpos/12147/,,,,,,,нет данных в бэкапе,,,
12148,"Аккумуляторная батарея для мобильного принтера Zebra QLN320, QLN220",akkumulyatory/promyshlennye/dlya-skanerov-shtrikh-kodov-i-terminalov/zebra,https://microchips.by/catalog/akkumulyatory/promyshlennye/dlya-skanerov-shtrikh-kodov-i-terminalov/zebra/12148/,,,,,,,нет данных в бэкапе,,,
12149,Аккумуляторная батарея CS-MC90BX для терминала сбора данных Motorola MC9000 7.4V 3400mAh,akkumulyatory/promyshlennye/dlya-skanerov-shtrikh-kodov-i-terminalov/motorola,https://microchips.by/catalog/akkumulyatory/promyshlennye/dlya-skanerov-shtrikh-kodov-i-terminalov/motorola/12149/,3400mAh,7.4V,,,,,нет данных в бэкапе,,,
12150,Аккумулятор для Datalogic Skorpio Gun (94ACC1329),akkumulyatory/promyshlennye/dlya-skanerov-shtrikh-kodov-i-terminalov/datalogic,https://microchips.by/catalog/akkumulyatory/promyshlennye/dlya-skanerov-shtrikh-kodov-i-terminalov/datalogic/12150/,,,,,,,нет данных в бэкапе,,,
12151,"Аккумуляторная батарея 3, 7V 4800mAh для терминала сбора данных Motorola MC9500",akkumulyatory/promyshlennye/dlya-skanerov-shtrikh-kodov-i-terminalov/motorola,https://microchips.by/catalog/akkumulyatory/promyshlennye/dlya-skanerov-shtrikh-kodov-i-terminalov/motorola/12151/,4800mAh,7V,,,,,нет данных в бэкапе,,,
12152,"Аккумуляторная батарея для терминала сбора данных Motorola MC3190 3, 7V 6800mAh",akkumulyatory/promyshlennye/dlya-skanerov-shtrikh-kodov-i-terminalov/motorola,https://microchips.by/catalog/akkumulyatory/promyshlennye/dlya-skanerov-shtrikh-kodov-i-terminalov/motorola/12152/,6800mAh,7V,,,,,нет данных в бэкапе,,,
12153,"Аккумулятор для Motorola MC9500, (CS-MC950BL), 7010mAh, 3.7V",akkumulyatory/promyshlennye/dlya-skanerov-shtrikh-kodov-i-terminalov/motorola,https://microchips.by/catalog/akkumulyatory/promyshlennye/dlya-skanerov-shtrikh-kodov-i-terminalov/motorola/12153/,7010mAh,3.7V,,,,,нет данных в бэкапе,,,
12155,Аккумуляторная батарея для терминала сбора данных Zebra TC2X 2800 mAh,akkumulyatory/promyshlennye/dlya-skanerov-shtrikh-kodov-i-terminalov/zebra,https://microchips.by/catalog/akkumulyatory/promyshlennye/dlya-skanerov-shtrikh-kodov-i-terminalov/zebra/12155/,2800 mAh,,,,,,нет данных в бэкапе,,,
12156,Аккумулятор для Honeywell MX7 (MX7392BATT),akkumulyatory/promyshlennye/dlya-skanerov-shtrikh-kodov-i-terminalov/honeywell,https://microchips.by/catalog/akkumulyatory/promyshlennye/dlya-skanerov-shtrikh-kodov-i-terminalov/honeywell/12156/,,,,,,,нет данных в бэкапе,,,
12157,"Аккумулятор для Casio IT-2000, IT-3000, IT-3100",akkumulyatory/promyshlennye/dlya-skanerov-shtrikh-kodov-i-terminalov/casio,https://microchips.by/catalog/akkumulyatory/promyshlennye/dlya-skanerov-shtrikh-kodov-i-terminalov/casio/12157/,,,,,,,нет данных в бэкапе,,,
12158,"Аккумуляторная батарея для терминала сбора данных Zebra MC3300, MC3200, MC32N0 6800mAh",akkumulyatory/promyshlennye/dlya-skanerov-shtrikh-kodov-i-terminalov/zebra,https://microchips.by/catalog/akkumulyatory/promyshlennye/dlya-skanerov-shtrikh-kodov-i-terminalov/zebra/12158/,6800mAh,,,,,,нет данных в бэкапе,,,
12159,"Аккумулятор для Intermec 700, 730 (318-013-001, 318-013-003)",akkumulyatory/promyshlennye/dlya-skanerov-shtrikh-kodov-i-terminalov/intermec,https://microchips.by/catalog/akkumulyatory/promyshlennye/dlya-skanerov-shtrikh-kodov-i-terminalov/intermec/12159/,,,,,,,нет данных в бэкапе,,,
12160,"Аккумулятор для Motorola MC9500, (CS-MC950BL), 4600mAh, 3.7V",akkumulyatory/promyshlennye/dlya-skanerov-shtrikh-kodov-i-terminalov/motorola,https://microchips.by/catalog/akkumulyatory/promyshlennye/dlya-skanerov-shtrikh-kodov-i-terminalov/motorola/12160/,4600mAh,3.7V,,,,,нет данных в бэкапе,,,
12161,"Аккумуляторная батарея 3, 7V 3600mAh для терминала сбора данных Motorola MC55",akkumulyatory/promyshlennye/dlya-skanerov-shtrikh-kodov-i-terminalov/motorola,https://microchips.by/catalog/akkumulyatory/promyshlennye/dlya-skanerov-shtrikh-kodov-i-terminalov/motorola/12161/,3600mAh,7V,,,,,нет данных в бэкапе,,,
12162,"Аккумулятор для Motorola MC55, MC67 (BTRY-MC55EAB02)",akkumulyatory/promyshlennye/dlya-skanerov-shtrikh-kodov-i-terminalov/motorola,https://microchips.by/catalog/akkumulyatory/promyshlennye/dlya-skanerov-shtrikh-kodov-i-terminalov/motorola/12162/,,,,,,,нет данных в бэкапе,,,
12163,"Аккумуляторная батарея 3.7B 3600мАч для терминала сбора данных Motorola MC55, MC65, MC67",akkumulyatory/promyshlennye/dlya-skanerov-shtrikh-kodov-i-terminalov/motorola,https://microchips.by/catalog/akkumulyatory/promyshlennye/dlya-skanerov-shtrikh-kodov-i-terminalov/motorola/12163/,3600мАч,,,,,,нет данных в бэкапе,,,
12165,Аккумулятор для Honeywell Dolphin 7600 (7600-BTEC),akkumulyatory/promyshlennye/dlya-skanerov-shtrikh-kodov-i-terminalov/honeywell,https://microchips.by/catalog/akkumulyatory/promyshlennye/dlya-skanerov-shtrikh-kodov-i-terminalov/honeywell/12165/,,,,,,,нет данных в бэкапе,,,
12166,"Аккумулятор для Intermec CN70, CN70e (318-043-002)",akkumulyatory/promyshlennye/dlya-skanerov-shtrikh-kodov-i-terminalov/intermec,https://microchips.by/catalog/akkumulyatory/promyshlennye/dlya-skanerov-shtrikh-kodov-i-terminalov/intermec/12166/,,,,,,,нет данных в бэкапе,,,
12167,"Аккумулятор для Datalogic PowerScan RF, PSRF1000, 959",akkumulyatory/promyshlennye/dlya-skanerov-shtrikh-kodov-i-terminalov/datalogic,https://microchips.by/catalog/akkumulyatory/promyshlennye/dlya-skanerov-shtrikh-kodov-i-terminalov/datalogic/12167/,,,,,,,нет данных в бэкапе,,,
12168,"Аккумуляторная батарея для терминала сбора данных Motorola MC9000, MC9090 7.4 V 2600mAh",akkumulyatory/promyshlennye/dlya-skanerov-shtrikh-kodov-i-terminalov/motorola,https://microchips.by/catalog/akkumulyatory/promyshlennye/dlya-skanerov-shtrikh-kodov-i-terminalov/motorola/12168/,2600mAh,7.4 V,,,,,нет данных в бэкапе,,,
12169,Аккумулятор для VeriFone VX610 (23326-04-R),akkumulyatory/promyshlennye/dlya-skanerov-shtrikh-kodov-i-terminalov/verifone,https://microchips.by/catalog/akkumulyatory/promyshlennye/dlya-skanerov-shtrikh-kodov-i-terminalov/verifone/12169/,,,,,,,нет данных в бэкапе,,,
12170,Аккумулятор для Honeywell Dolphin 99EX (99EX-BTES-1),akkumulyatory/promyshlennye/dlya-skanerov-shtrikh-kodov-i-terminalov/honeywell,https://microchips.by/catalog/akkumulyatory/promyshlennye/dlya-skanerov-shtrikh-kodov-i-terminalov/honeywell/12170/,,,,,,,нет данных в бэкапе,,,
12171,Аккумуляторная батарея для терминала сбора данных Motorola MC3090 3.7V 4800mAh,akkumulyatory/promyshlennye/dlya-skanerov-shtrikh-kodov-i-terminalov/motorola,https://microchips.by/catalog/akkumulyatory/promyshlennye/dlya-skanerov-shtrikh-kodov-i-terminalov/motorola/12171/,4800mAh,3.7V,,,,,нет данных в бэкапе,,,
12172,"Аккумулятор для Symbol WorkAbout Pro 4, G1, G2",akkumulyatory/promyshlennye/dlya-skanerov-shtrikh-kodov-i-terminalov/symbol,https://microchips.by/catalog/akkumulyatory/promyshlennye/dlya-skanerov-shtrikh-kodov-i-terminalov/symbol/12172/,,,,,,,нет данных в бэкапе,,,
12173,"Аккумулятор для CipherLab CP50, CP55 (BA-0053A3)",akkumulyatory/promyshlennye/dlya-skanerov-shtrikh-kodov-i-terminalov/cipherlab,https://microchips.by/catalog/akkumulyatory/promyshlennye/dlya-skanerov-shtrikh-kodov-i-terminalov/cipherlab/12173/,,,,,,,нет данных в бэкапе,,,
12174,Аккумулятор для CipherLab 9700 (BA-0083A6),akkumulyatory/promyshlennye/dlya-skanerov-shtrikh-kodov-i-terminalov/cipherlab,https://microchips.by/catalog/akkumulyatory/promyshlennye/dlya-skanerov-shtrikh-kodov-i-terminalov/cipherlab/12174/,,,,,,,нет данных в бэкапе,,,
12175,Аккумулятор для Zebra EC30,akkumulyatory/promyshlennye/dlya-skanerov-shtrikh-kodov-i-terminalov/zebra,https://microchips.by/catalog/akkumulyatory/promyshlennye/dlya-skanerov-shtrikh-kodov-i-terminalov/zebra/12175/,,,,,,,нет данных в бэкапе,,,
12176,"Аккумуляторная батарея CS-ZQN420BX для терминала сбора данных Zebra QLN420 7, 4V 5200mAh Li-ion",akkumulyatory/promyshlennye/dlya-skanerov-shtrikh-kodov-i-terminalov/zebra,https://microchips.by/catalog/akkumulyatory/promyshlennye/dlya-skanerov-shtrikh-kodov-i-terminalov/zebra/12176/,5200mAh,4V,Li-ion,,,,нет данных в бэкапе,,,
12177,Аккумулятор для 60S-BATT-1 для HONEYWELL Dolphin 60s,akkumulyatory/promyshlennye/dlya-skanerov-shtrikh-kodov-i-terminalov/honeywell,https://microchips.by/catalog/akkumulyatory/promyshlennye/dlya-skanerov-shtrikh-kodov-i-terminalov/honeywell/12177/,,,,,,,нет данных в бэкапе,,,
12178,"Аккумулятор для терминала сбора данных Motorola MC9500, MC9590, MC9596, BSB-011, 3.7В, 4600мАч",akkumulyatory/promyshlennye/dlya-skanerov-shtrikh-kodov-i-terminalov/motorola,https://microchips.by/catalog/akkumulyatory/promyshlennye/dlya-skanerov-shtrikh-kodov-i-terminalov/motorola/12178/,4600мАч,3.7В,,,,,нет данных в бэкапе,,,
12179,"Аккумулятор для Psion 7530 G2, 7535 G2 (1030070)",akkumulyatory/promyshlennye/dlya-skanerov-shtrikh-kodov-i-terminalov/psion,https://microchips.by/catalog/akkumulyatory/promyshlennye/dlya-skanerov-shtrikh-kodov-i-terminalov/psion/12179/,,,,,,,нет данных в бэкапе,,,
12180,Аккумуляторная батарея CS-ICN700BX для терминала сбора данных Intermec CN70 CN70e 3.7V 4600mAh,akkumulyatory/promyshlennye/dlya-skanerov-shtrikh-kodov-i-terminalov/intermec,https://microchips.by/catalog/akkumulyatory/promyshlennye/dlya-skanerov-shtrikh-kodov-i-terminalov/intermec/12180/,4600mAh,3.7V,,,,,нет данных в бэкапе,,,
12181,"Аккумуляторная батарея 2600mAh для терминала сбора данных Symbol MC3200, MC3300 BTRY-MC32-52MA-01",akkumulyatory/promyshlennye/dlya-skanerov-shtrikh-kodov-i-terminalov/symbol,https://microchips.by/catalog/akkumulyatory/promyshlennye/dlya-skanerov-shtrikh-kodov-i-terminalov/symbol/12181/,2600mAh,,,,,,нет данных в бэкапе,,,
12182,Аккумуляторная батарея для терминала сбора данных Zebra QLn420,akkumulyatory/promyshlennye/dlya-skanerov-shtrikh-kodov-i-terminalov/zebra,https://microchips.by/catalog/akkumulyatory/promyshlennye/dlya-skanerov-shtrikh-kodov-i-terminalov/zebra/12182/,,,,,,,нет данных в бэкапе,,,
12183,"Аккумулятор для Ascom EFT20-R, EFT20-S 2000mah",akkumulyatory/promyshlennye/dlya-skanerov-shtrikh-kodov-i-terminalov/ascom,https://microchips.by/catalog/akkumulyatory/promyshlennye/dlya-skanerov-shtrikh-kodov-i-terminalov/ascom/12183/,2000mah,,,,,,нет данных в бэкапе,,,
12184,Аккумулятор для Bitel Flex 5100 1100mAh,akkumulyatory/promyshlennye/dlya-skanerov-shtrikh-kodov-i-terminalov/bitel,https://microchips.by/catalog/akkumulyatory/promyshlennye/dlya-skanerov-shtrikh-kodov-i-terminalov/bitel/12184/,1100mAh,,,,,,нет данных в бэкапе,,,
12185,Аккумулятор для Bitel IC5500 (BC550) 1000mah,akkumulyatory/promyshlennye/dlya-skanerov-shtrikh-kodov-i-terminalov/bitel,https://microchips.by/catalog/akkumulyatory/promyshlennye/dlya-skanerov-shtrikh-kodov-i-terminalov/bitel/12185/,1000mah,,,,,,нет данных в бэкапе,,,
12186,Аккумулятор для Bluebird BP30 (BAT-BP30-45) 3900mAh,akkumulyatory/promyshlennye/dlya-skanerov-shtrikh-kodov-i-terminalov/bluebird,https://microchips.by/catalog/akkumulyatory/promyshlennye/dlya-skanerov-shtrikh-kodov-i-terminalov/bluebird/12186/,3900mAh,,,,,,нет данных в бэкапе,,,
12187,Аккумулятор для Bluebird EF400 3000mAh,akkumulyatory/promyshlennye/dlya-skanerov-shtrikh-kodov-i-terminalov/bluebird,https://microchips.by/catalog/akkumulyatory/promyshlennye/dlya-skanerov-shtrikh-kodov-i-terminalov/bluebird/12187/,3000mAh,,,,,,нет данных в бэкапе,,,
12188,"Аккумулятор для Bluebird EF500, EF501 (BAT-EF500_S) 3200mah",akkumulyatory/promyshlennye/dlya-skanerov-shtrikh-kodov-i-terminalov/bluebird,https://microchips.by/catalog/akkumulyatory/promyshlennye/dlya-skanerov-shtrikh-kodov-i-terminalov/bluebird/12188/,3200mah,,,,,,нет данных в бэкапе,,,
12189,Аккумулятор для Bluebird Pidion BIP-1300 1800mAh,akkumulyatory/promyshlennye/dlya-skanerov-shtrikh-kodov-i-terminalov/bluebird,https://microchips.by/catalog/akkumulyatory/promyshlennye/dlya-skanerov-shtrikh-kodov-i-terminalov/bluebird/12189/,1800mAh,,,,,,нет данных в бэкапе,,,
12190,Аккумулятор для Bluebird Pidion BIP-6000(NX5-2004) 5200mah,akkumulyatory/promyshlennye/dlya-skanerov-shtrikh-kodov-i-terminalov/bluebird,https://microchips.by/catalog/akkumulyatory/promyshlennye/dlya-skanerov-shtrikh-kodov-i-terminalov/bluebird/12190/,5200mah,,,,,,нет данных в бэкапе,,,
12191,Аккумулятор для Bluebird Pidion BM-170 3300mAh,akkumulyatory/promyshlennye/dlya-skanerov-shtrikh-kodov-i-terminalov/bluebird,https://microchips.by/catalog/akkumulyatory/promyshlennye/dlya-skanerov-shtrikh-kodov-i-terminalov/bluebird/12191/,3300mAh,,,,,,нет данных в бэкапе,,,
12192,"Аккумулятор для Casio DT 900, DT-923, DT-930 700mah",akkumulyatory/promyshlennye/dlya-skanerov-shtrikh-kodov-i-terminalov/casio,https://microchips.by/catalog/akkumulyatory/promyshlennye/dlya-skanerov-shtrikh-kodov-i-terminalov/casio/12192/,700mah,,,,,,нет данных в бэкапе,,,
12193,"Аккумулятор для Casio DT-X30, DT-X30G, IT-9000 2600mAh",akkumulyatory/promyshlennye/dlya-skanerov-shtrikh-kodov-i-terminalov/casio,https://microchips.by/catalog/akkumulyatory/promyshlennye/dlya-skanerov-shtrikh-kodov-i-terminalov/casio/12193/,2600mAh,,,,,,нет данных в бэкапе,,,
12194,"Аккумулятор для Casio DT-X5, X10 1800mah",akkumulyatory/promyshlennye/dlya-skanerov-shtrikh-kodov-i-terminalov/casio,https://microchips.by/catalog/akkumulyatory/promyshlennye/dlya-skanerov-shtrikh-kodov-i-terminalov/casio/12194/,1800mah,,,,,,нет данных в бэкапе,,,
12195,Аккумулятор для Casio DT-X7 1880mah,akkumulyatory/promyshlennye/dlya-skanerov-shtrikh-kodov-i-terminalov/casio,https://microchips.by/catalog/akkumulyatory/promyshlennye/dlya-skanerov-shtrikh-kodov-i-terminalov/casio/12195/,1880mah,,,,,,нет данных в бэкапе,,,
12196,Аккумулятор для Casio DT-X8 3000mah,akkumulyatory/promyshlennye/dlya-skanerov-shtrikh-kodov-i-terminalov/casio,https://microchips.by/catalog/akkumulyatory/promyshlennye/dlya-skanerov-shtrikh-kodov-i-terminalov/casio/12196/,3000mah,,,,,,нет данных в бэкапе,,,
12197,"Аккумулятор для Casio IT-2000, IT-3000 2200mah",akkumulyatory/promyshlennye/dlya-skanerov-shtrikh-kodov-i-terminalov/casio,https://microchips.by/catalog/akkumulyatory/promyshlennye/dlya-skanerov-shtrikh-kodov-i-terminalov/casio/12197/,2200mah,,,,,,нет данных в бэкапе,,,
12198,"Аккумулятор для Casio IT-300, IT-600, IT-G500 1850mAh",akkumulyatory/promyshlennye/dlya-skanerov-shtrikh-kodov-i-terminalov/casio,https://microchips.by/catalog/akkumulyatory/promyshlennye/dlya-skanerov-shtrikh-kodov-i-terminalov/casio/12198/,1850mAh,,,,,,нет данных в бэкапе,,,
12199,"Аккумулятор для Casio IT-300, IT-600, IT-G500 3700mAh",akkumulyatory/promyshlennye/dlya-skanerov-shtrikh-kodov-i-terminalov/casio,https://microchips.by/catalog/akkumulyatory/promyshlennye/dlya-skanerov-shtrikh-kodov-i-terminalov/casio/12199/,3700mAh,,,,,,нет данных в бэкапе,,,
12200,Аккумулятор для Casio IT-G400 (HA-R21LBAT) 5800mah,akkumulyatory/promyshlennye/dlya-skanerov-shtrikh-kodov-i-terminalov/casio,https://microchips.by/catalog/akkumulyatory/promyshlennye/dlya-skanerov-shtrikh-kodov-i-terminalov/casio/12200/,5800mah,,,,,,нет данных в бэкапе,,,
12201,Аккумулятор для Castles Vega 3000 3400mah,akkumulyatory/promyshlennye/dlya-skanerov-shtrikh-kodov-i-terminalov/castles,https://microchips.by/catalog/akkumulyatory/promyshlennye/dlya-skanerov-shtrikh-kodov-i-terminalov/castles/12201/,3400mah,,,,,,нет данных в бэкапе,,,
12202,Аккумулятор для Castles Vega 3000 (V3M2) 2600mah,akkumulyatory/promyshlennye/dlya-skanerov-shtrikh-kodov-i-terminalov/castles,https://microchips.by/catalog/akkumulyatory/promyshlennye/dlya-skanerov-shtrikh-kodov-i-terminalov/castles/12202/,2600mah,,,,,,нет данных в бэкапе,,,
12203,Аккумулятор для Castles VEGA3000-3G (IP604355-2P) 2900mah,akkumulyatory/promyshlennye/dlya-skanerov-shtrikh-kodov-i-terminalov/castles,https://microchips.by/catalog/akkumulyatory/promyshlennye/dlya-skanerov-shtrikh-kodov-i-terminalov/castles/12203/,2900mah,,,,,,нет данных в бэкапе,,,
12204,"Аккумулятор для Cino F680BT, F780BT (BT2100) 2600mah",akkumulyatory/promyshlennye/dlya-skanerov-shtrikh-kodov-i-terminalov/cino,https://microchips.by/catalog/akkumulyatory/promyshlennye/dlya-skanerov-shtrikh-kodov-i-terminalov/cino/12204/,2600mah,,,,,,нет данных в бэкапе,,,
12205,"Аккумулятор для CipherLab 1560, 1562, 1564, 2560 700mah",akkumulyatory/promyshlennye/dlya-skanerov-shtrikh-kodov-i-terminalov/cipherlab,https://microchips.by/catalog/akkumulyatory/promyshlennye/dlya-skanerov-shtrikh-kodov-i-terminalov/cipherlab/12205/,700mah,,,,,,нет данных в бэкапе,,,
12206,"Аккумулятор для CipherLab 8000, 8200, 8300 1300mah",akkumulyatory/promyshlennye/dlya-skanerov-shtrikh-kodov-i-terminalov/cipherlab,https://microchips.by/catalog/akkumulyatory/promyshlennye/dlya-skanerov-shtrikh-kodov-i-terminalov/cipherlab/12206/,1300mah,,,,,,нет данных в бэкапе,,,
12207,"Аккумулятор для CipherLab 8300, 8370 1800mah",akkumulyatory/promyshlennye/dlya-skanerov-shtrikh-kodov-i-terminalov/cipherlab,https://microchips.by/catalog/akkumulyatory/promyshlennye/dlya-skanerov-shtrikh-kodov-i-terminalov/cipherlab/12207/,1800mah,,,,,,нет данных в бэкапе,,,
12208,"Аккумулятор для CipherLab 9200, CP50, CP55 3300mah",akkumulyatory/promyshlennye/dlya-skanerov-shtrikh-kodov-i-terminalov/cipherlab,https://microchips.by/catalog/akkumulyatory/promyshlennye/dlya-skanerov-shtrikh-kodov-i-terminalov/cipherlab/12208/,3300mah,,,,,,нет данных в бэкапе,,,
12209,"Аккумулятор для CipherLab 9300, 9400, 9600 2900mah",akkumulyatory/promyshlennye/dlya-skanerov-shtrikh-kodov-i-terminalov/cipherlab,https://microchips.by/catalog/akkumulyatory/promyshlennye/dlya-skanerov-shtrikh-kodov-i-terminalov/cipherlab/12209/,2900mah,,,,,,нет данных в бэкапе,,,
12210,Аккумулятор для CipherLab 9700 3400mah,akkumulyatory/promyshlennye/dlya-skanerov-shtrikh-kodov-i-terminalov/cipherlab,https://microchips.by/catalog/akkumulyatory/promyshlennye/dlya-skanerov-shtrikh-kodov-i-terminalov/cipherlab/12210/,3400mah,,,,,,нет данных в бэкапе,,,
12211,Аккумулятор для CipherLab 9700 резервный 20mAh,akkumulyatory/promyshlennye/dlya-skanerov-shtrikh-kodov-i-terminalov/cipherlab,https://microchips.by/catalog/akkumulyatory/promyshlennye/dlya-skanerov-shtrikh-kodov-i-terminalov/cipherlab/12211/,20mAh,,,,,,нет данных в бэкапе,,,
12212,"Аккумулятор для CipherLab CL1160, CL1266 (BA-000700) 700mAh",akkumulyatory/promyshlennye/dlya-skanerov-shtrikh-kodov-i-terminalov/cipherlab,https://microchips.by/catalog/akkumulyatory/promyshlennye/dlya-skanerov-shtrikh-kodov-i-terminalov/cipherlab/12212/,700mAh,,,,,,нет данных в бэкапе,,,
12213,Аккумулятор для CipherLab CP30 2200mah,akkumulyatory/promyshlennye/dlya-skanerov-shtrikh-kodov-i-terminalov/cipherlab,https://microchips.by/catalog/akkumulyatory/promyshlennye/dlya-skanerov-shtrikh-kodov-i-terminalov/cipherlab/12213/,2200mah,,,,,,нет данных в бэкапе,,,
12214,Аккумулятор для CipherLab CP60 4400mah,akkumulyatory/promyshlennye/dlya-skanerov-shtrikh-kodov-i-terminalov/cipherlab,https://microchips.by/catalog/akkumulyatory/promyshlennye/dlya-skanerov-shtrikh-kodov-i-terminalov/cipherlab/12214/,4400mah,,,,,,нет данных в бэкапе,,,
12215,Аккумулятор для CipherLab RS30 2500mAh,akkumulyatory/promyshlennye/dlya-skanerov-shtrikh-kodov-i-terminalov/cipherlab,https://microchips.by/catalog/akkumulyatory/promyshlennye/dlya-skanerov-shtrikh-kodov-i-terminalov/cipherlab/12215/,2500mAh,,,,,,нет данных в бэкапе,,,
12216,"Аккумулятор для Datalogic 001-101, JET (700165400) 1200mAh",akkumulyatory/promyshlennye/dlya-skanerov-shtrikh-kodov-i-terminalov/datalogic,https://microchips.by/catalog/akkumulyatory/promyshlennye/dlya-skanerov-shtrikh-kodov-i-terminalov/datalogic/12216/,1200mAh,,,,,,нет данных в бэкапе,,,
12217,"Аккумулятор для Datalogic BTDL35, Memor 10 (без крышки) 4000mAh",akkumulyatory/promyshlennye/dlya-skanerov-shtrikh-kodov-i-terminalov/datalogic,https://microchips.by/catalog/akkumulyatory/promyshlennye/dlya-skanerov-shtrikh-kodov-i-terminalov/datalogic/12217/,4000mAh,,,,,,нет данных в бэкапе,,,
12218,"Аккумулятор для Datalogic CVR2, DL-Memor, Memor X3 (94ACC1368) 1000mAh",akkumulyatory/promyshlennye/dlya-skanerov-shtrikh-kodov-i-terminalov/datalogic,https://microchips.by/catalog/akkumulyatory/promyshlennye/dlya-skanerov-shtrikh-kodov-i-terminalov/datalogic/12218/,1000mAh,,,,,,нет данных в бэкапе,,,
12219,"Аккумулятор для Datalogic DL-Axist, Axist (BTDL1) 3200mah",akkumulyatory/promyshlennye/dlya-skanerov-shtrikh-kodov-i-terminalov/datalogic,https://microchips.by/catalog/akkumulyatory/promyshlennye/dlya-skanerov-shtrikh-kodov-i-terminalov/datalogic/12219/,3200mah,,,,,,нет данных в бэкапе,,,
12220,Аккумулятор для Datalogic Elf (BT-34) 2750mah,akkumulyatory/promyshlennye/dlya-skanerov-shtrikh-kodov-i-terminalov/datalogic,https://microchips.by/catalog/akkumulyatory/promyshlennye/dlya-skanerov-shtrikh-kodov-i-terminalov/datalogic/12220/,2750mah,,,,,,нет данных в бэкапе,,,
12221,Аккумулятор для Unitech HT630 (95A201004) 900mah,akkumulyatory/promyshlennye/dlya-skanerov-shtrikh-kodov-i-terminalov/unitech,https://microchips.by/catalog/akkumulyatory/promyshlennye/dlya-skanerov-shtrikh-kodov-i-terminalov/unitech/12221/,900mah,,,,,,нет данных в бэкапе,,,
12222,Аккумулятор для Datalogic Falcon X3 (BT-26) 6800mah,akkumulyatory/promyshlennye/dlya-skanerov-shtrikh-kodov-i-terminalov/datalogic,https://microchips.by/catalog/akkumulyatory/promyshlennye/dlya-skanerov-shtrikh-kodov-i-terminalov/datalogic/12222/,6800mah,,,,,,нет данных в бэкапе,,,
12223,"Аккумулятор для Datalogic Falcon X3, Falcon X4 (BT-26) 5200mah",akkumulyatory/promyshlennye/dlya-skanerov-shtrikh-kodov-i-terminalov/datalogic,https://microchips.by/catalog/akkumulyatory/promyshlennye/dlya-skanerov-shtrikh-kodov-i-terminalov/datalogic/12223/,5200mah,,,,,,нет данных в бэкапе,,,
12224,Аккумулятор для Datalogic Gryphon 4500 (BT-47) 3200mAh,akkumulyatory/promyshlennye/dlya-skanerov-shtrikh-kodov-i-terminalov/datalogic,https://microchips.by/catalog/akkumulyatory/promyshlennye/dlya-skanerov-shtrikh-kodov-i-terminalov/datalogic/12224/,3200mAh,,,,,,нет данных в бэкапе,,,
12225,Аккумулятор для Datalogic Gryphon 4500 (BT-47) 3400mah,akkumulyatory/promyshlennye/dlya-skanerov-shtrikh-kodov-i-terminalov/datalogic,https://microchips.by/catalog/akkumulyatory/promyshlennye/dlya-skanerov-shtrikh-kodov-i-terminalov/datalogic/12225/,3400mah,,,,,,нет данных в бэкапе,,,
12226,Аккумулятор для Datalogic Joya Touch (BT-44) 3000mAh,akkumulyatory/promyshlennye/dlya-skanerov-shtrikh-kodov-i-terminalov/datalogic,https://microchips.by/catalog/akkumulyatory/promyshlennye/dlya-skanerov-shtrikh-kodov-i-terminalov/datalogic/12226/,3000mAh,,,,,,нет данных в бэкапе,,,
12227,Аккумулятор для Datalogic Kyman 2600mah,akkumulyatory/promyshlennye/dlya-skanerov-shtrikh-kodov-i-terminalov/datalogic,https://microchips.by/catalog/akkumulyatory/promyshlennye/dlya-skanerov-shtrikh-kodov-i-terminalov/datalogic/12227/,2600mah,,,,,,нет данных в бэкапе,,,
12228,Аккумулятор для Datalogic Kyman 3400mah,akkumulyatory/promyshlennye/dlya-skanerov-shtrikh-kodov-i-terminalov/datalogic,https://microchips.by/catalog/akkumulyatory/promyshlennye/dlya-skanerov-shtrikh-kodov-i-terminalov/datalogic/12228/,3400mah,,,,,,нет данных в бэкапе,,,
12229,Аккумулятор для Datalogic Lynx 3500mah,akkumulyatory/promyshlennye/dlya-skanerov-shtrikh-kodov-i-terminalov/datalogic,https://microchips.by/catalog/akkumulyatory/promyshlennye/dlya-skanerov-shtrikh-kodov-i-terminalov/datalogic/12229/,3500mah,,,,,,нет данных в бэкапе,,,
12230,Аккумулятор для Datalogic Memor NFP 1100mah,akkumulyatory/promyshlennye/dlya-skanerov-shtrikh-kodov-i-terminalov/datalogic,https://microchips.by/catalog/akkumulyatory/promyshlennye/dlya-skanerov-shtrikh-kodov-i-terminalov/datalogic/12230/,1100mah,,,,,,нет данных в бэкапе,,,
12231,Аккумулятор для Datalogic Mobile Skorpio 2200mah,akkumulyatory/promyshlennye/dlya-skanerov-shtrikh-kodov-i-terminalov/datalogic,https://microchips.by/catalog/akkumulyatory/promyshlennye/dlya-skanerov-shtrikh-kodov-i-terminalov/datalogic/12231/,2200mah,,,,,,нет данных в бэкапе,,,
12232,"Аккумулятор для Datalogic P20, Pegaso (95A201016) 3300mAh",akkumulyatory/promyshlennye/dlya-skanerov-shtrikh-kodov-i-terminalov/datalogic,https://microchips.by/catalog/akkumulyatory/promyshlennye/dlya-skanerov-shtrikh-kodov-i-terminalov/datalogic/12232/,3300mAh,,,,,,нет данных в бэкапе,,,
12233,Аккумулятор для Datalogic PowerScan RF 600mAh,akkumulyatory/promyshlennye/dlya-skanerov-shtrikh-kodov-i-terminalov/datalogic,https://microchips.by/catalog/akkumulyatory/promyshlennye/dlya-skanerov-shtrikh-kodov-i-terminalov/datalogic/12233/,600mAh,,,,,,нет данных в бэкапе,,,
12234,Аккумулятор для Datalogic QiuckScan M2130 750mah,akkumulyatory/promyshlennye/dlya-skanerov-shtrikh-kodov-i-terminalov/datalogic,https://microchips.by/catalog/akkumulyatory/promyshlennye/dlya-skanerov-shtrikh-kodov-i-terminalov/datalogic/12234/,750mah,,,,,,нет данных в бэкапе,,,
12235,"Аккумулятор для Datalogic QuickScan QBT2400, QBT2101 QBT2430 (BT-32) 1600mah",akkumulyatory/promyshlennye/dlya-skanerov-shtrikh-kodov-i-terminalov/datalogic,https://microchips.by/catalog/akkumulyatory/promyshlennye/dlya-skanerov-shtrikh-kodov-i-terminalov/datalogic/12235/,1600mah,,,,,,нет данных в бэкапе,,,
12236,Аккумулятор для Datalogic QuickScan QS6500BT 800mah,akkumulyatory/promyshlennye/dlya-skanerov-shtrikh-kodov-i-terminalov/datalogic,https://microchips.by/catalog/akkumulyatory/promyshlennye/dlya-skanerov-shtrikh-kodov-i-terminalov/datalogic/12236/,800mah,,,,,,нет данных в бэкапе,,,
12237,Аккумулятор для Datalogic RBP-6400 500mAh,akkumulyatory/promyshlennye/dlya-skanerov-shtrikh-kodov-i-terminalov/datalogic,https://microchips.by/catalog/akkumulyatory/promyshlennye/dlya-skanerov-shtrikh-kodov-i-terminalov/datalogic/12237/,500mAh,,,,,,нет данных в бэкапе,,,
12238,Аккумулятор для Datalogic Skorpio Gun 3600mAh,akkumulyatory/promyshlennye/dlya-skanerov-shtrikh-kodov-i-terminalov/datalogic,https://microchips.by/catalog/akkumulyatory/promyshlennye/dlya-skanerov-shtrikh-kodov-i-terminalov/datalogic/12238/,3600mAh,,,,,,нет данных в бэкапе,,,
12239,"Аккумулятор для Datalogic Skorpio X3, Skorpio X4 (BT-0016) 5200mAh",akkumulyatory/promyshlennye/dlya-skanerov-shtrikh-kodov-i-terminalov/datalogic,https://microchips.by/catalog/akkumulyatory/promyshlennye/dlya-skanerov-shtrikh-kodov-i-terminalov/datalogic/12239/,5200mAh,,,,,,нет данных в бэкапе,,,
12240,"Аккумулятор для Datalogic Skorpio X3, Skorpio X4 (BT-0016) 6800mAh",akkumulyatory/promyshlennye/dlya-skanerov-shtrikh-kodov-i-terminalov/datalogic,https://microchips.by/catalog/akkumulyatory/promyshlennye/dlya-skanerov-shtrikh-kodov-i-terminalov/datalogic/12240/,6800mAh,,,,,,нет данных в бэкапе,,,
12241,"Аккумулятор для Denso BHT-6000, BHT-8000 700mah",akkumulyatory/promyshlennye/dlya-skanerov-shtrikh-kodov-i-terminalov/denso,https://microchips.by/catalog/akkumulyatory/promyshlennye/dlya-skanerov-shtrikh-kodov-i-terminalov/denso/12241/,700mah,,,,,,нет данных в бэкапе,,,
12242,Аккумулятор для Honeywell Dolphin 7850 1800mah,akkumulyatory/promyshlennye/dlya-skanerov-shtrikh-kodov-i-terminalov/honeywell,https://microchips.by/catalog/akkumulyatory/promyshlennye/dlya-skanerov-shtrikh-kodov-i-terminalov/honeywell/12242/,1800mah,,,,,,нет данных в бэкапе,,,
12243,"Аккумулятор для Honeywell Dolphin CK65, CK3, CK65 (318-034-013) 5200mah",akkumulyatory/promyshlennye/dlya-skanerov-shtrikh-kodov-i-terminalov/honeywell,https://microchips.by/catalog/akkumulyatory/promyshlennye/dlya-skanerov-shtrikh-kodov-i-terminalov/honeywell/12243/,5200mah,,,,,,нет данных в бэкапе,,,
12244,"Аккумулятор для FirstData FD-400, FD-410 (FD400) 1800mAh",akkumulyatory/promyshlennye/dlya-skanerov-shtrikh-kodov-i-terminalov/firstdata,https://microchips.by/catalog/akkumulyatory/promyshlennye/dlya-skanerov-shtrikh-kodov-i-terminalov/firstdata/12244/,1800mAh,,,,,,нет данных в бэкапе,,,
12245,"Аккумулятор для Getac PS236, PS336 (6800mAh, 3.7V)",akkumulyatory/promyshlennye/dlya-skanerov-shtrikh-kodov-i-terminalov/getac,https://microchips.by/catalog/akkumulyatory/promyshlennye/dlya-skanerov-shtrikh-kodov-i-terminalov/getac/12245/,6800mAh,3.7V,,,,,нет данных в бэкапе,,,
12246,Аккумулятор для Handheld Nautiz X2 (NX2-1004) 4000mah,akkumulyatory/promyshlennye/dlya-skanerov-shtrikh-kodov-i-terminalov/handheld,https://microchips.by/catalog/akkumulyatory/promyshlennye/dlya-skanerov-shtrikh-kodov-i-terminalov/handheld/12246/,4000mah,,,,,,нет данных в бэкапе,,,
12247,Аккумулятор для Handheld Nautiz X8 (NX8-1004) 5200mAh,akkumulyatory/promyshlennye/dlya-skanerov-shtrikh-kodov-i-terminalov/handheld,https://microchips.by/catalog/akkumulyatory/promyshlennye/dlya-skanerov-shtrikh-kodov-i-terminalov/handheld/12247/,5200mAh,,,,,,нет данных в бэкапе,,,
12248,Аккумулятор для Handheld Nautiz X8 (NX8-1004) 6800mAh,akkumulyatory/promyshlennye/dlya-skanerov-shtrikh-kodov-i-terminalov/handheld,https://microchips.by/catalog/akkumulyatory/promyshlennye/dlya-skanerov-shtrikh-kodov-i-terminalov/handheld/12248/,6800mAh,,,,,,нет данных в бэкапе,,,
12249,Аккумулятор для Honeywell MX9 3400mah,akkumulyatory/promyshlennye/dlya-skanerov-shtrikh-kodov-i-terminalov/honeywell,https://microchips.by/catalog/akkumulyatory/promyshlennye/dlya-skanerov-shtrikh-kodov-i-terminalov/honeywell/12249/,3400mah,,,,,,нет данных в бэкапе,,,
12250,"Аккумулятор для Honeywell Ring Scanner 8650, 8670 850mah",akkumulyatory/promyshlennye/dlya-skanerov-shtrikh-kodov-i-terminalov/honeywell,https://microchips.by/catalog/akkumulyatory/promyshlennye/dlya-skanerov-shtrikh-kodov-i-terminalov/honeywell/12250/,850mah,,,,,,нет данных в бэкапе,,,
12251,"Аккумулятор для Honeywell Tecton MX7, MX7t (159904-0001) 3400mah",akkumulyatory/promyshlennye/dlya-skanerov-shtrikh-kodov-i-terminalov/honeywell,https://microchips.by/catalog/akkumulyatory/promyshlennye/dlya-skanerov-shtrikh-kodov-i-terminalov/honeywell/12251/,3400mah,,,,,,нет данных в бэкапе,,,
12252,"Аккумулятор для Honeywell Tecton MX7, MX7t 2600mah",akkumulyatory/promyshlennye/dlya-skanerov-shtrikh-kodov-i-terminalov/honeywell,https://microchips.by/catalog/akkumulyatory/promyshlennye/dlya-skanerov-shtrikh-kodov-i-terminalov/honeywell/12252/,2600mah,,,,,,нет данных в бэкапе,,,
12253,Аккумулятор для Honeywell 2280 1200mah,akkumulyatory/promyshlennye/dlya-skanerov-shtrikh-kodov-i-terminalov/honeywell,https://microchips.by/catalog/akkumulyatory/promyshlennye/dlya-skanerov-shtrikh-kodov-i-terminalov/honeywell/12253/,1200mah,,,,,,нет данных в бэкапе,,,
12254,Аккумулятор для Honeywell 8680i 2100mAh,akkumulyatory/promyshlennye/dlya-skanerov-shtrikh-kodov-i-terminalov/honeywell,https://microchips.by/catalog/akkumulyatory/promyshlennye/dlya-skanerov-shtrikh-kodov-i-terminalov/honeywell/12254/,2100mAh,,,,,,нет данных в бэкапе,,,
12255,Аккумулятор для Honeywell 8800 (21-62606-01) 2200mAh,akkumulyatory/promyshlennye/dlya-skanerov-shtrikh-kodov-i-terminalov/honeywell,https://microchips.by/catalog/akkumulyatory/promyshlennye/dlya-skanerov-shtrikh-kodov-i-terminalov/honeywell/12255/,2200mAh,,,,,,нет данных в бэкапе,,,
12256,Аккумулятор для Honeywell 8800 (21-62606-01) 3400mah,akkumulyatory/promyshlennye/dlya-skanerov-shtrikh-kodov-i-terminalov/honeywell,https://microchips.by/catalog/akkumulyatory/promyshlennye/dlya-skanerov-shtrikh-kodov-i-terminalov/honeywell/12256/,3400mah,,,,,,нет данных в бэкапе,,,
12257,"Аккумулятор для Honeywell BAT-SCN04, 50139108-001 2400mah",akkumulyatory/promyshlennye/dlya-skanerov-shtrikh-kodov-i-terminalov/honeywell,https://microchips.by/catalog/akkumulyatory/promyshlennye/dlya-skanerov-shtrikh-kodov-i-terminalov/honeywell/12257/,2400mah,,,,,,нет данных в бэкапе,,,
12258,"Аккумулятор для Honeywell CT40, CT40XP (CT50-BTSC) 4000mah",akkumulyatory/promyshlennye/dlya-skanerov-shtrikh-kodov-i-terminalov/honeywell,https://microchips.by/catalog/akkumulyatory/promyshlennye/dlya-skanerov-shtrikh-kodov-i-terminalov/honeywell/12258/,4000mah,,,,,,нет данных в бэкапе,,,
12259,Аккумулятор для Honeywell Dolphin 6000 1450mAh,akkumulyatory/promyshlennye/dlya-skanerov-shtrikh-kodov-i-terminalov/honeywell,https://microchips.by/catalog/akkumulyatory/promyshlennye/dlya-skanerov-shtrikh-kodov-i-terminalov/honeywell/12259/,1450mAh,,,,,,нет данных в бэкапе,,,
12260,"Аккумулятор для Honeywell Dolphin 60s, 70e 3200mAh",akkumulyatory/promyshlennye/dlya-skanerov-shtrikh-kodov-i-terminalov/honeywell,https://microchips.by/catalog/akkumulyatory/promyshlennye/dlya-skanerov-shtrikh-kodov-i-terminalov/honeywell/12260/,3200mAh,,,,,,нет данных в бэкапе,,,
12261,"Аккумулятор для Honeywell Dolphin 6100, Dolphin 6500 (6000-TESC) 2200mAh",akkumulyatory/promyshlennye/dlya-skanerov-shtrikh-kodov-i-terminalov/honeywell,https://microchips.by/catalog/akkumulyatory/promyshlennye/dlya-skanerov-shtrikh-kodov-i-terminalov/honeywell/12261/,2200mAh,,,,,,нет данных в бэкапе,,,
12262,Аккумулятор для Honeywell Dolphin 7600 3200mah,akkumulyatory/promyshlennye/dlya-skanerov-shtrikh-kodov-i-terminalov/honeywell,https://microchips.by/catalog/akkumulyatory/promyshlennye/dlya-skanerov-shtrikh-kodov-i-terminalov/honeywell/12262/,3200mah,,,,,,нет данных в бэкапе,,,
12263,Аккумулятор для Honeywell Dolphin 7800 3600mAh,akkumulyatory/promyshlennye/dlya-skanerov-shtrikh-kodov-i-terminalov/honeywell,https://microchips.by/catalog/akkumulyatory/promyshlennye/dlya-skanerov-shtrikh-kodov-i-terminalov/honeywell/12263/,3600mAh,,,,,,нет данных в бэкапе,,,
12264,Аккумулятор для Honeywell Dolphin 7800 3600mAh белый,akkumulyatory/promyshlennye/dlya-skanerov-shtrikh-kodov-i-terminalov/honeywell,https://microchips.by/catalog/akkumulyatory/promyshlennye/dlya-skanerov-shtrikh-kodov-i-terminalov/honeywell/12264/,3600mAh,,,,,,нет данных в бэкапе,,,
12265,"Аккумулятор для Honeywell Dolphin 7900, 9500, 9550, 9900 3400mah",akkumulyatory/promyshlennye/dlya-skanerov-shtrikh-kodov-i-terminalov/honeywell,https://microchips.by/catalog/akkumulyatory/promyshlennye/dlya-skanerov-shtrikh-kodov-i-terminalov/honeywell/12265/,3400mah,,,,,,нет данных в бэкапе,,,
12266,Аккумулятор для Honeywell Dolphin 99ex 2400mah,akkumulyatory/promyshlennye/dlya-skanerov-shtrikh-kodov-i-terminalov/honeywell,https://microchips.by/catalog/akkumulyatory/promyshlennye/dlya-skanerov-shtrikh-kodov-i-terminalov/honeywell/12266/,2400mah,,,,,,нет данных в бэкапе,,,
12267,Аккумулятор для Honeywell Dolphin 99EX 5200mAh,akkumulyatory/promyshlennye/dlya-skanerov-shtrikh-kodov-i-terminalov/honeywell,https://microchips.by/catalog/akkumulyatory/promyshlennye/dlya-skanerov-shtrikh-kodov-i-terminalov/honeywell/12267/,5200mAh,,,,,,нет данных в бэкапе,,,
12268,Аккумулятор для Honeywell Dolphin 99ex 6800mah,akkumulyatory/promyshlennye/dlya-skanerov-shtrikh-kodov-i-terminalov/honeywell,https://microchips.by/catalog/akkumulyatory/promyshlennye/dlya-skanerov-shtrikh-kodov-i-terminalov/honeywell/12268/,6800mah,,,,,,нет данных в бэкапе,,,
12269,Аккумулятор для Honeywell Dolphin CN80 (CW-BAT) 5600mah,akkumulyatory/promyshlennye/dlya-skanerov-shtrikh-kodov-i-terminalov/honeywell,https://microchips.by/catalog/akkumulyatory/promyshlennye/dlya-skanerov-shtrikh-kodov-i-terminalov/honeywell/12269/,5600mah,,,,,,нет данных в бэкапе,,,
12270,"Аккумулятор для Honeywell EDA50K, ScanPal 50 (BAT-EDA50K-1) 4000mah",akkumulyatory/promyshlennye/dlya-skanerov-shtrikh-kodov-i-terminalov/honeywell,https://microchips.by/catalog/akkumulyatory/promyshlennye/dlya-skanerov-shtrikh-kodov-i-terminalov/honeywell/12270/,4000mah,,,,,,нет данных в бэкапе,,,
12271,Аккумулятор для Honeywell IH21 RFID 1800mAh,akkumulyatory/promyshlennye/dlya-skanerov-shtrikh-kodov-i-terminalov/honeywell,https://microchips.by/catalog/akkumulyatory/promyshlennye/dlya-skanerov-shtrikh-kodov-i-terminalov/honeywell/12271/,1800mAh,,,,,,нет данных в бэкапе,,,
12272,"Аккумулятор для Honeywell Marathon FX1, Marathon LXE 1800mah",akkumulyatory/promyshlennye/dlya-skanerov-shtrikh-kodov-i-terminalov/honeywell,https://microchips.by/catalog/akkumulyatory/promyshlennye/dlya-skanerov-shtrikh-kodov-i-terminalov/honeywell/12272/,1800mah,,,,,,нет данных в бэкапе,,,
12273,"Аккумулятор для Honeywell Scanpal EDA40, EDA50K 4000mah",akkumulyatory/promyshlennye/dlya-skanerov-shtrikh-kodov-i-terminalov/honeywell,https://microchips.by/catalog/akkumulyatory/promyshlennye/dlya-skanerov-shtrikh-kodov-i-terminalov/honeywell/12273/,4000mah,,,,,,нет данных в бэкапе,,,
12274,"Аккумулятор для Honeywell Talkman T5, VC50L2 4400mah",akkumulyatory/promyshlennye/dlya-skanerov-shtrikh-kodov-i-terminalov/honeywell,https://microchips.by/catalog/akkumulyatory/promyshlennye/dlya-skanerov-shtrikh-kodov-i-terminalov/honeywell/12274/,4400mah,,,,,,нет данных в бэкапе,,,
12275,"Аккумулятор для Honeywell Thor VM1, VM2 2600mah",akkumulyatory/promyshlennye/dlya-skanerov-shtrikh-kodov-i-terminalov/honeywell,https://microchips.by/catalog/akkumulyatory/promyshlennye/dlya-skanerov-shtrikh-kodov-i-terminalov/honeywell/12275/,2600mah,,,,,,нет данных в бэкапе,,,
12276,"Аккумулятор для Honeywell TX700, TX800 (163367-0001) 1400mAh",akkumulyatory/promyshlennye/dlya-skanerov-shtrikh-kodov-i-terminalov/honeywell,https://microchips.by/catalog/akkumulyatory/promyshlennye/dlya-skanerov-shtrikh-kodov-i-terminalov/honeywell/12276/,1400mAh,,,,,,нет данных в бэкапе,,,
12277,"Аккумулятор для Honeywell Voyager 1202g, 1452g, Granit 1911i, 3820 (BAT-SCN01) 3400mah",akkumulyatory/promyshlennye/dlya-skanerov-shtrikh-kodov-i-terminalov/honeywell,https://microchips.by/catalog/akkumulyatory/promyshlennye/dlya-skanerov-shtrikh-kodov-i-terminalov/honeywell/12277/,3400mah,,,,,,нет данных в бэкапе,,,
12278,"Аккумулятор для Honeywell Xenon 3820, Voyager 1202 (S-L-0526-E) 2000mAh",akkumulyatory/promyshlennye/dlya-skanerov-shtrikh-kodov-i-terminalov/honeywell,https://microchips.by/catalog/akkumulyatory/promyshlennye/dlya-skanerov-shtrikh-kodov-i-terminalov/honeywell/12278/,2000mAh,,,,,,нет данных в бэкапе,,,
12279,"Аккумулятор для Hypercom T4220, T4230 1800mah",akkumulyatory/promyshlennye/dlya-skanerov-shtrikh-kodov-i-terminalov/hypercom,https://microchips.by/catalog/akkumulyatory/promyshlennye/dlya-skanerov-shtrikh-kodov-i-terminalov/hypercom/12279/,1800mah,,,,,,нет данных в бэкапе,,,
12280,Аккумулятор для Ingenico EFT930 1800mah,akkumulyatory/promyshlennye/dlya-skanerov-shtrikh-kodov-i-terminalov/ingenico,https://microchips.by/catalog/akkumulyatory/promyshlennye/dlya-skanerov-shtrikh-kodov-i-terminalov/ingenico/12280/,1800mah,,,,,,нет данных в бэкапе,,,
12281,Аккумулятор для Ingenico EFT930P (MGL8602) 1500mAh,akkumulyatory/promyshlennye/dlya-skanerov-shtrikh-kodov-i-terminalov/ingenico,https://microchips.by/catalog/akkumulyatory/promyshlennye/dlya-skanerov-shtrikh-kodov-i-terminalov/ingenico/12281/,1500mAh,,,,,,нет данных в бэкапе,,,
12282,"Аккумулятор для Ingenico Elite 730, 770 1800mah",akkumulyatory/promyshlennye/dlya-skanerov-shtrikh-kodov-i-terminalov/ingenico,https://microchips.by/catalog/akkumulyatory/promyshlennye/dlya-skanerov-shtrikh-kodov-i-terminalov/ingenico/12282/,1800mah,,,,,,нет данных в бэкапе,,,
12283,Аккумулятор для Ingenico iMP350 1200mah,akkumulyatory/promyshlennye/dlya-skanerov-shtrikh-kodov-i-terminalov/ingenico,https://microchips.by/catalog/akkumulyatory/promyshlennye/dlya-skanerov-shtrikh-kodov-i-terminalov/ingenico/12283/,1200mah,,,,,,нет данных в бэкапе,,,
12284,"Аккумулятор для Ingenico IWL220, iWL250, ШТРИХ-НАНО-Ф 3400mah",akkumulyatory/promyshlennye/dlya-skanerov-shtrikh-kodov-i-terminalov/ingenico,https://microchips.by/catalog/akkumulyatory/promyshlennye/dlya-skanerov-shtrikh-kodov-i-terminalov/ingenico/12284/,3400mah,,,,,,нет данных в бэкапе,,,
12285,Аккумулятор для Ingenico iWL280 (L01J44007) 2200mAh,akkumulyatory/promyshlennye/dlya-skanerov-shtrikh-kodov-i-terminalov/ingenico,https://microchips.by/catalog/akkumulyatory/promyshlennye/dlya-skanerov-shtrikh-kodov-i-terminalov/ingenico/12285/,2200mAh,,,,,,нет данных в бэкапе,,,
12286,Аккумулятор для Ingenico Move 5000 (F12432566) 3000mAh,akkumulyatory/promyshlennye/dlya-skanerov-shtrikh-kodov-i-terminalov/ingenico,https://microchips.by/catalog/akkumulyatory/promyshlennye/dlya-skanerov-shtrikh-kodov-i-terminalov/ingenico/12286/,3000mAh,,,,,,нет данных в бэкапе,,,
12287,"Аккумулятор для Intermec 600, 680 3400mah",akkumulyatory/promyshlennye/dlya-skanerov-shtrikh-kodov-i-terminalov/intermec,https://microchips.by/catalog/akkumulyatory/promyshlennye/dlya-skanerov-shtrikh-kodov-i-terminalov/intermec/12287/,3400mah,,,,,,нет данных в бэкапе,,,
12288,"Аккумулятор для Intermec 700 Mono, 730 Color 2400mAh",akkumulyatory/promyshlennye/dlya-skanerov-shtrikh-kodov-i-terminalov/intermec,https://microchips.by/catalog/akkumulyatory/promyshlennye/dlya-skanerov-shtrikh-kodov-i-terminalov/intermec/12288/,2400mAh,,,,,,нет данных в бэкапе,,,
12289,"Аккумулятор для Intermec 700, 710, 720, 730, 740, 741, 750, 751, 760, 761 2400mAh",akkumulyatory/promyshlennye/dlya-skanerov-shtrikh-kodov-i-terminalov/intermec,https://microchips.by/catalog/akkumulyatory/promyshlennye/dlya-skanerov-shtrikh-kodov-i-terminalov/intermec/12289/,2400mAh,,,,,,нет данных в бэкапе,,,
12290,Аккумулятор для Intermec CK3 серии (AB18) 4400mah,akkumulyatory/promyshlennye/dlya-skanerov-shtrikh-kodov-i-terminalov/intermec,https://microchips.by/catalog/akkumulyatory/promyshlennye/dlya-skanerov-shtrikh-kodov-i-terminalov/intermec/12290/,4400mah,,,,,,нет данных в бэкапе,,,
12291,Аккумулятор для Intermec CK3 серии (AB18) 5200mAh,akkumulyatory/promyshlennye/dlya-skanerov-shtrikh-kodov-i-terminalov/intermec,https://microchips.by/catalog/akkumulyatory/promyshlennye/dlya-skanerov-shtrikh-kodov-i-terminalov/intermec/12291/,5200mAh,,,,,,нет данных в бэкапе,,,
12292,Аккумулятор для Intermec CK3 серии (AB18) 6800mah,akkumulyatory/promyshlennye/dlya-skanerov-shtrikh-kodov-i-terminalov/intermec,https://microchips.by/catalog/akkumulyatory/promyshlennye/dlya-skanerov-shtrikh-kodov-i-terminalov/intermec/12292/,6800mah,,,,,,нет данных в бэкапе,,,
12293,"Аккумулятор для Intermec CK30, CK31, CK32 (AB1G) 3400mah",akkumulyatory/promyshlennye/dlya-skanerov-shtrikh-kodov-i-terminalov/intermec,https://microchips.by/catalog/akkumulyatory/promyshlennye/dlya-skanerov-shtrikh-kodov-i-terminalov/intermec/12293/,3400mah,,,,,,нет данных в бэкапе,,,
12294,"Аккумулятор для Intermec CK70, CK71 6800mah",akkumulyatory/promyshlennye/dlya-skanerov-shtrikh-kodov-i-terminalov/intermec,https://microchips.by/catalog/akkumulyatory/promyshlennye/dlya-skanerov-shtrikh-kodov-i-terminalov/intermec/12294/,6800mah,,,,,,нет данных в бэкапе,,,
12295,Аккумулятор для Intermec CN2 20mah,akkumulyatory/promyshlennye/dlya-skanerov-shtrikh-kodov-i-terminalov/intermec,https://microchips.by/catalog/akkumulyatory/promyshlennye/dlya-skanerov-shtrikh-kodov-i-terminalov/intermec/12295/,20mah,,,,,,нет данных в бэкапе,,,
12296,"Аккумулятор для Intermec CN3, CN4 4400mah",akkumulyatory/promyshlennye/dlya-skanerov-shtrikh-kodov-i-terminalov/intermec,https://microchips.by/catalog/akkumulyatory/promyshlennye/dlya-skanerov-shtrikh-kodov-i-terminalov/intermec/12296/,4400mah,,,,,,нет данных в бэкапе,,,
12297,"Аккумулятор для Intermec CN50, CN51 1950mAh",akkumulyatory/promyshlennye/dlya-skanerov-shtrikh-kodov-i-terminalov/intermec,https://microchips.by/catalog/akkumulyatory/promyshlennye/dlya-skanerov-shtrikh-kodov-i-terminalov/intermec/12297/,1950mAh,,,,,,нет данных в бэкапе,,,
12298,"Аккумулятор для Intermec CN70, CN70e 4600mah",akkumulyatory/promyshlennye/dlya-skanerov-shtrikh-kodov-i-terminalov/intermec,https://microchips.by/catalog/akkumulyatory/promyshlennye/dlya-skanerov-shtrikh-kodov-i-terminalov/intermec/12298/,4600mah,,,,,,нет данных в бэкапе,,,
12299,"Аккумулятор для Intermec IP30, SR61 3400mAh",akkumulyatory/promyshlennye/dlya-skanerov-shtrikh-kodov-i-terminalov/intermec,https://microchips.by/catalog/akkumulyatory/promyshlennye/dlya-skanerov-shtrikh-kodov-i-terminalov/intermec/12299/,3400mAh,,,,,,нет данных в бэкапе,,,
12300,"Аккумулятор для Intermec PR2, PR3 (1013AB01) 1500mAh",akkumulyatory/promyshlennye/dlya-skanerov-shtrikh-kodov-i-terminalov/intermec,https://microchips.by/catalog/akkumulyatory/promyshlennye/dlya-skanerov-shtrikh-kodov-i-terminalov/intermec/12300/,1500mAh,,,,,,нет данных в бэкапе,,,
12301,"Аккумулятор для Intermec PR2, PR3 (1013AB02) 1500mAh",akkumulyatory/promyshlennye/dlya-skanerov-shtrikh-kodov-i-terminalov/intermec,https://microchips.by/catalog/akkumulyatory/promyshlennye/dlya-skanerov-shtrikh-kodov-i-terminalov/intermec/12301/,1500mAh,,,,,,нет данных в бэкапе,,,
12302,"Аккумулятор для Intermec SF61, SF61b (1016AB01) 3400mah",akkumulyatory/promyshlennye/dlya-skanerov-shtrikh-kodov-i-terminalov/intermec,https://microchips.by/catalog/akkumulyatory/promyshlennye/dlya-skanerov-shtrikh-kodov-i-terminalov/intermec/12302/,3400mah,,,,,,нет данных в бэкапе,,,
12303,Аккумулятор для Intermec SG20 1600mAh,akkumulyatory/promyshlennye/dlya-skanerov-shtrikh-kodov-i-terminalov/intermec,https://microchips.by/catalog/akkumulyatory/promyshlennye/dlya-skanerov-shtrikh-kodov-i-terminalov/intermec/12303/,1600mAh,,,,,,нет данных в бэкапе,,,
12304,"Аккумулятор для Koamtac KDC-100, KDC-200 (KDC-BAT100) 190mah",akkumulyatory/promyshlennye/dlya-skanerov-shtrikh-kodov-i-terminalov/koamtac,https://microchips.by/catalog/akkumulyatory/promyshlennye/dlya-skanerov-shtrikh-kodov-i-terminalov/koamtac/12304/,190mah,,,,,,нет данных в бэкапе,,,
12305,Аккумулятор для LXE MX8 (161376-0001) 3350mAh,akkumulyatory/promyshlennye/dlya-skanerov-shtrikh-kodov-i-terminalov/lxe,https://microchips.by/catalog/akkumulyatory/promyshlennye/dlya-skanerov-shtrikh-kodov-i-terminalov/lxe/12305/,3350mAh,,,,,,нет данных в бэкапе,,,
12306,Аккумулятор для LXE VX9 3400mAh,akkumulyatory/promyshlennye/dlya-skanerov-shtrikh-kodov-i-terminalov/lxe,https://microchips.by/catalog/akkumulyatory/promyshlennye/dlya-skanerov-shtrikh-kodov-i-terminalov/lxe/12306/,3400mAh,,,,,,нет данных в бэкапе,,,
12307,"Аккумулятор для M3 Mobile M3 Red, Green, Sky, Orange 3200mah",akkumulyatory/promyshlennye/dlya-skanerov-shtrikh-kodov-i-terminalov/m3-mobile,https://microchips.by/catalog/akkumulyatory/promyshlennye/dlya-skanerov-shtrikh-kodov-i-terminalov/m3-mobile/12307/,3200mah,,,,,,нет данных в бэкапе,,,
12308,Аккумулятор для M3 Mobile OX10 3300mah,akkumulyatory/promyshlennye/dlya-skanerov-shtrikh-kodov-i-terminalov/m3-mobile,https://microchips.by/catalog/akkumulyatory/promyshlennye/dlya-skanerov-shtrikh-kodov-i-terminalov/m3-mobile/12308/,3300mah,,,,,,нет данных в бэкапе,,,
12309,Аккумулятор для M3 Mobile SM10 4200mah,akkumulyatory/promyshlennye/dlya-skanerov-shtrikh-kodov-i-terminalov/m3-mobile,https://microchips.by/catalog/akkumulyatory/promyshlennye/dlya-skanerov-shtrikh-kodov-i-terminalov/m3-mobile/12309/,4200mah,,,,,,нет данных в бэкапе,,,
12310,"Аккумулятор для M3 Mobile SM20, SM20 X (SM20-BATT-S41) 4200mAh",akkumulyatory/promyshlennye/dlya-skanerov-shtrikh-kodov-i-terminalov/m3-mobile,https://microchips.by/catalog/akkumulyatory/promyshlennye/dlya-skanerov-shtrikh-kodov-i-terminalov/m3-mobile/12310/,4200mAh,,,,,,нет данных в бэкапе,,,
12311,"Аккумулятор для M3 MOBILE Smart, ST10 2000mah",akkumulyatory/promyshlennye/dlya-skanerov-shtrikh-kodov-i-terminalov/m3-mobile,https://microchips.by/catalog/akkumulyatory/promyshlennye/dlya-skanerov-shtrikh-kodov-i-terminalov/m3-mobile/12311/,2000mah,,,,,,нет данных в бэкапе,,,
12312,Аккумулятор для Metrologic MS1633 Focus BT 2200mAh,akkumulyatory/promyshlennye/dlya-skanerov-shtrikh-kodov-i-terminalov/metrologic,https://microchips.by/catalog/akkumulyatory/promyshlennye/dlya-skanerov-shtrikh-kodov-i-terminalov/metrologic/12312/,2200mAh,,,,,,нет данных в бэкапе,,,
12313,Аккумулятор для Metrologic MS9535 1400mah,akkumulyatory/promyshlennye/dlya-skanerov-shtrikh-kodov-i-terminalov/metrologic,https://microchips.by/catalog/akkumulyatory/promyshlennye/dlya-skanerov-shtrikh-kodov-i-terminalov/metrologic/12313/,1400mah,,,,,,нет данных в бэкапе,,,
12314,"Аккумулятор для Motorola CS3070, CS33 700mah",akkumulyatory/promyshlennye/dlya-skanerov-shtrikh-kodov-i-terminalov/motorola,https://microchips.by/catalog/akkumulyatory/promyshlennye/dlya-skanerov-shtrikh-kodov-i-terminalov/motorola/12314/,700mah,,,,,,нет данных в бэкапе,,,
12315,Аккумулятор для Motorola CS4070 (82-97300-02) 950mah черный,akkumulyatory/promyshlennye/dlya-skanerov-shtrikh-kodov-i-terminalov/motorola,https://microchips.by/catalog/akkumulyatory/promyshlennye/dlya-skanerov-shtrikh-kodov-i-terminalov/motorola/12315/,950mah,,,,,,нет данных в бэкапе,,,
12316,Аккумулятор для Motorola CS4070 950mAh,akkumulyatory/promyshlennye/dlya-skanerov-shtrikh-kodov-i-terminalov/motorola,https://microchips.by/catalog/akkumulyatory/promyshlennye/dlya-skanerov-shtrikh-kodov-i-terminalov/motorola/12316/,950mAh,,,,,,нет данных в бэкапе,,,
12317,Аккумулятор для Motorola ES85 (82-164801-02) 4400mah,akkumulyatory/promyshlennye/dlya-skanerov-shtrikh-kodov-i-terminalov/motorola,https://microchips.by/catalog/akkumulyatory/promyshlennye/dlya-skanerov-shtrikh-kodov-i-terminalov/motorola/12317/,4400mah,,,,,,нет данных в бэкапе,,,
12318,Аккумулятор для Motorola ES85 (82-164807-01) 2200mAh,akkumulyatory/promyshlennye/dlya-skanerov-shtrikh-kodov-i-terminalov/motorola,https://microchips.by/catalog/akkumulyatory/promyshlennye/dlya-skanerov-shtrikh-kodov-i-terminalov/motorola/12318/,2200mAh,,,,,,нет данных в бэкапе,,,
12319,"Аккумулятор для Motorola MC21, MC2180 1800mah",akkumulyatory/promyshlennye/dlya-skanerov-shtrikh-kodov-i-terminalov/motorola,https://microchips.by/catalog/akkumulyatory/promyshlennye/dlya-skanerov-shtrikh-kodov-i-terminalov/motorola/12319/,1800mah,,,,,,нет данных в бэкапе,,,
12320,"Аккумулятор для Motorola MC21, MC2180 2300mah",akkumulyatory/promyshlennye/dlya-skanerov-shtrikh-kodov-i-terminalov/motorola,https://microchips.by/catalog/akkumulyatory/promyshlennye/dlya-skanerov-shtrikh-kodov-i-terminalov/motorola/12320/,2300mah,,,,,,нет данных в бэкапе,,,
12321,Аккумулятор для Motorola MC3200 6800mah,akkumulyatory/promyshlennye/dlya-skanerov-shtrikh-kodov-i-terminalov/motorola,https://microchips.by/catalog/akkumulyatory/promyshlennye/dlya-skanerov-shtrikh-kodov-i-terminalov/motorola/12321/,6800mah,,,,,,нет данных в бэкапе,,,
12322,"Аккумулятор для Motorola MC3200, MC32N0 4800mah",akkumulyatory/promyshlennye/dlya-skanerov-shtrikh-kodov-i-terminalov/motorola,https://microchips.by/catalog/akkumulyatory/promyshlennye/dlya-skanerov-shtrikh-kodov-i-terminalov/motorola/12322/,4800mah,,,,,,нет данных в бэкапе,,,
12323,Аккумулятор для Motorola MPM100 1350mah,akkumulyatory/promyshlennye/dlya-skanerov-shtrikh-kodov-i-terminalov/motorola,https://microchips.by/catalog/akkumulyatory/promyshlennye/dlya-skanerov-shtrikh-kodov-i-terminalov/motorola/12323/,1350mah,,,,,,нет данных в бэкапе,,,
12324,Аккумулятор для Motorola MPM100 550mah,akkumulyatory/promyshlennye/dlya-skanerov-shtrikh-kodov-i-terminalov/motorola,https://microchips.by/catalog/akkumulyatory/promyshlennye/dlya-skanerov-shtrikh-kodov-i-terminalov/motorola/12324/,550mah,,,,,,нет данных в бэкапе,,,
12325,Аккумулятор для Motorola RS507 (BTRY-RS50EAB02-01) 1900mah,akkumulyatory/promyshlennye/dlya-skanerov-shtrikh-kodov-i-terminalov/motorola,https://microchips.by/catalog/akkumulyatory/promyshlennye/dlya-skanerov-shtrikh-kodov-i-terminalov/motorola/12325/,1900mah,,,,,,нет данных в бэкапе,,,
12326,Аккумулятор для Motorola SB1 (82-158057-01) 1100mAh,akkumulyatory/promyshlennye/dlya-skanerov-shtrikh-kodov-i-terminalov/motorola,https://microchips.by/catalog/akkumulyatory/promyshlennye/dlya-skanerov-shtrikh-kodov-i-terminalov/motorola/12326/,1100mAh,,,,,,нет данных в бэкапе,,,
12327,"Аккумулятор для Motorola TC70, TC75 (BT-000318) 4550mAh",akkumulyatory/promyshlennye/dlya-skanerov-shtrikh-kodov-i-terminalov/motorola,https://microchips.by/catalog/akkumulyatory/promyshlennye/dlya-skanerov-shtrikh-kodov-i-terminalov/motorola/12327/,4550mAh,,,,,,нет данных в бэкапе,,,
12328,"Аккумулятор для Motorola WA3006, WA3026 3300mah",akkumulyatory/promyshlennye/dlya-skanerov-shtrikh-kodov-i-terminalov/motorola,https://microchips.by/catalog/akkumulyatory/promyshlennye/dlya-skanerov-shtrikh-kodov-i-terminalov/motorola/12328/,3300mah,,,,,,нет данных в бэкапе,,,
12329,Аккумулятор для NCR Orderman 5 (5555-0105-8801) 4200mAh,akkumulyatory/promyshlennye/dlya-skanerov-shtrikh-kodov-i-terminalov/ncr,https://microchips.by/catalog/akkumulyatory/promyshlennye/dlya-skanerov-shtrikh-kodov-i-terminalov/ncr/12329/,4200mAh,,,,,,нет данных в бэкапе,,,
12330,"Аккумулятор для Newland MT60, MT6550 Pro (BTY61) 3800mah",akkumulyatory/promyshlennye/dlya-skanerov-shtrikh-kodov-i-terminalov/newland,https://microchips.by/catalog/akkumulyatory/promyshlennye/dlya-skanerov-shtrikh-kodov-i-terminalov/newland/12330/,3800mah,,,,,,нет данных в бэкапе,,,
12331,"Аккумулятор для Newpos New8110, New 8110 (ET-5A) 2100mAh",akkumulyatory/promyshlennye/dlya-skanerov-shtrikh-kodov-i-terminalov/newpos,https://microchips.by/catalog/akkumulyatory/promyshlennye/dlya-skanerov-shtrikh-kodov-i-terminalov/newpos/12331/,2100mAh,,,,,,нет данных в бэкапе,,,
12332,Аккумулятор для Opticon 3101 1500mAh,akkumulyatory/promyshlennye/dlya-skanerov-shtrikh-kodov-i-terminalov/opticon,https://microchips.by/catalog/akkumulyatory/promyshlennye/dlya-skanerov-shtrikh-kodov-i-terminalov/opticon/12332/,1500mAh,,,,,,нет данных в бэкапе,,,
12333,"Аккумулятор для Opticon CLK-3001, OPH-1005, OPH-3000 1100mah",akkumulyatory/promyshlennye/dlya-skanerov-shtrikh-kodov-i-terminalov/opticon,https://microchips.by/catalog/akkumulyatory/promyshlennye/dlya-skanerov-shtrikh-kodov-i-terminalov/opticon/12333/,1100mah,,,,,,нет данных в бэкапе,,,
12334,Аккумулятор для Opticon H-27 3000mAh,akkumulyatory/promyshlennye/dlya-skanerov-shtrikh-kodov-i-terminalov/opticon,https://microchips.by/catalog/akkumulyatory/promyshlennye/dlya-skanerov-shtrikh-kodov-i-terminalov/opticon/12334/,3000mAh,,,,,,нет данных в бэкапе,,,
12335,Аккумулятор для Opticon H15 1800mah,akkumulyatory/promyshlennye/dlya-skanerov-shtrikh-kodov-i-terminalov/opticon,https://microchips.by/catalog/akkumulyatory/promyshlennye/dlya-skanerov-shtrikh-kodov-i-terminalov/opticon/12335/,1800mah,,,,,,нет данных в бэкапе,,,
12336,"Аккумулятор для Opticon H21, H22 3060mah",akkumulyatory/promyshlennye/dlya-skanerov-shtrikh-kodov-i-terminalov/opticon,https://microchips.by/catalog/akkumulyatory/promyshlennye/dlya-skanerov-shtrikh-kodov-i-terminalov/opticon/12336/,3060mah,,,,,,нет данных в бэкапе,,,
12337,"Аккумулятор для Opticon OPL-9700, OPL-9724, OPL-9728 800mah",akkumulyatory/promyshlennye/dlya-skanerov-shtrikh-kodov-i-terminalov/opticon,https://microchips.by/catalog/akkumulyatory/promyshlennye/dlya-skanerov-shtrikh-kodov-i-terminalov/opticon/12337/,800mah,,,,,,нет данных в бэкапе,,,
12338,"Аккумулятор для Opticon OPL-9714, OPL-9715, OPL-9815 1000mah",akkumulyatory/promyshlennye/dlya-skanerov-shtrikh-kodov-i-terminalov/opticon,https://microchips.by/catalog/akkumulyatory/promyshlennye/dlya-skanerov-shtrikh-kodov-i-terminalov/opticon/12338/,1000mah,,,,,,нет данных в бэкапе,,,
12339,Аккумулятор для Opticon PHL-7000 серии (BP05-000500) 2200mAh,akkumulyatory/promyshlennye/dlya-skanerov-shtrikh-kodov-i-terminalov/opticon,https://microchips.by/catalog/akkumulyatory/promyshlennye/dlya-skanerov-shtrikh-kodov-i-terminalov/opticon/12339/,2200mAh,,,,,,нет данных в бэкапе,,,
12340,Аккумулятор для Opticon PX-35 (1400-203047G) 1800mah,akkumulyatory/promyshlennye/dlya-skanerov-shtrikh-kodov-i-terminalov/opticon,https://microchips.by/catalog/akkumulyatory/promyshlennye/dlya-skanerov-shtrikh-kodov-i-terminalov/opticon/12340/,1800mah,,,,,,нет данных в бэкапе,,,
12341,Аккумулятор для Opticon PX001 (BTR0100) 1100mah,akkumulyatory/promyshlennye/dlya-skanerov-shtrikh-kodov-i-terminalov/opticon,https://microchips.by/catalog/akkumulyatory/promyshlennye/dlya-skanerov-shtrikh-kodov-i-terminalov/opticon/12341/,1100mah,,,,,,нет данных в бэкапе,,,
12342,"Аккумулятор для Pax A920, A920C (IS900) 5250mAh",akkumulyatory/promyshlennye/dlya-skanerov-shtrikh-kodov-i-terminalov/pax,https://microchips.by/catalog/akkumulyatory/promyshlennye/dlya-skanerov-shtrikh-kodov-i-terminalov/pax/12342/,5250mAh,,,,,,нет данных в бэкапе,,,
12343,"Аккумулятор для Pax D200T, IS275, Mini (IS057) 1800mah",akkumulyatory/promyshlennye/dlya-skanerov-shtrikh-kodov-i-terminalov/pax,https://microchips.by/catalog/akkumulyatory/promyshlennye/dlya-skanerov-shtrikh-kodov-i-terminalov/pax/12343/,1800mah,,,,,,нет данных в бэкапе,,,
12344,Аккумулятор для Pax D210 (IS524) 1750mAh,akkumulyatory/promyshlennye/dlya-skanerov-shtrikh-kodov-i-terminalov/pax,https://microchips.by/catalog/akkumulyatory/promyshlennye/dlya-skanerov-shtrikh-kodov-i-terminalov/pax/12344/,1750mAh,,,,,,нет данных в бэкапе,,,
12345,Аккумулятор для Pax D210 (IS524) 2000mah,akkumulyatory/promyshlennye/dlya-skanerov-shtrikh-kodov-i-terminalov/pax,https://microchips.by/catalog/akkumulyatory/promyshlennye/dlya-skanerov-shtrikh-kodov-i-terminalov/pax/12345/,2000mah,,,,,,нет данных в бэкапе,,,
12346,Аккумулятор для Pax S58 (S58GPRS) 1500mah,akkumulyatory/promyshlennye/dlya-skanerov-shtrikh-kodov-i-terminalov/pax,https://microchips.by/catalog/akkumulyatory/promyshlennye/dlya-skanerov-shtrikh-kodov-i-terminalov/pax/12346/,1500mah,,,,,,нет данных в бэкапе,,,
12347,Аккумулятор для Pax S90 3G (S90-MW0-363-01EA) 1800mAh,akkumulyatory/promyshlennye/dlya-skanerov-shtrikh-kodov-i-terminalov/pax,https://microchips.by/catalog/akkumulyatory/promyshlennye/dlya-skanerov-shtrikh-kodov-i-terminalov/pax/12347/,1800mAh,,,,,,нет данных в бэкапе,,,
12348,"Аккумулятор для Pax S90, B90 (25B1001) 1850mah",akkumulyatory/promyshlennye/dlya-skanerov-shtrikh-kodov-i-terminalov/pax,https://microchips.by/catalog/akkumulyatory/promyshlennye/dlya-skanerov-shtrikh-kodov-i-terminalov/pax/12348/,1850mah,,,,,,нет данных в бэкапе,,,
12349,Аккумулятор для Point Mobile PM80 2800mah,akkumulyatory/promyshlennye/dlya-skanerov-shtrikh-kodov-i-terminalov/point-mobile,https://microchips.by/catalog/akkumulyatory/promyshlennye/dlya-skanerov-shtrikh-kodov-i-terminalov/point-mobile/12349/,2800mah,,,,,,нет данных в бэкапе,,,
12350,Аккумулятор для Proxibus LDP400 (RC600AA03AA) 1800mAh,akkumulyatory/promyshlennye/dlya-skanerov-shtrikh-kodov-i-terminalov/proxibus,https://microchips.by/catalog/akkumulyatory/promyshlennye/dlya-skanerov-shtrikh-kodov-i-terminalov/proxibus/12350/,1800mAh,,,,,,нет данных в бэкапе,,,
12351,Аккумулятор для Falcon PSC 4223 1800mah,akkumulyatory/promyshlennye/dlya-skanerov-shtrikh-kodov-i-terminalov/falcon,https://microchips.by/catalog/akkumulyatory/promyshlennye/dlya-skanerov-shtrikh-kodov-i-terminalov/falcon/12351/,1800mah,,,,,,нет данных в бэкапе,,,
12352,"Аккумулятор для Falcon PSC 4400, 4410, 4420 2400mah",akkumulyatory/promyshlennye/dlya-skanerov-shtrikh-kodov-i-terminalov/falcon,https://microchips.by/catalog/akkumulyatory/promyshlennye/dlya-skanerov-shtrikh-kodov-i-terminalov/falcon/12352/,2400mah,,,,,,нет данных в бэкапе,,,
12353,"Аккумулятор для Psion Omnii XT10, XT15 5200mAh",akkumulyatory/promyshlennye/dlya-skanerov-shtrikh-kodov-i-terminalov/psion,https://microchips.by/catalog/akkumulyatory/promyshlennye/dlya-skanerov-shtrikh-kodov-i-terminalov/psion/12353/,5200mAh,,,,,,нет данных в бэкапе,,,
12354,Аккумулятор для Psion Ep10 2400mAh,akkumulyatory/promyshlennye/dlya-skanerov-shtrikh-kodov-i-terminalov/psion,https://microchips.by/catalog/akkumulyatory/promyshlennye/dlya-skanerov-shtrikh-kodov-i-terminalov/psion/12354/,2400mAh,,,,,,нет данных в бэкапе,,,
12355,"Аккумулятор для Psion 7530 G2, 7535 G2 2500mah",akkumulyatory/promyshlennye/dlya-skanerov-shtrikh-kodov-i-terminalov/psion,https://microchips.by/catalog/akkumulyatory/promyshlennye/dlya-skanerov-shtrikh-kodov-i-terminalov/psion/12355/,2500mah,,,,,,нет данных в бэкапе,,,
12356,Аккумулятор для Radiotec Soldi Smart 700mah,akkumulyatory/promyshlennye/dlya-skanerov-shtrikh-kodov-i-terminalov/radiotec,https://microchips.by/catalog/akkumulyatory/promyshlennye/dlya-skanerov-shtrikh-kodov-i-terminalov/radiotec/12356/,700mah,,,,,,нет данных в бэкапе,,,
12357,"Аккумулятор для Senter ST327, ST103 (ST655518PL) 7200mah",akkumulyatory/promyshlennye/dlya-skanerov-shtrikh-kodov-i-terminalov/senter,https://microchips.by/catalog/akkumulyatory/promyshlennye/dlya-skanerov-shtrikh-kodov-i-terminalov/senter/12357/,7200mah,,,,,,нет данных в бэкапе,,,
12358,Аккумулятор для ICOM IC-T7A (BP120) 1200mah,akkumulyatory/promyshlennye/dlya-skanerov-shtrikh-kodov-i-terminalov/icom,https://microchips.by/catalog/akkumulyatory/promyshlennye/dlya-skanerov-shtrikh-kodov-i-terminalov/icom/12358/,1200mah,,,,,,нет данных в бэкапе,,,
12359,"Аккумулятор для Sunmi P2, T6900 (2ICP5/58/84) 2500mAh",akkumulyatory/promyshlennye/dlya-skanerov-shtrikh-kodov-i-terminalov/sunmi,https://microchips.by/catalog/akkumulyatory/promyshlennye/dlya-skanerov-shtrikh-kodov-i-terminalov/sunmi/12359/,2500mAh,,,,,,нет данных в бэкапе,,,
12360,Аккумулятор для Symbol MC1000 1800mah,akkumulyatory/promyshlennye/dlya-skanerov-shtrikh-kodov-i-terminalov/symbol,https://microchips.by/catalog/akkumulyatory/promyshlennye/dlya-skanerov-shtrikh-kodov-i-terminalov/symbol/12360/,1800mah,,,,,,нет данных в бэкапе,,,
12361,Аккумулятор для Symbol TC55AH 2200mAh,akkumulyatory/promyshlennye/dlya-skanerov-shtrikh-kodov-i-terminalov/symbol,https://microchips.by/catalog/akkumulyatory/promyshlennye/dlya-skanerov-shtrikh-kodov-i-terminalov/symbol/12361/,55AH,,,,,,нет данных в бэкапе,,,
12362,"Аккумулятор для Symbol DS3478, DS3578, LS3478 (21-62606-01) 2600mah",akkumulyatory/promyshlennye/dlya-skanerov-shtrikh-kodov-i-terminalov/symbol,https://microchips.by/catalog/akkumulyatory/promyshlennye/dlya-skanerov-shtrikh-kodov-i-terminalov/symbol/12362/,2600mah,,,,,,нет данных в бэкапе,,,
12363,"Аккумулятор для Symbol ES400, ES405 (BTRY-ES40EAB00) 1500mAh",akkumulyatory/promyshlennye/dlya-skanerov-shtrikh-kodov-i-terminalov/symbol,https://microchips.by/catalog/akkumulyatory/promyshlennye/dlya-skanerov-shtrikh-kodov-i-terminalov/symbol/12363/,1500mAh,,,,,,нет данных в бэкапе,,,
12364,"Аккумулятор для Symbol ES400, MC45, ES405 (BTRY-ES40EAB00) 3000mah",akkumulyatory/promyshlennye/dlya-skanerov-shtrikh-kodov-i-terminalov/symbol,https://microchips.by/catalog/akkumulyatory/promyshlennye/dlya-skanerov-shtrikh-kodov-i-terminalov/symbol/12364/,3000mah,,,,,,нет данных в бэкапе,,,
12365,"Аккумулятор для Symbol LS4278, LI4278, DS6878 (82-67705-01) 700mah",akkumulyatory/promyshlennye/dlya-skanerov-shtrikh-kodov-i-terminalov/symbol,https://microchips.by/catalog/akkumulyatory/promyshlennye/dlya-skanerov-shtrikh-kodov-i-terminalov/symbol/12365/,700mah,,,,,,нет данных в бэкапе,,,
12366,"Аккумулятор для Symbol MC17, MC17A, MC17T 2200mah",akkumulyatory/promyshlennye/dlya-skanerov-shtrikh-kodov-i-terminalov/symbol,https://microchips.by/catalog/akkumulyatory/promyshlennye/dlya-skanerov-shtrikh-kodov-i-terminalov/symbol/12366/,2200mah,,,,,,нет данных в бэкапе,,,
12367,"Аккумулятор для Symbol MC3000, MC3070, MC3090, MC3100, MC3190 серии 2600mah",akkumulyatory/promyshlennye/dlya-skanerov-shtrikh-kodov-i-terminalov/symbol,https://microchips.by/catalog/akkumulyatory/promyshlennye/dlya-skanerov-shtrikh-kodov-i-terminalov/symbol/12367/,2600mah,,,,,,нет данных в бэкапе,,,
12368,"Аккумулятор для Symbol MC3000, MC3070, MC3090, MC3100, MC3190 серии 4400mah",akkumulyatory/promyshlennye/dlya-skanerov-shtrikh-kodov-i-terminalov/symbol,https://microchips.by/catalog/akkumulyatory/promyshlennye/dlya-skanerov-shtrikh-kodov-i-terminalov/symbol/12368/,4400mah,,,,,,нет данных в бэкапе,,,
12369,"Аккумулятор для Symbol MC3000, MC3070, MC3090, MC3100, MC3190 серии 6800mah",akkumulyatory/promyshlennye/dlya-skanerov-shtrikh-kodov-i-terminalov/symbol,https://microchips.by/catalog/akkumulyatory/promyshlennye/dlya-skanerov-shtrikh-kodov-i-terminalov/symbol/12369/,6800mah,,,,,,нет данных в бэкапе,,,
12370,"Аккумулятор для Symbol MC50, MC5040 1600mAh",akkumulyatory/promyshlennye/dlya-skanerov-shtrikh-kodov-i-terminalov/symbol,https://microchips.by/catalog/akkumulyatory/promyshlennye/dlya-skanerov-shtrikh-kodov-i-terminalov/symbol/12370/,1600mAh,,,,,,нет данных в бэкапе,,,
12371,"Аккумулятор для Symbol MC50, MC5040 3600mAh",akkumulyatory/promyshlennye/dlya-skanerov-shtrikh-kodov-i-terminalov/symbol,https://microchips.by/catalog/akkumulyatory/promyshlennye/dlya-skanerov-shtrikh-kodov-i-terminalov/symbol/12371/,3600mAh,,,,,,нет данных в бэкапе,,,
12372,"Аккумулятор для Symbol MC55, MC65, MC67 2400mah",akkumulyatory/promyshlennye/dlya-skanerov-shtrikh-kodov-i-terminalov/symbol,https://microchips.by/catalog/akkumulyatory/promyshlennye/dlya-skanerov-shtrikh-kodov-i-terminalov/symbol/12372/,2400mah,,,,,,нет данных в бэкапе,,,
12373,"Аккумулятор для Symbol MC70, MC75 1800mah",akkumulyatory/promyshlennye/dlya-skanerov-shtrikh-kodov-i-terminalov/symbol,https://microchips.by/catalog/akkumulyatory/promyshlennye/dlya-skanerov-shtrikh-kodov-i-terminalov/symbol/12373/,1800mah,,,,,,нет данных в бэкапе,,,
12374,"Аккумулятор для Symbol MC9000 короткий (21-62960-01, 82-101606-01) 1550mah",akkumulyatory/promyshlennye/dlya-skanerov-shtrikh-kodov-i-terminalov/symbol,https://microchips.by/catalog/akkumulyatory/promyshlennye/dlya-skanerov-shtrikh-kodov-i-terminalov/symbol/12374/,1550mah,,,,,,нет данных в бэкапе,,,
12375,"Аккумулятор для Symbol MC9000, MC9090, MC9190, RD5000 серии (KT-21-61261) 2200mah",akkumulyatory/promyshlennye/dlya-skanerov-shtrikh-kodov-i-terminalov/symbol,https://microchips.by/catalog/akkumulyatory/promyshlennye/dlya-skanerov-shtrikh-kodov-i-terminalov/symbol/12375/,2200mah,,,,,,нет данных в бэкапе,,,
12376,"Аккумулятор для Symbol MC9500, MC9590 (BTRY-MC95IABA0) 6800mah",akkumulyatory/promyshlennye/dlya-skanerov-shtrikh-kodov-i-terminalov/symbol,https://microchips.by/catalog/akkumulyatory/promyshlennye/dlya-skanerov-shtrikh-kodov-i-terminalov/symbol/12376/,6800mah,,,,,,нет данных в бэкапе,,,
12377,"Аккумулятор для Symbol MC9500, MC9590, MC9596 4600mah",akkumulyatory/promyshlennye/dlya-skanerov-shtrikh-kodov-i-terminalov/symbol,https://microchips.by/catalog/akkumulyatory/promyshlennye/dlya-skanerov-shtrikh-kodov-i-terminalov/symbol/12377/,4600mah,,,,,,нет данных в бэкапе,,,
12378,Аккумулятор для Symbol P360 1500mAh,akkumulyatory/promyshlennye/dlya-skanerov-shtrikh-kodov-i-terminalov/symbol,https://microchips.by/catalog/akkumulyatory/promyshlennye/dlya-skanerov-shtrikh-kodov-i-terminalov/symbol/12378/,1500mAh,,,,,,нет данных в бэкапе,,,
12379,"Аккумулятор для Symbol PDT8000, PDT-8037 1200mah",akkumulyatory/promyshlennye/dlya-skanerov-shtrikh-kodov-i-terminalov/symbol,https://microchips.by/catalog/akkumulyatory/promyshlennye/dlya-skanerov-shtrikh-kodov-i-terminalov/symbol/12379/,1200mah,,,,,,нет данных в бэкапе,,,
12380,Аккумулятор для Symbol PS3050 (F5040A) 3400mAh,akkumulyatory/promyshlennye/dlya-skanerov-shtrikh-kodov-i-terminalov/symbol,https://microchips.by/catalog/akkumulyatory/promyshlennye/dlya-skanerov-shtrikh-kodov-i-terminalov/symbol/12380/,3400mAh,,,,,,нет данных в бэкапе,,,
12381,"Аккумулятор для Symbol WT4000, WT4090 (55-000166-01) 3400mah",akkumulyatory/promyshlennye/dlya-skanerov-shtrikh-kodov-i-terminalov/symbol,https://microchips.by/catalog/akkumulyatory/promyshlennye/dlya-skanerov-shtrikh-kodov-i-terminalov/symbol/12381/,3400mah,,,,,,нет данных в бэкапе,,,
12382,Аккумулятор для TEKLOGIX Workabout MX Series Workabout RF Series (A2802005204) 1600mAh,akkumulyatory/promyshlennye/dlya-skanerov-shtrikh-kodov-i-terminalov/tellogix,https://microchips.by/catalog/akkumulyatory/promyshlennye/dlya-skanerov-shtrikh-kodov-i-terminalov/tellogix/12382/,1600mAh,,,,,,нет данных в бэкапе,,,
12383,"Аккумулятор для Falcon 310, 315, 320, 325, 330, 335, PT2000, 00-864-00, SB-320-N (2500mAh)",akkumulyatory/promyshlennye/dlya-skanerov-shtrikh-kodov-i-terminalov/falcon,https://microchips.by/catalog/akkumulyatory/promyshlennye/dlya-skanerov-shtrikh-kodov-i-terminalov/falcon/12383/,2500mAh,,,,,,нет данных в бэкапе,,,
12384,"Аккумулятор для Unitech HT682, PA690 2200mah",akkumulyatory/promyshlennye/dlya-skanerov-shtrikh-kodov-i-terminalov/unitech,https://microchips.by/catalog/akkumulyatory/promyshlennye/dlya-skanerov-shtrikh-kodov-i-terminalov/unitech/12384/,2200mah,,,,,,нет данных в бэкапе,,,
12385,Аккумулятор для Unitech PA550 2200mAh,akkumulyatory/promyshlennye/dlya-skanerov-shtrikh-kodov-i-terminalov/unitech,https://microchips.by/catalog/akkumulyatory/promyshlennye/dlya-skanerov-shtrikh-kodov-i-terminalov/unitech/12385/,2200mAh,,,,,,нет данных в бэкапе,,,
12386,"Аккумулятор для Unitech PA700, PA720 3000mAh",akkumulyatory/promyshlennye/dlya-skanerov-shtrikh-kodov-i-terminalov/unitech,https://microchips.by/catalog/akkumulyatory/promyshlennye/dlya-skanerov-shtrikh-kodov-i-terminalov/unitech/12386/,3000mAh,,,,,,нет данных в бэкапе,,,
12387,Аккумулятор для Unitech RD650 1100mAh,akkumulyatory/promyshlennye/dlya-skanerov-shtrikh-kodov-i-terminalov/unitech,https://microchips.by/catalog/akkumulyatory/promyshlennye/dlya-skanerov-shtrikh-kodov-i-terminalov/unitech/12387/,1100mAh,,,,,,нет данных в бэкапе,,,
12388,Аккумулятор для Urovo i6310 4000mAh,akkumulyatory/promyshlennye/dlya-skanerov-shtrikh-kodov-i-terminalov/urovo,https://microchips.by/catalog/akkumulyatory/promyshlennye/dlya-skanerov-shtrikh-kodov-i-terminalov/urovo/12388/,4000mAh,,,,,,нет данных в бэкапе,,,
12389,Аккумулятор для Urovo i9000s (HBL9000S) 5000mah,akkumulyatory/promyshlennye/dlya-skanerov-shtrikh-kodov-i-terminalov/urovo,https://microchips.by/catalog/akkumulyatory/promyshlennye/dlya-skanerov-shtrikh-kodov-i-terminalov/urovo/12389/,5000mah,,,,,,нет данных в бэкапе,,,
12390,"Аккумулятор для VeriFone Nurit 2085U, Nurit 2090 1500mah",akkumulyatory/promyshlennye/dlya-skanerov-shtrikh-kodov-i-terminalov/verifone,https://microchips.by/catalog/akkumulyatory/promyshlennye/dlya-skanerov-shtrikh-kodov-i-terminalov/verifone/12390/,1500mah,,,,,,нет данных в бэкапе,,,
12391,Аккумулятор для VeriFone Nurit 2159 1500mah,akkumulyatory/promyshlennye/dlya-skanerov-shtrikh-kodov-i-terminalov/verifone,https://microchips.by/catalog/akkumulyatory/promyshlennye/dlya-skanerov-shtrikh-kodov-i-terminalov/verifone/12391/,1500mah,,,,,,нет данных в бэкапе,,,
12392,Аккумулятор для VeriFone Nurit 3010 2000mah,akkumulyatory/promyshlennye/dlya-skanerov-shtrikh-kodov-i-terminalov/verifone,https://microchips.by/catalog/akkumulyatory/promyshlennye/dlya-skanerov-shtrikh-kodov-i-terminalov/verifone/12392/,2000mah,,,,,,нет данных в бэкапе,,,
12393,"Аккумулятор для VeriFone Nurit 3020, Nurit 8320U 700mah",akkumulyatory/promyshlennye/dlya-skanerov-shtrikh-kodov-i-terminalov/verifone,https://microchips.by/catalog/akkumulyatory/promyshlennye/dlya-skanerov-shtrikh-kodov-i-terminalov/verifone/12393/,700mah,,,,,,нет данных в бэкапе,,,
12394,Аккумулятор для VeriFone TOPAZ (23149-01) 1500mAh,akkumulyatory/promyshlennye/dlya-skanerov-shtrikh-kodov-i-terminalov/verifone,https://microchips.by/catalog/akkumulyatory/promyshlennye/dlya-skanerov-shtrikh-kodov-i-terminalov/verifone/12394/,1500mAh,,,,,,нет данных в бэкапе,,,
12395,"Аккумулятор для VeriFone V240m Plus, 3GBWC, BPK474-001",akkumulyatory/promyshlennye/dlya-skanerov-shtrikh-kodov-i-terminalov/verifone,https://microchips.by/catalog/akkumulyatory/promyshlennye/dlya-skanerov-shtrikh-kodov-i-terminalov/verifone/12395/,,,,,,,нет данных в бэкапе,,,
12396,"Аккумулятор для VeriFone VX510, VX610 1800mah",akkumulyatory/promyshlennye/dlya-skanerov-shtrikh-kodov-i-terminalov/verifone,https://microchips.by/catalog/akkumulyatory/promyshlennye/dlya-skanerov-shtrikh-kodov-i-terminalov/verifone/12396/,1800mah,,,,,,нет данных в бэкапе,,,
12397,"Аккумулятор для VeriFone VX520, VX670, VX680 1800mah",akkumulyatory/promyshlennye/dlya-skanerov-shtrikh-kodov-i-terminalov/verifone,https://microchips.by/catalog/akkumulyatory/promyshlennye/dlya-skanerov-shtrikh-kodov-i-terminalov/verifone/12397/,1800mah,,,,,,нет данных в бэкапе,,,
12398,Аккумулятор для VeriFone VX680 (BPK268-001-01-A) 1800mah,akkumulyatory/promyshlennye/dlya-skanerov-shtrikh-kodov-i-terminalov/verifone,https://microchips.by/catalog/akkumulyatory/promyshlennye/dlya-skanerov-shtrikh-kodov-i-terminalov/verifone/12398/,1800mah,,,,,,нет данных в бэкапе,,,
12399,"Аккумулятор для VeriFone X970, X990 (SX18650-2S1P) 2300mah",akkumulyatory/promyshlennye/dlya-skanerov-shtrikh-kodov-i-terminalov/verifone,https://microchips.by/catalog/akkumulyatory/promyshlennye/dlya-skanerov-shtrikh-kodov-i-terminalov/verifone/12399/,2300mah,,,,,,нет данных в бэкапе,,,
12400,Аккумулятор для Vocollect Talkman A700 2500mAh,akkumulyatory/promyshlennye/dlya-skanerov-shtrikh-kodov-i-terminalov/vocollect,https://microchips.by/catalog/akkumulyatory/promyshlennye/dlya-skanerov-shtrikh-kodov-i-terminalov/vocollect/12400/,2500mAh,,,,,,нет данных в бэкапе,,,
12401,"Аккумулятор для Vocollect Talkman T2, Talkman T2X (BT-602-1) 3400mah",akkumulyatory/promyshlennye/dlya-skanerov-shtrikh-kodov-i-terminalov/vocollect,https://microchips.by/catalog/akkumulyatory/promyshlennye/dlya-skanerov-shtrikh-kodov-i-terminalov/vocollect/12401/,3400mah,,,,,,нет данных в бэкапе,,,
12402,"Аккумулятор для Vocollect Talkman T2, Talkman T2X 2600mAh",akkumulyatory/promyshlennye/dlya-skanerov-shtrikh-kodov-i-terminalov/vocollect,https://microchips.by/catalog/akkumulyatory/promyshlennye/dlya-skanerov-shtrikh-kodov-i-terminalov/vocollect/12402/,2600mAh,,,,,,нет данных в бэкапе,,,
12403,Аккумулятор для Zebra Cameo 2 (CC14035-3) 1800mah,akkumulyatory/promyshlennye/dlya-skanerov-shtrikh-kodov-i-terminalov/zebra,https://microchips.by/catalog/akkumulyatory/promyshlennye/dlya-skanerov-shtrikh-kodov-i-terminalov/zebra/12403/,1800mah,,,,,,нет данных в бэкапе,,,
12404,Аккумулятор для Zebra Cameo 3 (CC15294-3) 1800mah,akkumulyatory/promyshlennye/dlya-skanerov-shtrikh-kodov-i-terminalov/zebra,https://microchips.by/catalog/akkumulyatory/promyshlennye/dlya-skanerov-shtrikh-kodov-i-terminalov/zebra/12404/,1800mah,,,,,,нет данных в бэкапе,,,
12405,"Аккумулятор для Zebra DS3600, DS3678, LI3600 (BTRY-36IAB0E-00) 3400mAh",akkumulyatory/promyshlennye/dlya-skanerov-shtrikh-kodov-i-terminalov/zebra,https://microchips.by/catalog/akkumulyatory/promyshlennye/dlya-skanerov-shtrikh-kodov-i-terminalov/zebra/12405/,3400mAh,,,,,,нет данных в бэкапе,,,
12406,"Аккумулятор для Zebra DS3600, LI3678, EVM 2200mAh",akkumulyatory/promyshlennye/dlya-skanerov-shtrikh-kodov-i-terminalov/zebra,https://microchips.by/catalog/akkumulyatory/promyshlennye/dlya-skanerov-shtrikh-kodov-i-terminalov/zebra/12406/,2200mAh,,,,,,нет данных в бэкапе,,,
12407,Аккумулятор для Zebra EC30 1100mah,akkumulyatory/promyshlennye/dlya-skanerov-shtrikh-kodov-i-terminalov/zebra,https://microchips.by/catalog/akkumulyatory/promyshlennye/dlya-skanerov-shtrikh-kodov-i-terminalov/zebra/12407/,1100mah,,,,,,нет данных в бэкапе,,,
12408,"Аккумулятор для Zebra EC50, EC55 (BT-0000424A) 4100mah",akkumulyatory/promyshlennye/dlya-skanerov-shtrikh-kodov-i-terminalov/zebra,https://microchips.by/catalog/akkumulyatory/promyshlennye/dlya-skanerov-shtrikh-kodov-i-terminalov/zebra/12408/,4100mah,,,,,,нет данных в бэкапе,,,
12409,"Аккумулятор для Zebra EM 220, EM220II (P1002512) 1000mAh",akkumulyatory/promyshlennye/dlya-skanerov-shtrikh-kodov-i-terminalov/zebra,https://microchips.by/catalog/akkumulyatory/promyshlennye/dlya-skanerov-shtrikh-kodov-i-terminalov/zebra/12409/,1000mAh,,,,,,нет данных в бэкапе,,,
12410,"Аккумулятор для Zebra IMZ320, MZ420L (BT17790-1) 1500mah",akkumulyatory/promyshlennye/dlya-skanerov-shtrikh-kodov-i-terminalov/zebra,https://microchips.by/catalog/akkumulyatory/promyshlennye/dlya-skanerov-shtrikh-kodov-i-terminalov/zebra/12410/,1500mah,,,,,,нет данных в бэкапе,,,
12411,Аккумулятор для Zebra MC93 6600mAh,akkumulyatory/promyshlennye/dlya-skanerov-shtrikh-kodov-i-terminalov/zebra,https://microchips.by/catalog/akkumulyatory/promyshlennye/dlya-skanerov-shtrikh-kodov-i-terminalov/zebra/12411/,6600mAh,,,,,,нет данных в бэкапе,,,
12412,"Аккумулятор для Zebra QL220, QL320 Plus 3400mAh",akkumulyatory/promyshlennye/dlya-skanerov-shtrikh-kodov-i-terminalov/zebra,https://microchips.by/catalog/akkumulyatory/promyshlennye/dlya-skanerov-shtrikh-kodov-i-terminalov/zebra/12412/,3400mAh,,,,,,нет данных в бэкапе,,,
12413,"Аккумулятор для Zebra QLN220, QLN320, ZQ510 (P1023901) 2600mah",akkumulyatory/promyshlennye/dlya-skanerov-shtrikh-kodov-i-terminalov/zebra,https://microchips.by/catalog/akkumulyatory/promyshlennye/dlya-skanerov-shtrikh-kodov-i-terminalov/zebra/12413/,2600mah,,,,,,нет данных в бэкапе,,,
12414,"Аккумулятор для Zebra RS6000, WT6000, WT60A0 (BT-000362) 4600mah",akkumulyatory/promyshlennye/dlya-skanerov-shtrikh-kodov-i-terminalov/zebra,https://microchips.by/catalog/akkumulyatory/promyshlennye/dlya-skanerov-shtrikh-kodov-i-terminalov/zebra/12414/,4600mah,,,,,,нет данных в бэкапе,,,
12415,"Аккумулятор для Zebra RW220, RW320 3400mAh",akkumulyatory/promyshlennye/dlya-skanerov-shtrikh-kodov-i-terminalov/zebra,https://microchips.by/catalog/akkumulyatory/promyshlennye/dlya-skanerov-shtrikh-kodov-i-terminalov/zebra/12415/,3400mAh,,,,,,нет данных в бэкапе,,,
12416,"Аккумулятор для Zebra TC21, TC26 (BT-000409) 3050mAh",akkumulyatory/promyshlennye/dlya-skanerov-shtrikh-kodov-i-terminalov/zebra,https://microchips.by/catalog/akkumulyatory/promyshlennye/dlya-skanerov-shtrikh-kodov-i-terminalov/zebra/12416/,3050mAh,,,,,,нет данных в бэкапе,,,
12417,Аккумулятор для Zebra TC2x (BT-000409) 3100mah,akkumulyatory/promyshlennye/dlya-skanerov-shtrikh-kodov-i-terminalov/zebra,https://microchips.by/catalog/akkumulyatory/promyshlennye/dlya-skanerov-shtrikh-kodov-i-terminalov/zebra/12417/,3100mah,,,,,,нет данных в бэкапе,,,
12418,"Аккумулятор для Zebra TC51, TC52, TC56, TC57 (BT-000314-01) 4200mAh",akkumulyatory/promyshlennye/dlya-skanerov-shtrikh-kodov-i-terminalov/zebra,https://microchips.by/catalog/akkumulyatory/promyshlennye/dlya-skanerov-shtrikh-kodov-i-terminalov/zebra/12418/,4200mAh,,,,,,нет данных в бэкапе,,,
12419,Аккумулятор для Zebra VC80 2000mAh,akkumulyatory/promyshlennye/dlya-skanerov-shtrikh-kodov-i-terminalov/zebra,https://microchips.by/catalog/akkumulyatory/promyshlennye/dlya-skanerov-shtrikh-kodov-i-terminalov/zebra/12419/,2000mAh,,,,,,нет данных в бэкапе,,,
12420,"Аккумулятор для Zebra WT6000, WT60A0, RS6000 (BT000262A01) 3200mAh",akkumulyatory/promyshlennye/dlya-skanerov-shtrikh-kodov-i-terminalov/zebra,https://microchips.by/catalog/akkumulyatory/promyshlennye/dlya-skanerov-shtrikh-kodov-i-terminalov/zebra/12420/,3200mAh,,,,,,нет данных в бэкапе,,,
12421,Аккумулятор для Zebra MC40 (82-160955-01) 2600mah,akkumulyatory/promyshlennye/dlya-skanerov-shtrikh-kodov-i-terminalov/zebra,https://microchips.by/catalog/akkumulyatory/promyshlennye/dlya-skanerov-shtrikh-kodov-i-terminalov/zebra/12421/,2600mah,,,,,,нет данных в бэкапе,,,
12422,Аккумулятор для резервный Honeywell Dolphin 6500EP 140mah,akkumulyatory/promyshlennye/dlya-skanerov-shtrikh-kodov-i-terminalov/honeywell,https://microchips.by/catalog/akkumulyatory/promyshlennye/dlya-skanerov-shtrikh-kodov-i-terminalov/honeywell/12422/,140mah,,,,,,нет данных в бэкапе,,,
12423,Аккумулятор для резервный Opticon H15 150mah,akkumulyatory/promyshlennye/dlya-skanerov-shtrikh-kodov-i-terminalov/opticon,https://microchips.by/catalog/akkumulyatory/promyshlennye/dlya-skanerov-shtrikh-kodov-i-terminalov/opticon/12423/,150mah,,,,,,нет данных в бэкапе,,,
12424,"Аккумулятор для резервный Symbol MC3000, MC3070, MC3090 серии",akkumulyatory/promyshlennye/dlya-skanerov-shtrikh-kodov-i-terminalov/symbol,https://microchips.by/catalog/akkumulyatory/promyshlennye/dlya-skanerov-shtrikh-kodov-i-terminalov/symbol/12424/,,,,,,,нет данных в бэкапе,,,
12425,Аккумулятор для резервный Symbol MC9090 серии,akkumulyatory/promyshlennye/dlya-skanerov-shtrikh-kodov-i-terminalov/symbol,https://microchips.by/catalog/akkumulyatory/promyshlennye/dlya-skanerov-shtrikh-kodov-i-terminalov/symbol/12425/,,,,,,,нет данных в бэкапе,,,
12426,"Аккумулятор резервный для Symbol MC50, MC5040 20mAh",akkumulyatory/promyshlennye/dlya-skanerov-shtrikh-kodov-i-terminalov/symbol,https://microchips.by/catalog/akkumulyatory/promyshlennye/dlya-skanerov-shtrikh-kodov-i-terminalov/symbol/12426/,20mAh,,,,,,нет данных в бэкапе,,,
12427,Аккумулятор усиленный для Datalogic Elf (BT-10) 6800mah,akkumulyatory/promyshlennye/dlya-skanerov-shtrikh-kodov-i-terminalov/datalogic,https://microchips.by/catalog/akkumulyatory/promyshlennye/dlya-skanerov-shtrikh-kodov-i-terminalov/datalogic/12427/,6800mah,,,,,,нет данных в бэкапе,,,
12428,"Аккумулятор усиленный для Intermec 700, 730, 750 3400mah",akkumulyatory/promyshlennye/dlya-skanerov-shtrikh-kodov-i-terminalov/intermec,https://microchips.by/catalog/akkumulyatory/promyshlennye/dlya-skanerov-shtrikh-kodov-i-terminalov/intermec/12428/,3400mah,,,,,,нет данных в бэкапе,,,
12429,"Аккумулятор усиленный для Symbol MC55, MC65, MC67 (U60493) 3600mah",akkumulyatory/promyshlennye/dlya-skanerov-shtrikh-kodov-i-terminalov/symbol,https://microchips.by/catalog/akkumulyatory/promyshlennye/dlya-skanerov-shtrikh-kodov-i-terminalov/symbol/12429/,3600mah,,,,,,нет данных в бэкапе,,,
12430,"Аккумулятор усиленный для Symbol MC70, MC75 3800mah",akkumulyatory/promyshlennye/dlya-skanerov-shtrikh-kodov-i-terminalov/symbol,https://microchips.by/catalog/akkumulyatory/promyshlennye/dlya-skanerov-shtrikh-kodov-i-terminalov/symbol/12430/,3800mah,,,,,,нет данных в бэкапе,,,
12431,"Аккумулятор усиленный для Symbol MC9000, MC9090, MC9190 серии 3400mah",akkumulyatory/promyshlennye/dlya-skanerov-shtrikh-kodov-i-terminalov/symbol,https://microchips.by/catalog/akkumulyatory/promyshlennye/dlya-skanerov-shtrikh-kodov-i-terminalov/symbol/12431/,3400mah,,,,,,нет данных в бэкапе,,,
12432,"Аккумулятор усиленный для Symbol WT4000, WT4090, WT41N0 4400mah",akkumulyatory/promyshlennye/dlya-skanerov-shtrikh-kodov-i-terminalov/symbol,https://microchips.by/catalog/akkumulyatory/promyshlennye/dlya-skanerov-shtrikh-kodov-i-terminalov/symbol/12432/,4400mah,,,,,,нет данных в бэкапе,,,
12433,Аккумулятор усиленный для Vocollect Talkman A700 6600mAh,akkumulyatory/promyshlennye/dlya-skanerov-shtrikh-kodov-i-terminalov/vocollect,https://microchips.by/catalog/akkumulyatory/promyshlennye/dlya-skanerov-shtrikh-kodov-i-terminalov/vocollect/12433/,6600mAh,,,,,,нет данных в бэкапе,,,
12434,Резервный Аккумулятор для SYMBOL VC5090 (GP75AAAH3AMXZ) 700mAh,akkumulyatory/promyshlennye/dlya-skanerov-shtrikh-kodov-i-terminalov/symbol,https://microchips.by/catalog/akkumulyatory/promyshlennye/dlya-skanerov-shtrikh-kodov-i-terminalov/symbol/12434/,700mAh,,,,,,нет данных в бэкапе,,,
12435,"Резервный аккумулятор Symbol MC3100, MC3190, MC70, MC75 серии",akkumulyatory/promyshlennye/dlya-skanerov-shtrikh-kodov-i-terminalov/symbol,https://microchips.by/catalog/akkumulyatory/promyshlennye/dlya-skanerov-shtrikh-kodov-i-terminalov/symbol/12435/,,,,,,,нет данных в бэкапе,,,
1397,"Аккумулятор Casil CA 1208 (AGM, 0.8Ah)",akkumulyatory/dlya_ibp/agm,https://microchips.by/catalog/akkumulyatory/dlya_ibp/agm/1397/,0.8Ah,,AGM,Casil,CA 1208,23,ok,Y,,
1398,"Аккумулятор Delta DTM 12008 (AGM, 0.8Ah)",akkumulyatory/dlya_ibp/agm,https://microchips.by/catalog/akkumulyatory/dlya_ibp/agm/1398/,0.8Ah,,AGM,Delta,DTM 12008,20,ok,Y,,
1399,"Аккумулятор Robiton VRLA12-0.8 (AGM, 0.8Ah)",akkumulyatory/dlya_ibp/agm,https://microchips.by/catalog/akkumulyatory/dlya_ibp/agm/1399/,0.8Ah,,AGM,Robiton,VRLA12-0.8,11,ok,Y,,
1400,"Аккумулятор Delta DT 401 (AGM, 1Ah)",akkumulyatory/dlya_ibp/agm,https://microchips.by/catalog/akkumulyatory/dlya_ibp/agm/1400/,1Ah,,AGM,Delta,DT 401,7,ok,Y,,
1401,"Аккумулятор Delta DT 12012 (AGM, 1.2Ah)",akkumulyatory/dlya_ibp/agm,https://microchips.by/catalog/akkumulyatory/dlya_ibp/agm/1401/,1.2Ah,,AGM,Delta,DT 12012,20,ok,Y,,
1402,"Аккумулятор Delta DT 6012 (AGM, 1.2Ah)",akkumulyatory/dlya_ibp/agm,https://microchips.by/catalog/akkumulyatory/dlya_ibp/agm/1402/,1.2Ah,,AGM,Delta,DT 6012,11,ok,Y,,
1403,"Аккумулятор Delta DTM 12012 (AGM, 1.2Ah)",akkumulyatory/dlya_ibp/agm,https://microchips.by/catalog/akkumulyatory/dlya_ibp/agm/1403/,1.2Ah,,AGM,Delta,DTM 12012,19,ok,Y,,
1404,"Аккумулятор Delta DTM 6012 (AGM, 1.2Ah)",akkumulyatory/dlya_ibp/agm,https://microchips.by/catalog/akkumulyatory/dlya_ibp/agm/1404/,1.2Ah,,AGM,Delta,DTM 6012,12,ok,Y,,
1405,"Аккумулятор Fiamm FG10121 (AGM, 1.2Ah)",akkumulyatory/dlya_ibp/agm,https://microchips.by/catalog/akkumulyatory/dlya_ibp/agm/1405/,1.2Ah,,AGM,Fiamm,FG10121,35,ok,Y,,
1406,"Аккумулятор Fiamm FG20121 (AGM, 1.2Ah)",akkumulyatory/dlya_ibp/agm,https://microchips.by/catalog/akkumulyatory/dlya_ibp/agm/1406/,1.2Ah,,AGM,Fiamm,FG20121,40,ok,Y,,
1407,"Аккумулятор Fiamm FG20121A (AGM, 1.2Ah)",akkumulyatory/dlya_ibp/agm,https://microchips.by/catalog/akkumulyatory/dlya_ibp/agm/1407/,1.2Ah,,AGM,Fiamm,FG20121A,43,ok,Y,,
1408,"Аккумулятор MNB MS 1.2-6 F1 (AGM, 1.2Ah)",akkumulyatory/dlya_ibp/agm,https://microchips.by/catalog/akkumulyatory/dlya_ibp/agm/1408/,1.2Ah,,AGM,MNB,MS 1.2-6 F1,10,ok,Y,,
1409,"Аккумулятор Casil CA 1213 (AGM, 1.3Ah)",akkumulyatory/dlya_ibp/agm,https://microchips.by/catalog/akkumulyatory/dlya_ibp/agm/1409/,1.3Ah,,AGM,Casil,CA 1213,13,ok,Y,,
1410,"Аккумулятор Casil CA 613 (AGM, 1.3Ah)",akkumulyatory/dlya_ibp/agm,https://microchips.by/catalog/akkumulyatory/dlya_ibp/agm/1410/,1.3Ah,,AGM,Casil,CA 613,9,ok,Y,,
1412,"Аккумулятор MNB MS 1.3-12 F1 (AGM, 1.3Ah)",akkumulyatory/dlya_ibp/agm,https://microchips.by/catalog/akkumulyatory/dlya_ibp/agm/1412/,1.3Ah,,AGM,MNB,MS 1.3-12 F1,17,ok,Y,,
1413,"Аккумулятор Robiton VRLA12-1.3 (AGM, 1.3Ah)",akkumulyatory/dlya_ibp/agm,https://microchips.by/catalog/akkumulyatory/dlya_ibp/agm/1413/,1.3Ah,,AGM,Robiton,VRLA12-1.3,12,ok,Y,,
1414,"Аккумулятор Robiton VRLA6-1.3 (AGM, 1.3Ah)",akkumulyatory/dlya_ibp/agm,https://microchips.by/catalog/akkumulyatory/dlya_ibp/agm/1414/,1.3Ah,,AGM,Robiton,VRLA6-1.3,13,ok,Y,,
1415,"Аккумулятор Ventura GP 12-1.3 (AGM, 1.3Ah)",akkumulyatory/dlya_ibp/agm,https://microchips.by/catalog/akkumulyatory/dlya_ibp/agm/1415/,1.3Ah,,AGM,Ventura,GP 12-1.3,20,ok,Y,,
1416,"Аккумулятор Ventura GP 6-1.3 (AGM, 1.3Ah)",akkumulyatory/dlya_ibp/agm,https://microchips.by/catalog/akkumulyatory/dlya_ibp/agm/1416/,1.3Ah,,AGM,Ventura,GP 6-1.3,10,ok,Y,,
1417,"Аккумулятор Delta DT 6015 (AGM, 1.5Ah)",akkumulyatory/dlya_ibp/agm,https://microchips.by/catalog/akkumulyatory/dlya_ibp/agm/1417/,1.5Ah,,AGM,Delta,DT 6015,11,ok,Y,,
1418,"Аккумулятор CSB HRL12390W FR (AGM, 100Ah)",akkumulyatory/dlya_ibp/agm,https://microchips.by/catalog/akkumulyatory/dlya_ibp/agm/1418/,100Ah,,AGM,CSB,HRL12390W FR,1127,ok,Y,,
1419,"Аккумулятор Delta DT 12100 (AGM, 100Ah)",akkumulyatory/dlya_ibp/agm,https://microchips.by/catalog/akkumulyatory/dlya_ibp/agm/1419/,100Ah,,AGM,Delta,DT 12100,,zero_or_invalid,Y,,
1420,"Аккумулятор Delta DTM 12100 L (AGM, 100Ah)",akkumulyatory/dlya_ibp/agm,https://microchips.by/catalog/akkumulyatory/dlya_ibp/agm/1420/,100Ah,,AGM,Delta,DTM 12100 L,,zero_or_invalid,Y,,
1421,"Аккумулятор Delta FTS 12-100X (AGM, 100Ah)",akkumulyatory/dlya_ibp/agm,https://microchips.by/catalog/akkumulyatory/dlya_ibp/agm/1421/,100Ah,,AGM,Delta,FTS 12-100X,613,ok,Y,,
1422,"Аккумулятор Delta HRL 12-100 (AGM, 100Ah)",akkumulyatory/dlya_ibp/agm,https://microchips.by/catalog/akkumulyatory/dlya_ibp/agm/1422/,100Ah,,AGM,Delta,HRL 12-100,674,ok,Y,,
1423,"Аккумулятор Delta HRL 12-470W (AGM, 100Ah)",akkumulyatory/dlya_ibp/agm,https://microchips.by/catalog/akkumulyatory/dlya_ibp/agm/1423/,100Ah,,AGM,Delta,HRL 12-470W,568,ok,Y,,
1425,"Аккумулятор Fiamm 12FIT100/19 (AGM, 100Ah)",akkumulyatory/dlya_ibp/agm,https://microchips.by/catalog/akkumulyatory/dlya_ibp/agm/1425/,100Ah,,AGM,Fiamm,12FIT100/19,589,ok,Y,,
1426,"Аккумулятор Fiamm 12FIT100/23 (AGM, 100Ah)",akkumulyatory/dlya_ibp/agm,https://microchips.by/catalog/akkumulyatory/dlya_ibp/agm/1426/,100Ah,,AGM,Fiamm,12FIT100/23,813,ok,Y,,
1427,"Аккумулятор Fiamm 12FLB400 P (AGM, 100Ah)",akkumulyatory/dlya_ibp/agm,https://microchips.by/catalog/akkumulyatory/dlya_ibp/agm/1427/,100Ah,,AGM,Fiamm,12FLB400 P,718.5,ok,Y,,
1429,"Аккумулятор Fiamm 12FGL100 (AGM, 100Ah)",akkumulyatory/dlya_ibp/agm,https://microchips.by/catalog/akkumulyatory/dlya_ibp/agm/1429/,100Ah,,AGM,Fiamm,12FGL100,1050,ok,Y,,
1430,"Аккумулятор Fiamm 6SLA100 (AGM, 100Ah)",akkumulyatory/dlya_ibp/agm,https://microchips.by/catalog/akkumulyatory/dlya_ibp/agm/1430/,100Ah,,AGM,Fiamm,6SLA100,735,ok,Y,,
1431,"Аккумулятор Fiamm FG2A007 (AGM, 100Ah)",akkumulyatory/dlya_ibp/agm,https://microchips.by/catalog/akkumulyatory/dlya_ibp/agm/1431/,100Ah,,AGM,Fiamm,FG2A007,812,ok,Y,,
1433,"Аккумулятор MNB MM 100-12 (AGM, 100Ah)",akkumulyatory/dlya_ibp/agm,https://microchips.by/catalog/akkumulyatory/dlya_ibp/agm/1433/,100Ah,,AGM,MNB,MM 100-12,542,ok,Y,,
1434,"Аккумулятор MNB MNG 100-12 для ИБП (GEL, 100Ah)",akkumulyatory/dlya_ibp/gelevye,https://microchips.by/catalog/akkumulyatory/dlya_ibp/gelevye/1434/,100Ah,,GEL,MNB,MNG 100-12,560,ok,Y,,
1435,"Аккумулятор MNB MR 100-12FT (AGM, 100Ah)",akkumulyatory/dlya_ibp/agm,https://microchips.by/catalog/akkumulyatory/dlya_ibp/agm/1435/,100Ah,,AGM,MNB,MR 100-12FT,619,ok,Y,,
1436,"Аккумулятор Ventura FT 12-100 для ИБП (GEL, 100Ah)",akkumulyatory/dlya_ibp/gelevye,https://microchips.by/catalog/akkumulyatory/dlya_ibp/gelevye/1436/,100Ah,,GEL,Ventura,FT 12-100,660,ok,Y,,
1437,"Аккумулятор Ventura GP 12-100 (AGM, 100Ah)",akkumulyatory/dlya_ibp/agm,https://microchips.by/catalog/akkumulyatory/dlya_ibp/agm/1437/,100Ah,,AGM,Ventura,GP 12-100,490,ok,Y,,
1438,"Аккумулятор Ventura GPL 12-100 (AGM, 100Ah)",akkumulyatory/dlya_ibp/agm,https://microchips.by/catalog/akkumulyatory/dlya_ibp/agm/1438/,100Ah,,AGM,Ventura,GPL 12-100,,zero_or_invalid,Y,,
1439,"Аккумулятор Ventura VG 12-100 для ИБП (GEL, 100Ah)",akkumulyatory/dlya_ibp/gelevye,https://microchips.by/catalog/akkumulyatory/dlya_ibp/gelevye/1439/,100Ah,,GEL,Ventura,VG 12-100,624,ok,Y,,
1440,"Аккумулятор Delta FTS 12-105 (AGM, 105Ah)",akkumulyatory/dlya_ibp/agm,https://microchips.by/catalog/akkumulyatory/dlya_ibp/agm/1440/,105Ah,,AGM,Delta,FTS 12-105,449,ok,Y,,
1441,"Аккумулятор Ventura HRL 12500W (AGM, 108Ah)",akkumulyatory/dlya_ibp/agm,https://microchips.by/catalog/akkumulyatory/dlya_ibp/agm/1441/,108Ah,,AGM,Ventura,HRL 12500W,594,ok,Y,,
1442,"Аккумулятор Delta CT 1210 (AGM, 10Ah)",akkumulyatory/dlya_ibp/agm,https://microchips.by/catalog/akkumulyatory/dlya_ibp/agm/1442/,10Ah,,AGM,Delta,CT 1210,99,ok,Y,,
1443,"Аккумулятор Ventura HR 1251W (AGM, 10Ah)",akkumulyatory/dlya_ibp/agm,https://microchips.by/catalog/akkumulyatory/dlya_ibp/agm/1443/,10Ah,,AGM,Ventura,HR 1251W,72,ok,Y,,
1444,"Аккумулятор Fiamm 12FLB450 P (AGM, 115Ah)",akkumulyatory/dlya_ibp/agm,https://microchips.by/catalog/akkumulyatory/dlya_ibp/agm/1444/,115Ah,,AGM,Fiamm,12FLB450 P,841,ok,Y,,
1445,"Аккумулятор Delta CT 1211 (AGM, 11Ah)",akkumulyatory/dlya_ibp/agm,https://microchips.by/catalog/akkumulyatory/dlya_ibp/agm/1445/,11Ah,,AGM,Delta,CT 1211,129,ok,Y,,
1446,"Аккумулятор Delta CT 1210.1 (AGM, 10Ah)",akkumulyatory/dlya_ibp/agm,https://microchips.by/catalog/akkumulyatory/dlya_ibp/agm/1446/,10Ah,,AGM,Delta,CT 1210.1,103,ok,Y,,
1447,"Аккумулятор Delta CT 1212.1 (AGM, 12Ah)",akkumulyatory/dlya_ibp/agm,https://microchips.by/catalog/akkumulyatory/dlya_ibp/agm/1447/,12Ah,,AGM,Delta,CT 1212.1,122,ok,Y,,
1448,"Аккумулятор Delta CT 1212.2 (AGM, 14Ah)",akkumulyatory/dlya_ibp/agm,https://microchips.by/catalog/akkumulyatory/dlya_ibp/agm/1448/,14Ah,,AGM,Delta,CT 1212.2,125,ok,Y,,
1449,"Аккумулятор Delta CT 1214.1 (AGM, 14Ah)",akkumulyatory/dlya_ibp/agm,https://microchips.by/catalog/akkumulyatory/dlya_ibp/agm/1449/,14Ah,,AGM,Delta,CT 1214.1,,zero_or_invalid,Y,,
1450,"Аккумулятор Delta CT 1216.1 (AGM, 16Ah)",akkumulyatory/dlya_ibp/agm,https://microchips.by/catalog/akkumulyatory/dlya_ibp/agm/1450/,16Ah,,AGM,Delta,CT 1216.1,213,ok,Y,,
1452,"Аккумулятор Delta CT 1220.1 (AGM, 20Ah)",akkumulyatory/dlya_ibp/agm,https://microchips.by/catalog/akkumulyatory/dlya_ibp/agm/1452/,20Ah,,AGM,Delta,CT 1220.1,230,ok,Y,,
1453,"Аккумулятор Delta CT 1205.1 (AGM, 5Ah)",akkumulyatory/dlya_ibp/agm,https://microchips.by/catalog/akkumulyatory/dlya_ibp/agm/1453/,5Ah,,AGM,Delta,CT 1205.1,58,ok,Y,,
1454,"Аккумулятор Delta CT 1207.1 (AGM, 7Ah)",akkumulyatory/dlya_ibp/agm,https://microchips.by/catalog/akkumulyatory/dlya_ibp/agm/1454/,7Ah,,AGM,Delta,CT 1207.1,77,ok,Y,,
1455,"Аккумулятор Delta CT 1207.2 (AGM, 7Ah)",akkumulyatory/dlya_ibp/agm,https://microchips.by/catalog/akkumulyatory/dlya_ibp/agm/1455/,7Ah,,AGM,Delta,CT 1207.2,90,ok,Y,,
1456,"Аккумулятор Delta CT 1209.1 (AGM, 9Ah)",akkumulyatory/dlya_ibp/agm,https://microchips.by/catalog/akkumulyatory/dlya_ibp/agm/1456/,9Ah,,AGM,Delta,CT 1209.1,103,ok,Y,,
1457,"Аккумулятор Ventura GP 6-12 (AGM, 12Ah)",akkumulyatory/dlya_ibp/agm,https://microchips.by/catalog/akkumulyatory/dlya_ibp/agm/1457/,12Ah,,AGM,Ventura,GP 6-12,32.5,ok,Y,,
1458,"Аккумулятор Delta DT 12120 (AGM, 120Ah)",akkumulyatory/dlya_ibp/agm,https://microchips.by/catalog/akkumulyatory/dlya_ibp/agm/1458/,120Ah,,AGM,Delta,DT 12120,630,ok,Y,,
1459,"Аккумулятор Delta DTM 12120 L (AGM, 120Ah)",akkumulyatory/dlya_ibp/agm,https://microchips.by/catalog/akkumulyatory/dlya_ibp/agm/1459/,120Ah,,AGM,Delta,DTM 12120 L,824,ok,Y,,
1460,"Аккумулятор Delta HRL 12-560W (AGM, 120Ah)",akkumulyatory/dlya_ibp/agm,https://microchips.by/catalog/akkumulyatory/dlya_ibp/agm/1460/,120Ah,,AGM,Delta,HRL 12-560W,836,ok,Y,,
1462,"Аккумулятор Fiamm 12FGL80 (AGM, 120Ah)",akkumulyatory/dlya_ibp/agm,https://microchips.by/catalog/akkumulyatory/dlya_ibp/agm/1462/,120Ah,,AGM,Fiamm,12FGL80,950,ok,Y,,
1463,"Аккумулятор Fiamm  FG2C00 (AGM, 120Ah)",akkumulyatory/dlya_ibp/agm,https://microchips.by/catalog/akkumulyatory/dlya_ibp/agm/1463/,120Ah,,AGM,Fiamm,FG2C00,598,ok,Y,,
1464,"Аккумулятор MNB MM 120-12 (AGM, 120Ah)",akkumulyatory/dlya_ibp/agm,https://microchips.by/catalog/akkumulyatory/dlya_ibp/agm/1464/,120Ah,,AGM,MNB,MM 120-12,603,ok,Y,,
1465,"Аккумулятор MNB MNG 120-12 для ИБП (GEL, 120Ah)",akkumulyatory/dlya_ibp/gelevye,https://microchips.by/catalog/akkumulyatory/dlya_ibp/gelevye/1465/,120Ah,,GEL,MNB,MNG 120-12,653,ok,Y,,
1466,"Аккумулятор Ventura GPL 12-120 (AGM, 120Ah)",akkumulyatory/dlya_ibp/agm,https://microchips.by/catalog/akkumulyatory/dlya_ibp/agm/1466/,120Ah,,AGM,Ventura,GPL 12-120,628.5,ok,Y,,
1467,"Аккумулятор Ventura GPL 12-120 для ИБП (GEL, 120Ah)",akkumulyatory/dlya_ibp/gelevye,https://microchips.by/catalog/akkumulyatory/dlya_ibp/gelevye/1467/,120Ah,,GEL,Ventura,GPL 12-120,768,ok,Y,,
1468,"Аккумулятор Delta FTS 12-125 (AGM, 125Ah)",akkumulyatory/dlya_ibp/agm,https://microchips.by/catalog/akkumulyatory/dlya_ibp/agm/1468/,125Ah,,AGM,Delta,FTS 12-125,542,ok,Y,,
1469,"Аккумулятор Fiamm 6SLA125 (AGM, 125Ah)",akkumulyatory/dlya_ibp/agm,https://microchips.by/catalog/akkumulyatory/dlya_ibp/agm/1469/,125Ah,,AGM,Fiamm,6SLA125,642,ok,Y,,
1470,"Аккумулятор MNB MR 125-12FT (AGM, 125Ah)",akkumulyatory/dlya_ibp/agm,https://microchips.by/catalog/akkumulyatory/dlya_ibp/agm/1470/,125Ah,,AGM,MNB,MR 125-12FT,792.5,ok,Y,,
1471,"Аккумулятор Ventura FT 12-125 для ИБП (GEL, 125Ah)",akkumulyatory/dlya_ibp/gelevye,https://microchips.by/catalog/akkumulyatory/dlya_ibp/gelevye/1471/,125Ah,,GEL,Ventura,FT 12-125,901,ok,Y,,
1472,"Аккумулятор Casil CA 12120 (AGM, 12Ah)",akkumulyatory/dlya_ibp/agm,https://microchips.by/catalog/akkumulyatory/dlya_ibp/agm/1472/,12Ah,,AGM,Casil,CA 12120,83,ok,Y,,
1473,"Аккумулятор Casil CA 6120 (AGM, 12Ah)",akkumulyatory/dlya_ibp/agm,https://microchips.by/catalog/akkumulyatory/dlya_ibp/agm/1473/,12Ah,,AGM,Casil,CA 6120,39,ok,Y,,
1474,"Аккумулятор Delta CT 1212 (AGM, 12Ah)",akkumulyatory/dlya_ibp/agm,https://microchips.by/catalog/akkumulyatory/dlya_ibp/agm/1474/,12Ah,,AGM,Delta,CT 1212,120,ok,Y,,
1475,"Аккумулятор Delta DT 1212 (AGM, 12Ah)",akkumulyatory/dlya_ibp/agm,https://microchips.by/catalog/akkumulyatory/dlya_ibp/agm/1475/,12Ah,,AGM,Delta,DT 1212,73,ok,Y,,
1476,"Аккумулятор Delta DT 612 (AGM, 12Ah)",akkumulyatory/dlya_ibp/agm,https://microchips.by/catalog/akkumulyatory/dlya_ibp/agm/1476/,12Ah,,AGM,Delta,DT 612,35,ok,Y,,
1477,"Аккумулятор Delta DTM 1212 (AGM, 12Ah)",akkumulyatory/dlya_ibp/agm,https://microchips.by/catalog/akkumulyatory/dlya_ibp/agm/1477/,12Ah,,AGM,Delta,DTM 1212,77,ok,Y,,
1478,"Аккумулятор Delta DTM 612 (AGM, 12Ah)",akkumulyatory/dlya_ibp/agm,https://microchips.by/catalog/akkumulyatory/dlya_ibp/agm/1478/,12Ah,,AGM,Delta,DTM 612,41,ok,Y,,
1479,"Аккумулятор Delta HR 12-12 (AGM, 12Ah)",akkumulyatory/dlya_ibp/agm,https://microchips.by/catalog/akkumulyatory/dlya_ibp/agm/1479/,12Ah,,AGM,Delta,HR 12-12,86,ok,Y,,
1480,"Аккумулятор Delta HR 12-51W (AGM, 12Ah)",akkumulyatory/dlya_ibp/agm,https://microchips.by/catalog/akkumulyatory/dlya_ibp/agm/1480/,12Ah,,AGM,Delta,HR 12-51W,93,ok,Y,,
1481,"Аккумулятор Delta HR 6-12 (AGM, 12Ah)",akkumulyatory/dlya_ibp/agm,https://microchips.by/catalog/akkumulyatory/dlya_ibp/agm/1481/,12Ah,,AGM,Delta,HR 6-12,45,ok,Y,,
1482,"Аккумулятор Delta HRL 12-12 (AGM, 12Ah)",akkumulyatory/dlya_ibp/agm,https://microchips.by/catalog/akkumulyatory/dlya_ibp/agm/1482/,12Ah,,AGM,Delta,HRL 12-12,89,ok,Y,,
1483,"Аккумулятор Fiamm 12FGH50 (AGM, 12Ah)",akkumulyatory/dlya_ibp/agm,https://microchips.by/catalog/akkumulyatory/dlya_ibp/agm/1483/,12Ah,,AGM,Fiamm,12FGH50,134,ok,Y,,
1484,"Аккумулятор Fiamm 12FGHL48 (AGM, 12Ah)",akkumulyatory/dlya_ibp/agm,https://microchips.by/catalog/akkumulyatory/dlya_ibp/agm/1484/,12Ah,,AGM,Fiamm,12FGHL48,104,ok,Y,,
1485,"Аккумулятор Fiamm FG11201 (AGM, 12Ah)",akkumulyatory/dlya_ibp/agm,https://microchips.by/catalog/akkumulyatory/dlya_ibp/agm/1485/,12Ah,,AGM,Fiamm,FG11201,48,ok,Y,,
1486,"Аккумулятор Fiamm FG11202 (AGM, 12Ah)",akkumulyatory/dlya_ibp/agm,https://microchips.by/catalog/akkumulyatory/dlya_ibp/agm/1486/,12Ah,,AGM,Fiamm,FG11202,56,ok,Y,,
1487,"Аккумулятор Fiamm FG21201 (AGM, 12Ah)",akkumulyatory/dlya_ibp/agm,https://microchips.by/catalog/akkumulyatory/dlya_ibp/agm/1487/,12Ah,,AGM,Fiamm,FG21201,79,ok,Y,,
1488,"Аккумулятор Fiamm FG21202 (AGM, 12Ah)",akkumulyatory/dlya_ibp/agm,https://microchips.by/catalog/akkumulyatory/dlya_ibp/agm/1488/,12Ah,,AGM,Fiamm,FG21202,85,ok,Y,,
1489,"Аккумулятор MNB MS 12-12 F2 (AGM, 12Ah)",akkumulyatory/dlya_ibp/agm,https://microchips.by/catalog/akkumulyatory/dlya_ibp/agm/1489/,12Ah,,AGM,MNB,MS 12-12 F2,69,ok,Y,,
1490,"Аккумулятор MNB MS 12-6 F1 (AGM, 12Ah)",akkumulyatory/dlya_ibp/agm,https://microchips.by/catalog/akkumulyatory/dlya_ibp/agm/1490/,12Ah,,AGM,MNB,MS 12-6 F1,32,ok,Y,,
1491,"Аккумулятор Robiton VRLA12-12 (AGM, 12Ah)",akkumulyatory/dlya_ibp/agm,https://microchips.by/catalog/akkumulyatory/dlya_ibp/agm/1491/,12Ah,,AGM,Robiton,VRLA12-12,52,ok,Y,,
1492,"Аккумулятор Robiton VRLA6-12 (12Ah, 6V)",akkumulyatory/dlya_ibp/agm,https://microchips.by/catalog/akkumulyatory/dlya_ibp/agm/1492/,12Ah,6V,,Robiton,VRLA6-12,28,ok,Y,,
1493,"Аккумулятор Ventura GP 12-12 (AGM, 12Ah)",akkumulyatory/dlya_ibp/agm,https://microchips.by/catalog/akkumulyatory/dlya_ibp/agm/1493/,12Ah,,AGM,Ventura,GP 12-12,64,ok,Y,,
1494,"Аккумулятор Fiamm 12FIT130 (AGM, 130Ah)",akkumulyatory/dlya_ibp/agm,https://microchips.by/catalog/akkumulyatory/dlya_ibp/agm/1494/,130Ah,,AGM,Fiamm,12FIT130,983,ok,Y,,
1495,"Аккумулятор Fiamm 12FGL120 (AGM, 120Ah, 12V)",akkumulyatory/dlya_ibp/agm,https://microchips.by/catalog/akkumulyatory/dlya_ibp/agm/1495/,120Ah,12V,AGM,Fiamm,12FGL120,1380,ok,Y,,
1496,"Аккумулятор Delta HRL 12-600W (AGM, 134Ah)",akkumulyatory/dlya_ibp/agm,https://microchips.by/catalog/akkumulyatory/dlya_ibp/agm/1496/,134Ah,,AGM,Delta,HRL 12-600W,643,ok,Y,,
1497,"Аккумулятор MNB MNG 135-12 для ИБП (GEL, 135Ah)",akkumulyatory/dlya_ibp/gelevye,https://microchips.by/catalog/akkumulyatory/dlya_ibp/gelevye/1497/,135Ah,,GEL,MNB,MNG 135-12,742,ok,Y,,
1498,"Аккумулятор Delta FTS 12-140 (AGM, 140Ah)",akkumulyatory/dlya_ibp/agm,https://microchips.by/catalog/akkumulyatory/dlya_ibp/agm/1498/,140Ah,,AGM,Delta,FTS 12-140,580,ok,Y,,
1499,"Аккумулятор Delta HRL 12-140 (AGM, 140Ah)",akkumulyatory/dlya_ibp/agm,https://microchips.by/catalog/akkumulyatory/dlya_ibp/agm/1499/,140Ah,,AGM,Delta,HRL 12-140,925.16,ok,Y,,
1500,"Аккумулятор MNB MM 140-12 (AGM, 140Ah)",akkumulyatory/dlya_ibp/agm,https://microchips.by/catalog/akkumulyatory/dlya_ibp/agm/1500/,140Ah,,AGM,MNB,MM 140-12,692,ok,Y,,
1501,"Аккумулятор Ventura HRL 12580W (AGM, 140Ah)",akkumulyatory/dlya_ibp/agm,https://microchips.by/catalog/akkumulyatory/dlya_ibp/agm/1501/,140Ah,,AGM,Ventura,HRL 12580W,743,ok,Y,,
1502,"Аккумулятор Delta CT 1214 (AGM, 14Ah)",akkumulyatory/dlya_ibp/agm,https://microchips.by/catalog/akkumulyatory/dlya_ibp/agm/1502/,14Ah,,AGM,Delta,CT 1214,140,ok,Y,,
1503,"Аккумулятор Delta DT 12150 (AGM, 150Ah)",akkumulyatory/dlya_ibp/agm,https://microchips.by/catalog/akkumulyatory/dlya_ibp/agm/1503/,150Ah,,AGM,Delta,DT 12150,763,ok,Y,,
1504,"Аккумулятор Delta DTM 12150 L (AGM, 150Ah)",akkumulyatory/dlya_ibp/agm,https://microchips.by/catalog/akkumulyatory/dlya_ibp/agm/1504/,150Ah,,AGM,Delta,DTM 12150 L,932,ok,Y,,
1505,"Аккумулятор Delta FTS 12-150 (AGM, 150Ah)",akkumulyatory/dlya_ibp/agm,https://microchips.by/catalog/akkumulyatory/dlya_ibp/agm/1505/,150Ah,,AGM,Delta,FTS 12-150,740,ok,Y,,
1506,"Аккумулятор Delta HRL 12-650W (AGM, 150Ah)",akkumulyatory/dlya_ibp/agm,https://microchips.by/catalog/akkumulyatory/dlya_ibp/agm/1506/,150Ah,,AGM,Delta,HRL 12-650W,645,ok,Y,,
1508,"Аккумулятор Fiamm 12FIT150 (AGM, 150Ah)",akkumulyatory/dlya_ibp/agm,https://microchips.by/catalog/akkumulyatory/dlya_ibp/agm/1508/,150Ah,,AGM,Fiamm,12FIT150,1063.5,ok,Y,,
1509,"Аккумулятор Fiamm 12FLB540 P (AGM, 150Ah)",akkumulyatory/dlya_ibp/agm,https://microchips.by/catalog/akkumulyatory/dlya_ibp/agm/1509/,150Ah,,AGM,Fiamm,12FLB540 P,1043,ok,Y,,
1510,"Аккумулятор Fiamm 12FGL150 (AGM, 150Ah)",akkumulyatory/dlya_ibp/agm,https://microchips.by/catalog/akkumulyatory/dlya_ibp/agm/1510/,150Ah,,AGM,Fiamm,12FGL150,855,ok,Y,,
1511,"Аккумулятор Fiamm 4SLA150 (AGM, 150Ah)",akkumulyatory/dlya_ibp/agm,https://microchips.by/catalog/akkumulyatory/dlya_ibp/agm/1511/,150Ah,,AGM,Fiamm,4SLA150,19,ok,Y,,
1512,"Аккумулятор Fiamm FG2F009 (AGM, 150Ah)",akkumulyatory/dlya_ibp/agm,https://microchips.by/catalog/akkumulyatory/dlya_ibp/agm/1512/,150Ah,,AGM,Fiamm,FG2F009,46.5,ok,Y,,
1513,"Аккумулятор MNB MM 150-12 (AGM, 150Ah)",akkumulyatory/dlya_ibp/agm,https://microchips.by/catalog/akkumulyatory/dlya_ibp/agm/1513/,150Ah,,AGM,MNB,MM 150-12,820.5,ok,Y,,
1514,"Аккумулятор MNB MNG 150-12 для ИБП (GEL, 150Ah)",akkumulyatory/dlya_ibp/gelevye,https://microchips.by/catalog/akkumulyatory/dlya_ibp/gelevye/1514/,150Ah,,GEL,MNB,MNG 150-12,817,ok,Y,,
1515,"Аккумулятор Ventura FT 12-150 для ИБП (GEL, 150Ah)",akkumulyatory/dlya_ibp/gelevye,https://microchips.by/catalog/akkumulyatory/dlya_ibp/gelevye/1515/,150Ah,,GEL,Ventura,FT 12-150,956,ok,Y,,
1516,"Аккумулятор Ventura GPL 12-150 (AGM, 150Ah)",akkumulyatory/dlya_ibp/agm,https://microchips.by/catalog/akkumulyatory/dlya_ibp/agm/1516/,150Ah,,AGM,Ventura,GPL 12-150,777.5,ok,Y,,
1517,"Аккумулятор Ventura HRL 12600W (AGM, 150Ah)",akkumulyatory/dlya_ibp/agm,https://microchips.by/catalog/akkumulyatory/dlya_ibp/agm/1517/,150Ah,,AGM,Ventura,HRL 12600W,816.5,ok,Y,,
1518,"Аккумулятор MNB MR 155-12FT (AGM, 155Ah)",akkumulyatory/dlya_ibp/agm,https://microchips.by/catalog/akkumulyatory/dlya_ibp/agm/1518/,155Ah,,AGM,MNB,MR 155-12FT,894.5,ok,Y,,
1519,"Аккумулятор B.B. Battery HR 15-12 (AGM, 15Ah)",akkumulyatory/dlya_ibp/agm,https://microchips.by/catalog/akkumulyatory/dlya_ibp/agm/1519/,15Ah,,AGM,B.B. Battery,HR 15-12,137.5,ok,Y,,
1520,"Аккумулятор Delta DTM 1215 (AGM, 15Ah)",akkumulyatory/dlya_ibp/agm,https://microchips.by/catalog/akkumulyatory/dlya_ibp/agm/1520/,15Ah,,AGM,Delta,DTM 1215,91,ok,Y,,
1521,"Аккумулятор Fiamm 6SLA160 (AGM, 160Ah)",akkumulyatory/dlya_ibp/agm,https://microchips.by/catalog/akkumulyatory/dlya_ibp/agm/1521/,160Ah,,AGM,Fiamm,6SLA160,722.5,ok,Y,,
1522,"Аккумулятор Ventura HRL 12650W (AGM, 160Ah)",akkumulyatory/dlya_ibp/agm,https://microchips.by/catalog/akkumulyatory/dlya_ibp/agm/1522/,160Ah,,AGM,Ventura,HRL 12650W,853,ok,Y,,
1523,"Аккумулятор Delta CT 1216 (AGM, 16Ah)",akkumulyatory/dlya_ibp/agm,https://microchips.by/catalog/akkumulyatory/dlya_ibp/agm/1523/,16Ah,,AGM,Delta,CT 1216,199,ok,Y,,
1524,"Аккумулятор Fiamm 12FGL70 (AGM, 70Ah)",akkumulyatory/dlya_ibp/agm,https://microchips.by/catalog/akkumulyatory/dlya_ibp/agm/1524/,70Ah,,AGM,Fiamm,12FGL70,932,ok,Y,,
1525,"Аккумулятор Ventura HRL 12680W (AGM, 170Ah)",akkumulyatory/dlya_ibp/agm,https://microchips.by/catalog/akkumulyatory/dlya_ibp/agm/1525/,170Ah,,AGM,Ventura,HRL 12680W,945,ok,Y,,
1526,"Аккумулятор B.B. Battery BC 17-12 (AGM, 17Ah)",akkumulyatory/dlya_ibp/agm,https://microchips.by/catalog/akkumulyatory/dlya_ibp/agm/1526/,17Ah,,AGM,B.B. Battery,BC 17-12,199,ok,Y,,
1527,"Аккумулятор Delta DTM 1217 (AGM, 17Ah)",akkumulyatory/dlya_ibp/agm,https://microchips.by/catalog/akkumulyatory/dlya_ibp/agm/1527/,17Ah,,AGM,Delta,DTM 1217,118,ok,Y,,
1528,"Аккумулятор Fiamm FG21703 (AGM, 17Ah)",akkumulyatory/dlya_ibp/agm,https://microchips.by/catalog/akkumulyatory/dlya_ibp/agm/1528/,17Ah,,AGM,Fiamm,FG21703,290,ok,Y,,
1529,"Аккумулятор MNB MS 17-12 B1 (AGM, 17Ah)",akkumulyatory/dlya_ibp/agm,https://microchips.by/catalog/akkumulyatory/dlya_ibp/agm/1529/,17Ah,,AGM,MNB,MS 17-12 B1,96,ok,Y,,
1530,"Аккумулятор Delta FT 12-180 (AGM, 180Ah)",akkumulyatory/dlya_ibp/agm,https://microchips.by/catalog/akkumulyatory/dlya_ibp/agm/1530/,180Ah,,AGM,Delta,FT 12-180,836,ok,Y,,
1531,"Аккумулятор Delta HRL 12-180 (AGM, 180Ah)",akkumulyatory/dlya_ibp/agm,https://microchips.by/catalog/akkumulyatory/dlya_ibp/agm/1531/,180Ah,,AGM,Delta,HRL 12-180,1271,ok,Y,,
1532,"Аккумулятор Fiamm 12FIT180 (AGM, 180Ah)",akkumulyatory/dlya_ibp/agm,https://microchips.by/catalog/akkumulyatory/dlya_ibp/agm/1532/,180Ah,,AGM,Fiamm,12FIT180,1094,ok,Y,,
1533,"Аккумулятор Fiamm 6SLA180 (AGM, 180Ah)",akkumulyatory/dlya_ibp/agm,https://microchips.by/catalog/akkumulyatory/dlya_ibp/agm/1533/,180Ah,,AGM,Fiamm,6SLA180,793,ok,Y,,
1534,"Аккумулятор MNB MR 180-12FT (AGM, 180Ah)",akkumulyatory/dlya_ibp/agm,https://microchips.by/catalog/akkumulyatory/dlya_ibp/agm/1534/,180Ah,,AGM,MNB,MR 180-12FT,1018.5,ok,Y,,
1535,"Аккумулятор Ventura FT 12-180 для ИБП (GEL, 180Ah)",akkumulyatory/dlya_ibp/gelevye,https://microchips.by/catalog/akkumulyatory/dlya_ibp/gelevye/1535/,180Ah,,GEL,Ventura,FT 12-180,1071,ok,Y,,
1536,"Аккумулятор Casil CA 12180 (AGM, 18Ah)",akkumulyatory/dlya_ibp/agm,https://microchips.by/catalog/akkumulyatory/dlya_ibp/agm/1536/,18Ah,,AGM,Casil,CA 12180,115,ok,Y,,
1537,"Аккумулятор Delta CT 1218 (AGM, 18Ah)",akkumulyatory/dlya_ibp/agm,https://microchips.by/catalog/akkumulyatory/dlya_ibp/agm/1537/,18Ah,,AGM,Delta,CT 1218,210,ok,Y,,
1538,"Аккумулятор Delta DT 1218 (AGM, 18Ah)",akkumulyatory/dlya_ibp/agm,https://microchips.by/catalog/akkumulyatory/dlya_ibp/agm/1538/,18Ah,,AGM,Delta,DT 1218,94,ok,Y,,
1539,"Аккумулятор Delta HR 12-18 (AGM, 18Ah)",akkumulyatory/dlya_ibp/agm,https://microchips.by/catalog/akkumulyatory/dlya_ibp/agm/1539/,18Ah,,AGM,Delta,HR 12-18,128,ok,Y,,
1540,"Аккумулятор Delta HRL 12-18 (AGM, 18Ah)",akkumulyatory/dlya_ibp/agm,https://microchips.by/catalog/akkumulyatory/dlya_ibp/agm/1540/,18Ah,,AGM,Delta,HRL 12-18,125,ok,Y,,
1541,"Аккумулятор Fiamm 12FGH65 (AGM, 18Ah)",akkumulyatory/dlya_ibp/agm,https://microchips.by/catalog/akkumulyatory/dlya_ibp/agm/1541/,18Ah,,AGM,Fiamm,12FGH65,148,ok,Y,,
1542,"Аккумулятор Fiamm FG21803 (AGM, 18Ah)",akkumulyatory/dlya_ibp/agm,https://microchips.by/catalog/akkumulyatory/dlya_ibp/agm/1542/,18Ah,,AGM,Fiamm,FG21803,65.5,ok,Y,,
1543,"Аккумулятор Minamoto MB12180 (12V, 18Ah)",akkumulyatory/dlya_ibp,https://microchips.by/catalog/akkumulyatory/dlya_ibp/1543/,18Ah,12V,,Minamoto,MB12180,105,ok,Y,,
1544,"Аккумулятор Robiton VRLA12-18 (AGM, 18Ah)",akkumulyatory/dlya_ibp/agm,https://microchips.by/catalog/akkumulyatory/dlya_ibp/agm/1544/,18Ah,,AGM,Robiton,VRLA12-18,79,ok,Y,,
1545,"Аккумулятор Ventura GP 12-18 (AGM, 18Ah)",akkumulyatory/dlya_ibp/agm,https://microchips.by/catalog/akkumulyatory/dlya_ibp/agm/1545/,18Ah,,AGM,Ventura,GP 12-18,65,ok,Y,,
1546,"Аккумулятор Fiamm FG20201 (AGM, 2Ah)",akkumulyatory/dlya_ibp/agm,https://microchips.by/catalog/akkumulyatory/dlya_ibp/agm/1546/,2Ah,,AGM,Fiamm,FG20201,32,ok,Y,,
1547,"Аккумулятор Casil CA 1222 (AGM, 2.2Ah)",akkumulyatory/dlya_ibp/agm,https://microchips.by/catalog/akkumulyatory/dlya_ibp/agm/1547/,2.2Ah,,AGM,Casil,CA 1222,26,ok,Y,,
1548,"Аккумулятор Delta DT 12022 (AGM, 2.2Ah)",akkumulyatory/dlya_ibp/agm,https://microchips.by/catalog/akkumulyatory/dlya_ibp/agm/1548/,2.2Ah,,AGM,Delta,DT 12022,27,ok,Y,,
1549,"Аккумулятор Delta DTM 12022 (AGM, 2.2Ah)",akkumulyatory/dlya_ibp/agm,https://microchips.by/catalog/akkumulyatory/dlya_ibp/agm/1549/,2.2Ah,,AGM,Delta,DTM 12022,24,ok,Y,,
1550,"Аккумулятор Delta DT 6023 (AGM, 2.3Ah)",akkumulyatory/dlya_ibp/agm,https://microchips.by/catalog/akkumulyatory/dlya_ibp/agm/1550/,2.3Ah,,AGM,Delta,DT 6023,16,ok,Y,,
1551,"Аккумулятор MNB MS 2.3-12 F1 (AGM, 2.3Ah)",akkumulyatory/dlya_ibp/agm,https://microchips.by/catalog/akkumulyatory/dlya_ibp/agm/1551/,2.3Ah,,AGM,MNB,MS 2.3-12 F1,21.5,ok,Y,,
1553,"Аккумулятор Delta CT 12025 (AGM, 2.5Ah)",akkumulyatory/dlya_ibp/agm,https://microchips.by/catalog/akkumulyatory/dlya_ibp/agm/1553/,2.5Ah,,AGM,Delta,CT 12025,42,ok,Y,,
1554,"Аккумулятор Delta CT 12026 (AGM, 2.5Ah)",akkumulyatory/dlya_ibp/agm,https://microchips.by/catalog/akkumulyatory/dlya_ibp/agm/1554/,2.5Ah,,AGM,Delta,CT 12026,46,ok,Y,,
1555,"Аккумулятор Casil CA 628 (AGM, 2.8Ah)",akkumulyatory/dlya_ibp/agm,https://microchips.by/catalog/akkumulyatory/dlya_ibp/agm/1555/,2.8Ah,,AGM,Casil,CA 628,16,ok,Y,,
1556,"Аккумулятор Delta DT 6028 (AGM, 2.8Ah)",akkumulyatory/dlya_ibp/agm,https://microchips.by/catalog/akkumulyatory/dlya_ibp/agm/1556/,2.8Ah,,AGM,Delta,DT 6028,15,ok,Y,,
1557,"Аккумулятор Ventura GP 6-2.8 (AGM, 2.8Ah)",akkumulyatory/dlya_ibp/agm,https://microchips.by/catalog/akkumulyatory/dlya_ibp/agm/1557/,2.8Ah,,AGM,Ventura,GP 6-2.8,16,ok,Y,,
1558,"Аккумулятор Delta DT 12200 (AGM, 200Ah)",akkumulyatory/dlya_ibp/agm,https://microchips.by/catalog/akkumulyatory/dlya_ibp/agm/1558/,200Ah,,AGM,Delta,DT 12200,840,ok,Y,,
1559,"Аккумулятор Delta DTM 12200 L (AGM, 200Ah)",akkumulyatory/dlya_ibp/agm,https://microchips.by/catalog/akkumulyatory/dlya_ibp/agm/1559/,200Ah,,AGM,Delta,DTM 12200 L,1090,ok,Y,,
1560,"Аккумулятор Delta HRL 12-890W (AGM, 200Ah)",akkumulyatory/dlya_ibp/agm,https://microchips.by/catalog/akkumulyatory/dlya_ibp/agm/1560/,200Ah,,AGM,Delta,HRL 12-890W,650,ok,Y,,
1561,"Аккумулятор MNB MM 200-12 (AGM, 200Ah)",akkumulyatory/dlya_ibp/agm,https://microchips.by/catalog/akkumulyatory/dlya_ibp/agm/1561/,200Ah,,AGM,MNB,MM 200-12,1049.5,ok,Y,,
1562,"Аккумулятор MNB MNG 200-12 для ИБП (GEL, 200Ah)",akkumulyatory/dlya_ibp/gelevye,https://microchips.by/catalog/akkumulyatory/dlya_ibp/gelevye/1562/,200Ah,,GEL,MNB,MNG 200-12,1070,ok,Y,,
1563,"Аккумулятор Ventura GPL 12-200 (AGM, 200Ah)",akkumulyatory/dlya_ibp/agm,https://microchips.by/catalog/akkumulyatory/dlya_ibp/agm/1563/,200Ah,,AGM,Ventura,GPL 12-200,1275,ok,Y,,
1564,"Аккумулятор Ventura VG 12-200 для ИБП (GEL, 200Ah)",akkumulyatory/dlya_ibp/gelevye,https://microchips.by/catalog/akkumulyatory/dlya_ibp/gelevye/1564/,200Ah,,GEL,Ventura,VG 12-200,1245,ok,Y,,
1565,"Аккумулятор B.B. Battery HR 22-12 (AGM, 22Ah)",akkumulyatory/dlya_ibp/agm,https://microchips.by/catalog/akkumulyatory/dlya_ibp/agm/1565/,22Ah,,AGM,B.B. Battery,HR 22-12,220,ok,Y,,
1566,"Аккумулятор Panasonic LC-QA06210TP (AGM, 210Ah)",akkumulyatory/dlya_ibp/agm,https://microchips.by/catalog/akkumulyatory/dlya_ibp/agm/1566/,210Ah,,AGM,Panasonic,LC-QA06210TP,1329.5,ok,Y,,
1568,"Аккумулятор Ventura HR 1290W (AGM, 21Ah)",akkumulyatory/dlya_ibp/agm,https://microchips.by/catalog/akkumulyatory/dlya_ibp/agm/1568/,21Ah,,AGM,Ventura,HR 1290W,127.5,ok,Y,,
1569,"Аккумулятор Panasonic LC-XC1222P (AGM, 22Ah)",akkumulyatory/dlya_ibp/agm,https://microchips.by/catalog/akkumulyatory/dlya_ibp/agm/1569/,22Ah,,AGM,Panasonic,LC-XC1222P,220,ok,Y,,
1570,"Аккумулятор MNB MM 230-12 (AGM, 230Ah)",akkumulyatory/dlya_ibp/agm,https://microchips.by/catalog/akkumulyatory/dlya_ibp/agm/1570/,230Ah,,AGM,MNB,MM 230-12,1173,ok,Y,,
1571,"Аккумулятор MNB MNG 230-12 для ИБП (GEL, 230Ah)",akkumulyatory/dlya_ibp/gelevye,https://microchips.by/catalog/akkumulyatory/dlya_ibp/gelevye/1571/,230Ah,,GEL,MNB,MNG 230-12,1267,ok,Y,,
1572,"Аккумулятор Panasonic LC-P1224APG (AGM, 24Ah)",akkumulyatory/dlya_ibp/agm,https://microchips.by/catalog/akkumulyatory/dlya_ibp/agm/1572/,24Ah,,AGM,Panasonic,LC-P1224APG,228,ok,Y,,
1573,"Аккумулятор Panasonic LC-QA1224AP (AGM, 24Ah)",akkumulyatory/dlya_ibp/agm,https://microchips.by/catalog/akkumulyatory/dlya_ibp/agm/1573/,24Ah,,AGM,Panasonic,LC-QA1224AP,366.5,ok,Y,,
1574,"Аккумулятор MNB MM 250-12 (AGM, 250Ah)",akkumulyatory/dlya_ibp/agm,https://microchips.by/catalog/akkumulyatory/dlya_ibp/agm/1574/,250Ah,,AGM,MNB,MM 250-12,1285,ok,Y,,
1575,"Аккумулятор Ventura GPL 12-250 (AGM, 250Ah)",akkumulyatory/dlya_ibp/agm,https://microchips.by/catalog/akkumulyatory/dlya_ibp/agm/1575/,250Ah,,AGM,Ventura,GPL 12-250,1341,ok,Y,,
1576,"Аккумулятор Casil CA 12260 (AGM, 26Ah)",akkumulyatory/dlya_ibp/agm,https://microchips.by/catalog/akkumulyatory/dlya_ibp/agm/1576/,26Ah,,AGM,Casil,CA 12260,120,ok,Y,,
1577,"Аккумулятор Ventura GP 12-26 (AGM, 26Ah)",akkumulyatory/dlya_ibp/agm,https://microchips.by/catalog/akkumulyatory/dlya_ibp/agm/1577/,26Ah,,AGM,Ventura,GP 12-26,148,ok,Y,,
1578,"Аккумулятор Ventura GPL 12-26 (AGM, 26Ah)",akkumulyatory/dlya_ibp/agm,https://microchips.by/catalog/akkumulyatory/dlya_ibp/agm/1578/,26Ah,,AGM,Ventura,GPL 12-26,,zero_or_invalid,Y,,
1579,"Аккумулятор Panasonic LC-P1228AP (AGM, 28Ah)",akkumulyatory/dlya_ibp/agm,https://microchips.by/catalog/akkumulyatory/dlya_ibp/agm/1579/,28Ah,,AGM,Panasonic,LC-P1228AP,242,ok,Y,,
1580,"Аккумулятор Panasonic LC-XC1228P (AGM, 28Ah)",akkumulyatory/dlya_ibp/agm,https://microchips.by/catalog/akkumulyatory/dlya_ibp/agm/1580/,28Ah,,AGM,Panasonic,LC-XC1228P,341,ok,Y,,
1581,"Аккумулятор Ventura HRL 12155W (AGM, 28Ah)",akkumulyatory/dlya_ibp/agm,https://microchips.by/catalog/akkumulyatory/dlya_ibp/agm/1581/,28Ah,,AGM,Ventura,HRL 12155W,225,ok,Y,,
1582,"Аккумулятор Casil CA 1233 (AGM, 3.3Ah)",akkumulyatory/dlya_ibp/agm,https://microchips.by/catalog/akkumulyatory/dlya_ibp/agm/1582/,3.3Ah,,AGM,Casil,CA 1233,32,ok,Y,,
1583,"Аккумулятор Casil CA 633 (AGM, 3.3Ah)",akkumulyatory/dlya_ibp/agm,https://microchips.by/catalog/akkumulyatory/dlya_ibp/agm/1583/,3.3Ah,,AGM,Casil,CA 633,17,ok,Y,,
1584,"Аккумулятор Panasonic LC-P123R4P (AGM, 3.4Ah)",akkumulyatory/dlya_ibp/agm,https://microchips.by/catalog/akkumulyatory/dlya_ibp/agm/1584/,3.4Ah,,AGM,Panasonic,LC-P123R4P,65.5,ok,Y,,
1585,"Аккумулятор Panasonic LC-R063R4P (AGM, 3.4Ah)",akkumulyatory/dlya_ibp/agm,https://microchips.by/catalog/akkumulyatory/dlya_ibp/agm/1585/,3.4Ah,,AGM,Panasonic,LC-R063R4P,65,ok,Y,,
1586,"Аккумулятор Panasonic LC-R123R4PG (AGM, 3.4Ah)",akkumulyatory/dlya_ibp/agm,https://microchips.by/catalog/akkumulyatory/dlya_ibp/agm/1586/,3.4Ah,,AGM,Panasonic,LC-R123R4PG,79,ok,Y,,
1587,"Аккумулятор B.B. Battery HR 4-12 (AGM, 3.5Ah)",akkumulyatory/dlya_ibp/agm,https://microchips.by/catalog/akkumulyatory/dlya_ibp/agm/1587/,3.5Ah,,AGM,B.B. Battery,HR 4-12,53,ok,Y,,
1590,"Аккумулятор B.B. Battery HR 33-12 (AGM, 33Ah)",akkumulyatory/dlya_ibp/agm,https://microchips.by/catalog/akkumulyatory/dlya_ibp/agm/1590/,33Ah,,AGM,B.B. Battery,HR 33-12,337,ok,Y,,
1591,"Аккумулятор Panasonic LC-V1233P (AGM, 33Ah)",akkumulyatory/dlya_ibp/agm,https://microchips.by/catalog/akkumulyatory/dlya_ibp/agm/1591/,33Ah,,AGM,Panasonic,LC-V1233P,387,ok,Y,,
1592,"Аккумулятор Ventura GPL 12-33 (AGM, 33Ah)",akkumulyatory/dlya_ibp/agm,https://microchips.by/catalog/akkumulyatory/dlya_ibp/agm/1592/,33Ah,,AGM,Ventura,GPL 12-33,195,ok,Y,,
1593,"Аккумулятор B.B. Battery BPS 40-12 (AGM, 40Ah)",akkumulyatory/dlya_ibp/agm,https://microchips.by/catalog/akkumulyatory/dlya_ibp/agm/1593/,40Ah,,AGM,B.B. Battery,BPS 40-12,345,ok,Y,,
1594,"Аккумулятор B.B. Battery HRL 40-12 (AGM, 38Ah)",akkumulyatory/dlya_ibp/agm,https://microchips.by/catalog/akkumulyatory/dlya_ibp/agm/1594/,38Ah,,AGM,B.B. Battery,HRL 40-12,447,ok,Y,,
1595,"Аккумулятор Panasonic LC-P1238APG (AGM, 38Ah)",akkumulyatory/dlya_ibp/agm,https://microchips.by/catalog/akkumulyatory/dlya_ibp/agm/1595/,38Ah,,AGM,Panasonic,LC-P1238APG,309,ok,Y,,
1596,"Аккумулятор Panasonic LC-XC1238P (AGM, 38Ah)",akkumulyatory/dlya_ibp/agm,https://microchips.by/catalog/akkumulyatory/dlya_ibp/agm/1596/,38Ah,,AGM,Panasonic,LC-XC1238P,433,ok,Y,,
1597,"Аккумулятор Ventura HRL 12210W (AGM, 40Ah)",akkumulyatory/dlya_ibp/agm,https://microchips.by/catalog/akkumulyatory/dlya_ibp/agm/1597/,40Ah,,AGM,Ventura,HRL 12210W,282,ok,Y,,
1598,"Аккумулятор Panasonic UP-VW1220P1 (AGM, 4Ah)",akkumulyatory/dlya_ibp/agm,https://microchips.by/catalog/akkumulyatory/dlya_ibp/agm/1598/,4Ah,,AGM,Panasonic,UP-VW1220P1,62,ok,Y,,
1599,"Аккумулятор Ventura GP 4-4 (AGM, 4Ah)",akkumulyatory/dlya_ibp/agm,https://microchips.by/catalog/akkumulyatory/dlya_ibp/agm/1599/,4Ah,,AGM,Ventura,GP 4-4,13,ok,Y,,
1600,"Аккумулятор Casil CA 1245 (AGM, 4.5Ah)",akkumulyatory/dlya_ibp/agm,https://microchips.by/catalog/akkumulyatory/dlya_ibp/agm/1600/,4.5Ah,,AGM,Casil,CA 1245,24,ok,Y,,
1601,"Аккумулятор Casil CA 645 (AGM, 4.5Ah)",akkumulyatory/dlya_ibp/agm,https://microchips.by/catalog/akkumulyatory/dlya_ibp/agm/1601/,4.5Ah,,AGM,Casil,CA 645,19,ok,Y,,
1602,"Аккумулятор Panasonic LC-R064R5P (AGM, 4.5Ah)",akkumulyatory/dlya_ibp/agm,https://microchips.by/catalog/akkumulyatory/dlya_ibp/agm/1602/,4.5Ah,,AGM,Panasonic,LC-R064R5P,26,ok,Y,,
1604,"Аккумулятор Robiton VRLA12-4.5 (AGM, 4.5Ah)",akkumulyatory/dlya_ibp/agm,https://microchips.by/catalog/akkumulyatory/dlya_ibp/agm/1604/,4.5Ah,,AGM,Robiton,VRLA12-4.5,24,ok,Y,,
1605,"Аккумулятор Robiton VRLA6-4.5 (AGM, 4.5Ah)",akkumulyatory/dlya_ibp/agm,https://microchips.by/catalog/akkumulyatory/dlya_ibp/agm/1605/,4.5Ah,,AGM,Robiton,VRLA6-4.5,12,ok,Y,,
1606,"Аккумулятор Ventura GP 12-4.5 (AGM, 4.5Ah)",akkumulyatory/dlya_ibp/agm,https://microchips.by/catalog/akkumulyatory/dlya_ibp/agm/1606/,4.5Ah,,AGM,Ventura,GP 12-4.5,29.5,ok,Y,,
1607,"Аккумулятор Ventura GP 6-4.5 (AGM, 4.5Ah)",akkumulyatory/dlya_ibp/agm,https://microchips.by/catalog/akkumulyatory/dlya_ibp/agm/1607/,4.5Ah,,AGM,Ventura,GP 6-4.5,15,ok,Y,,
1608,"Аккумулятор Casil CA 12400 (AGM, 40Ah)",akkumulyatory/dlya_ibp/agm,https://microchips.by/catalog/akkumulyatory/dlya_ibp/agm/1608/,40Ah,,AGM,Casil,CA 12400,242,ok,Y,,
1609,"Аккумулятор Ventura GP 12-40 (AGM, 40Ah)",akkumulyatory/dlya_ibp/agm,https://microchips.by/catalog/akkumulyatory/dlya_ibp/agm/1609/,40Ah,,AGM,Ventura,GP 12-40,232.5,ok,Y,,
1610,"Аккумулятор Ventura GPL 12-40 (AGM, 40Ah)",akkumulyatory/dlya_ibp/agm,https://microchips.by/catalog/akkumulyatory/dlya_ibp/agm/1610/,40Ah,,AGM,Ventura,GPL 12-40,257,ok,Y,,
1611,"Аккумулятор Ventura GPL 12-45 (AGM, 45Ah)",akkumulyatory/dlya_ibp/agm,https://microchips.by/catalog/akkumulyatory/dlya_ibp/agm/1611/,45Ah,,AGM,Ventura,GPL 12-45,273,ok,Y,,
1612,"Аккумулятор B.B. Battery HRL 50-12 (AGM, 50Ah)",akkumulyatory/dlya_ibp/agm,https://microchips.by/catalog/akkumulyatory/dlya_ibp/agm/1612/,50Ah,,AGM,B.B. Battery,HRL 50-12,510,ok,Y,,
1614,"Аккумулятор B.B. Battery BP 5-12 (AGM, 5Ah)",akkumulyatory/dlya_ibp/agm,https://microchips.by/catalog/akkumulyatory/dlya_ibp/agm/1614/,5Ah,,AGM,B.B. Battery,BP 5-12,90,ok,Y,,
1615,"Аккумулятор Ventura GP 12-5 (AGM, 5Ah)",akkumulyatory/dlya_ibp/agm,https://microchips.by/catalog/akkumulyatory/dlya_ibp/agm/1615/,5Ah,,AGM,Ventura,GP 12-5,34,ok,Y,,
1616,"Аккумулятор Ventura HR 1221W (AGM, 5Ah)",akkumulyatory/dlya_ibp/agm,https://microchips.by/catalog/akkumulyatory/dlya_ibp/agm/1616/,5Ah,,AGM,Ventura,HR 1221W,38,ok,Y,,
1617,"Аккумулятор B.B. Battery HR 5.8-12 (AGM, 5.3Ah)",akkumulyatory/dlya_ibp/agm,https://microchips.by/catalog/akkumulyatory/dlya_ibp/agm/1617/,5.3Ah,,AGM,B.B. Battery,HR 5.8-12,56,ok,Y,,
1618,"Аккумулятор B.B. Battery HRC 5.5-12 (AGM, 5.5Ah)",akkumulyatory/dlya_ibp/agm,https://microchips.by/catalog/akkumulyatory/dlya_ibp/agm/1618/,5.5Ah,,AGM,B.B. Battery,HRC 5.5-12,53,ok,Y,,
1619,"Аккумулятор Ventura FT 12-50 для ИБП (GEL, 50Ah)",akkumulyatory/dlya_ibp/gelevye,https://microchips.by/catalog/akkumulyatory/dlya_ibp/gelevye/1619/,50Ah,,GEL,Ventura,FT 12-50,479,ok,Y,,
1620,"Аккумулятор Ventura GPL 12-55 (AGM, 55Ah)",akkumulyatory/dlya_ibp/agm,https://microchips.by/catalog/akkumulyatory/dlya_ibp/agm/1620/,55Ah,,AGM,Ventura,GPL 12-55,312,ok,Y,,
1621,"Аккумулятор Ventura HR 1224W (AGM, 6Ah)",akkumulyatory/dlya_ibp/agm,https://microchips.by/catalog/akkumulyatory/dlya_ibp/agm/1621/,6Ah,,AGM,Ventura,HR 1224W,59,ok,Y,,
1622,"Аккумулятор Ventura HRL 12260W (AGM, 60Ah)",akkumulyatory/dlya_ibp/agm,https://microchips.by/catalog/akkumulyatory/dlya_ibp/agm/1622/,60Ah,,AGM,Ventura,HRL 12260W,385,ok,Y,,
1623,"Аккумулятор Ventura GPL 12-65 (AGM, 65Ah)",akkumulyatory/dlya_ibp/agm,https://microchips.by/catalog/akkumulyatory/dlya_ibp/agm/1623/,65Ah,,AGM,Ventura,GPL 12-65,369.5,ok,Y,,
1624,"Аккумулятор Ventura HR 1228W (AGM, 7Ah)",akkumulyatory/dlya_ibp/agm,https://microchips.by/catalog/akkumulyatory/dlya_ibp/agm/1624/,7Ah,,AGM,Ventura,HR 1228W,43.5,ok,Y,,
1625,"Аккумулятор B.B. Battery BC 7.2-12 (AGM, 7.2Ah)",akkumulyatory/dlya_ibp/agm,https://microchips.by/catalog/akkumulyatory/dlya_ibp/agm/1625/,7.2Ah,,AGM,B.B. Battery,BC 7.2-12,81,ok,Y,,
1626,"Аккумулятор Casil CA 1270 (AGM, 7Ah)",akkumulyatory/dlya_ibp/agm,https://microchips.by/catalog/akkumulyatory/dlya_ibp/agm/1626/,7Ah,,AGM,Casil,CA 1270,29,ok,Y,,
1627,"Аккумулятор Robiton VRLA12-7 (AGM, 7Ah)",akkumulyatory/dlya_ibp/agm,https://microchips.by/catalog/akkumulyatory/dlya_ibp/agm/1627/,7Ah,,AGM,Robiton,VRLA12-7,31,ok,Y,,
1628,"Аккумулятор Ventura GP 12-7.2 (AGM, 7.2Ah)",akkumulyatory/dlya_ibp/agm,https://microchips.by/catalog/akkumulyatory/dlya_ibp/agm/1628/,7.2Ah,,AGM,Ventura,GP 12-7.2,38,ok,Y,,
1629,"Аккумулятор Casil CA 675 (AGM, 7.5Ah)",akkumulyatory/dlya_ibp/agm,https://microchips.by/catalog/akkumulyatory/dlya_ibp/agm/1629/,7.5Ah,,AGM,Casil,CA 675,26,ok,Y,,
1631,"Аккумулятор B.B. Battery HRL 75-12 (AGM, 73Ah)",akkumulyatory/dlya_ibp/agm,https://microchips.by/catalog/akkumulyatory/dlya_ibp/agm/1631/,73Ah,,AGM,B.B. Battery,HRL 75-12,720,ok,Y,,
1632,"Аккумулятор Ventura GPL 12-75 (AGM, 75Ah)",akkumulyatory/dlya_ibp/agm,https://microchips.by/catalog/akkumulyatory/dlya_ibp/agm/1632/,75Ah,,AGM,Ventura,GPL 12-75,413,ok,Y,,
1633,"Аккумулятор B.B. Battery HR 9-6 (AGM, 8Ah)",akkumulyatory/dlya_ibp/agm,https://microchips.by/catalog/akkumulyatory/dlya_ibp/agm/1633/,8Ah,,AGM,B.B. Battery,HR 9-6,91,ok,Y,,
1635,"Аккумулятор Ventura HR 1234W (AGM, 8Ah)",akkumulyatory/dlya_ibp/agm,https://microchips.by/catalog/akkumulyatory/dlya_ibp/agm/1635/,8Ah,,AGM,Ventura,HR 1234W,51,ok,Y,,
1636,"Аккумулятор Ventura HRL 12420W (AGM, 90Ah)",akkumulyatory/dlya_ibp/agm,https://microchips.by/catalog/akkumulyatory/dlya_ibp/agm/1636/,90Ah,,AGM,Ventura,HRL 12420W,,zero_or_invalid,Y,,
1639,"Аккумулятор B.B. Battery HRC 1234W (AGM, 9Ah)",akkumulyatory/dlya_ibp/agm,https://microchips.by/catalog/akkumulyatory/dlya_ibp/agm/1639/,9Ah,,AGM,B.B. Battery,HRC 1234W,60,ok,Y,,
1640,"Аккумулятор B.B. Battery HR 9-12 (AGM, 9Ah)",akkumulyatory/dlya_ibp/agm,https://microchips.by/catalog/akkumulyatory/dlya_ibp/agm/1640/,9Ah,,AGM,B.B. Battery,HR 9-12,65.5,ok,Y,,
1641,"Аккумулятор Robiton VRLA12-9 (AGM, 9Ah)",akkumulyatory/dlya_ibp/agm,https://microchips.by/catalog/akkumulyatory/dlya_ibp/agm/1641/,9Ah,,AGM,Robiton,VRLA12-9,40.5,ok,Y,,
1642,"Аккумулятор Ventura GP 12-9 (AGM, 9Ah)",akkumulyatory/dlya_ibp/agm,https://microchips.by/catalog/akkumulyatory/dlya_ibp/agm/1642/,9Ah,,AGM,Ventura,GP 12-9,65,ok,Y,,
1643,"Аккумулятор Ventura GP 6-9 (AGM, 9Ah)",akkumulyatory/dlya_ibp/agm,https://microchips.by/catalog/akkumulyatory/dlya_ibp/agm/1643/,9Ah,,AGM,Ventura,GP 6-9,25.5,ok,Y,,
1644,"Аккумулятор B.B. Battery BP 17-12 (AGM, 17Ah)",akkumulyatory/dlya_ibp/agm,https://microchips.by/catalog/akkumulyatory/dlya_ibp/agm/1644/,17Ah,,AGM,B.B. Battery,BP 17-12,210,ok,Y,,
1645,"Аккумулятор B.B. Battery BC 7-12 (AGM, 7Ah)",akkumulyatory/dlya_ibp/agm,https://microchips.by/catalog/akkumulyatory/dlya_ibp/agm/1645/,7Ah,,AGM,B.B. Battery,BC 7-12,81,ok,Y,,
1686,Аккумулятор НК- 13П (КЗА),akkumulyatory/promyshlennye/dlya_rezervnogo_pitaniya,https://microchips.by/catalog/akkumulyatory/promyshlennye/dlya_rezervnogo_pitaniya/1686/,,,,КЗА,НК- 13П,0.43,ok,Y,,
1687,Аккумулятор НК- 55П (без электролита) (ЗАИТ),akkumulyatory/promyshlennye/dlya_rezervnogo_pitaniya,https://microchips.by/catalog/akkumulyatory/promyshlennye/dlya_rezervnogo_pitaniya/1687/,,,,ЗАИТ,НК- 55П,43678,ok,Y,,
1688,Аккумулятор НК- 80 (без электролита) (ЗАИТ),akkumulyatory/promyshlennye/dlya_rezervnogo_pitaniya,https://microchips.by/catalog/akkumulyatory/promyshlennye/dlya_rezervnogo_pitaniya/1688/,,,,ЗАИТ,НК- 80,43588,ok,Y,,
1689,Аккумулятор НК-125П (без электролита) (ЗАИТ),akkumulyatory/promyshlennye/dlya_rezervnogo_pitaniya,https://microchips.by/catalog/akkumulyatory/promyshlennye/dlya_rezervnogo_pitaniya/1689/,,,,ЗАИТ,НК-125П,43528,ok,Y,,
1690,"Аккумулятор Fiamm 2SLA1000 (AGM, 1000Ah)",akkumulyatory/dlya_ibp/agm,https://microchips.by/catalog/akkumulyatory/dlya_ibp/agm/1690/,1000Ah,,AGM,Fiamm,2SLA1000,2230,ok,Y,,
1691,"Аккумулятор Fiamm LM/S 1020 для ИБП (OPzS, 1020Ah)",akkumulyatory/dlya_ibp/opzs,https://microchips.by/catalog/akkumulyatory/dlya_ibp/opzs/1691/,1020Ah,,OPzS,Fiamm,LM/S 1020,,zero_or_invalid,Y,,
1692,"Аккумулятор Sonnenschein A502/10 S для ИБП (GEL, 10Ah)",akkumulyatory/dlya_ibp/gelevye,https://microchips.by/catalog/akkumulyatory/dlya_ibp/gelevye/1692/,10Ah,,GEL,Sonnenschein,A502/10 S,195,ok,Y,,
1695,"Аккумулятор Fiamm LM/S 1160 для ИБП (OPzS, 1160Ah)",akkumulyatory/dlya_ibp/opzs,https://microchips.by/catalog/akkumulyatory/dlya_ibp/opzs/1695/,1160Ah,,OPzS,Fiamm,LM/S 1160,,zero_or_invalid,Y,,
1696,"Аккумулятор Fiamm SMG 1200 для ИБП (GEL, 1200Ah)",akkumulyatory/dlya_ibp/gelevye,https://microchips.by/catalog/akkumulyatory/dlya_ibp/gelevye/1696/,1200Ah,,GEL,Fiamm,SMG 1200,,zero_or_invalid,Y,,
1697,"Аккумулятор Sonnenschein Dryfit A602/1250 для ИБП (GEL, OPzV, 1250Ah)",akkumulyatory/dlya_ibp/gelevye,https://microchips.by/catalog/akkumulyatory/dlya_ibp/gelevye/1697/,1250Ah,,GEL,Sonnenschein,Dryfit A602/1250,2000,ok,Y,,
1699,"Аккумулятор Fiamm LM/S 1310 для ИБП (OPzS, 1310Ah)",akkumulyatory/dlya_ibp/opzs,https://microchips.by/catalog/akkumulyatory/dlya_ibp/opzs/1699/,1310Ah,,OPzS,Fiamm,LM/S 1310,,zero_or_invalid,Y,,
1702,"Аккумулятор Fiamm SMG 1440 для ИБП (GEL, 1440Ah)",akkumulyatory/dlya_ibp/gelevye,https://microchips.by/catalog/akkumulyatory/dlya_ibp/gelevye/1702/,1440Ah,,GEL,Fiamm,SMG 1440,,zero_or_invalid,Y,,
1703,"Аккумулятор Fiamm LM/S 1450 для ИБП (OPzS, 1450Ah)",akkumulyatory/dlya_ibp/opzs,https://microchips.by/catalog/akkumulyatory/dlya_ibp/opzs/1703/,1450Ah,,OPzS,Fiamm,LM/S 1450,,zero_or_invalid,Y,,
1704,"Аккумулятор Fiamm 2SLA1500 (AGM, 1500Ah)",akkumulyatory/dlya_ibp/agm,https://microchips.by/catalog/akkumulyatory/dlya_ibp/agm/1704/,1500Ah,,AGM,Fiamm,2SLA1500,2650,ok,Y,,
1705,"Аккумулятор Fiamm LM/S 150 для ИБП (OPzS, 150Ah)",akkumulyatory/dlya_ibp/opzs,https://microchips.by/catalog/akkumulyatory/dlya_ibp/opzs/1705/,150Ah,,OPzS,Fiamm,LM/S 150,,zero_or_invalid,Y,,
1706,"Аккумулятор Sonnenschein Dryfit A602/1510 для ИБП (GEL, OPzV, 1510Ah)",akkumulyatory/dlya_ibp/gelevye,https://microchips.by/catalog/akkumulyatory/dlya_ibp/gelevye/1706/,1510Ah,,GEL,Sonnenschein,Dryfit A602/1510,2195,ok,Y,,
1708,"Аккумулятор Sonnenschein Dryfit A602/1650C для ИБП (GEL, OPzV, 1650Ah)",akkumulyatory/dlya_ibp/gelevye,https://microchips.by/catalog/akkumulyatory/dlya_ibp/gelevye/1708/,1650Ah,,GEL,Sonnenschein,Dryfit A602/1650C,2750,ok,Y,,
1710,"Аккумулятор Fiamm SMG 1680 для ИБП (GEL, 1680Ah)",akkumulyatory/dlya_ibp/gelevye,https://microchips.by/catalog/akkumulyatory/dlya_ibp/gelevye/1710/,1680Ah,,GEL,Fiamm,SMG 1680,,zero_or_invalid,Y,,
1713,"Аккумулятор Fiamm LM/S 1740 для ИБП (OPzS, 1740Ah)",akkumulyatory/dlya_ibp/opzs,https://microchips.by/catalog/akkumulyatory/dlya_ibp/opzs/1713/,1740Ah,,OPzS,Fiamm,LM/S 1740,,zero_or_invalid,Y,,
1715,"Аккумулятор Fiamm 2SLA2000 (AGM, 2000Ah)",akkumulyatory/dlya_ibp/agm,https://microchips.by/catalog/akkumulyatory/dlya_ibp/agm/1715/,2000Ah,,AGM,Fiamm,2SLA2000,2900,ok,Y,,
1717,"Аккумулятор Sonnenschein Dryfit A602/2200 для ИБП (GEL, OPzV, 2200Ah)",akkumulyatory/dlya_ibp/gelevye,https://microchips.by/catalog/akkumulyatory/dlya_ibp/gelevye/1717/,2200Ah,,GEL,Sonnenschein,Dryfit A602/2200,3160,ok,Y,,
1719,"Аккумулятор Fiamm LM/S 2200 для ИБП (OPzS, 2200Ah)",akkumulyatory/dlya_ibp/opzs,https://microchips.by/catalog/akkumulyatory/dlya_ibp/opzs/1719/,2200Ah,,OPzS,Fiamm,LM/S 2200,,zero_or_invalid,Y,,
1720,"Аккумулятор Fiamm LM/S 220 для ИБП (OPzS, 220Ah)",akkumulyatory/dlya_ibp/opzs,https://microchips.by/catalog/akkumulyatory/dlya_ibp/opzs/1720/,220Ah,,OPzS,Fiamm,LM/S 220,,zero_or_invalid,Y,,
1721,"Аккумулятор Fiamm SMG 220 для ИБП (GEL, 220Ah)",akkumulyatory/dlya_ibp/gelevye,https://microchips.by/catalog/akkumulyatory/dlya_ibp/gelevye/1721/,220Ah,,GEL,Fiamm,SMG 220,,zero_or_invalid,Y,,
1723,"Аккумулятор Sonnenschein Dryfit A602/225 для ИБП (GEL, OPzV, 225Ah)",akkumulyatory/dlya_ibp/gelevye,https://microchips.by/catalog/akkumulyatory/dlya_ibp/gelevye/1723/,225Ah,,GEL,Sonnenschein,Dryfit A602/225,619,ok,Y,,
1724,"Аккумулятор Fiamm SMG 2250 для ИБП (GEL, 2250Ah)",akkumulyatory/dlya_ibp/gelevye,https://microchips.by/catalog/akkumulyatory/dlya_ibp/gelevye/1724/,2250Ah,,GEL,Fiamm,SMG 2250,,zero_or_invalid,Y,,
1725,"Аккумулятор Marathon L2V220 (AGM, 220Ah)",akkumulyatory/dlya_ibp/agm,https://microchips.by/catalog/akkumulyatory/dlya_ibp/agm/1725/,220Ah,,AGM,Marathon,L2V220,490,ok,Y,,
1726,"Аккумулятор Marathon L 2V220 V0 (AGM, 220Ah)",akkumulyatory/dlya_ibp/agm,https://microchips.by/catalog/akkumulyatory/dlya_ibp/agm/1726/,220Ah,,AGM,Marathon,L 2V220 V0,499,ok,Y,,
1727,"Аккумулятор Fiamm 2SLA250 (AGM, 250Ah)",akkumulyatory/dlya_ibp/agm,https://microchips.by/catalog/akkumulyatory/dlya_ibp/agm/1727/,250Ah,,AGM,Fiamm,2SLA250,17,ok,Y,,
1728,"Аккумулятор Fiamm LM/S 2550 для ИБП (OPzS, 2550Ah)",akkumulyatory/dlya_ibp/opzs,https://microchips.by/catalog/akkumulyatory/dlya_ibp/opzs/1728/,2550Ah,,OPzS,Fiamm,LM/S 2550,,zero_or_invalid,Y,,
1732,"Аккумулятор Sonnenschein Dryfit A602/2740 для ИБП (GEL, OPzV, 2740Ah)",akkumulyatory/dlya_ibp/gelevye,https://microchips.by/catalog/akkumulyatory/dlya_ibp/gelevye/1732/,2740Ah,,GEL,Sonnenschein,Dryfit A602/2740,3800,ok,Y,,
1734,"Аккумулятор Fiamm LM/S 2750 для ИБП (OPzS, 2750Ah)",akkumulyatory/dlya_ibp/opzs,https://microchips.by/catalog/akkumulyatory/dlya_ibp/opzs/1734/,2750Ah,,OPzS,Fiamm,LM/S 2750,,zero_or_invalid,Y,,
1735,"Аккумулятор Fiamm SMG 275 для ИБП (GEL, 275Ah)",akkumulyatory/dlya_ibp/gelevye,https://microchips.by/catalog/akkumulyatory/dlya_ibp/gelevye/1735/,275Ah,,GEL,Fiamm,SMG 275,,zero_or_invalid,Y,,
1736,"Аккумулятор Fiamm SMG 2800 для ИБП (GEL, 2800Ah)",akkumulyatory/dlya_ibp/gelevye,https://microchips.by/catalog/akkumulyatory/dlya_ibp/gelevye/1736/,2800Ah,,GEL,Fiamm,SMG 2800,,zero_or_invalid,Y,,
1737,"Аккумулятор Sonnenschein Dryfit A602/280 для ИБП (GEL, OPzV, 280Ah)",akkumulyatory/dlya_ibp/gelevye,https://microchips.by/catalog/akkumulyatory/dlya_ibp/gelevye/1737/,280Ah,,GEL,Sonnenschein,Dryfit A602/280,823,ok,Y,,
1739,"Аккумулятор Marathon L2V270 (AGM, 270Ah)",akkumulyatory/dlya_ibp/agm,https://microchips.by/catalog/akkumulyatory/dlya_ibp/agm/1739/,270Ah,,AGM,Marathon,L2V270,549,ok,Y,,
1740,"Аккумулятор Marathon L2V270 V0 (AGM, 270Ah)",akkumulyatory/dlya_ibp/agm,https://microchips.by/catalog/akkumulyatory/dlya_ibp/agm/1740/,270Ah,,AGM,Marathon,L2V270 V0,558.5,ok,Y,,
1741,"Аккумулятор Fiamm LM/S 2900 для ИБП (OPzS, 2900Ah)",akkumulyatory/dlya_ibp/opzs,https://microchips.by/catalog/akkumulyatory/dlya_ibp/opzs/1741/,2900Ah,,OPzS,Fiamm,LM/S 2900,,zero_or_invalid,Y,,
1742,"Аккумулятор Fiamm LM/S 290 для ИБП (OPzS, 290Ah)",akkumulyatory/dlya_ibp/opzs,https://microchips.by/catalog/akkumulyatory/dlya_ibp/opzs/1742/,290Ah,,OPzS,Fiamm,LM/S 290,,zero_or_invalid,Y,,
1744,"Аккумулятор Fiamm 2SLA300 (AGM, 300Ah)",akkumulyatory/dlya_ibp/agm,https://microchips.by/catalog/akkumulyatory/dlya_ibp/agm/1744/,300Ah,,AGM,Fiamm,2SLA300,582,ok,Y,,
1745,"Аккумулятор Fiamm LM/S 3260 для ИБП (OPzS, 3260Ah)",akkumulyatory/dlya_ibp/opzs,https://microchips.by/catalog/akkumulyatory/dlya_ibp/opzs/1745/,3260Ah,,OPzS,Fiamm,LM/S 3260,,zero_or_invalid,Y,,
1747,"Аккумулятор Sonnenschein Dryfit A602/3300 для ИБП (GEL, OPzV, 3300Ah)",akkumulyatory/dlya_ibp/gelevye,https://microchips.by/catalog/akkumulyatory/dlya_ibp/gelevye/1747/,3300Ah,,GEL,Sonnenschein,Dryfit A602/3300,4980,ok,Y,,
1750,"Аккумулятор Fiamm 2SLA330 (AGM, 330Ah)",akkumulyatory/dlya_ibp/agm,https://microchips.by/catalog/akkumulyatory/dlya_ibp/agm/1750/,330Ah,,AGM,Fiamm,2SLA330,22,ok,Y,,
1752,"Аккумулятор Fiamm SMG 330 для ИБП (GEL, 330Ah)",akkumulyatory/dlya_ibp/gelevye,https://microchips.by/catalog/akkumulyatory/dlya_ibp/gelevye/1752/,330Ah,,GEL,Fiamm,SMG 330,,zero_or_invalid,Y,,
1753,"Аккумулятор Fiamm SMG 3350 для ИБП (GEL, 3350Ah)",akkumulyatory/dlya_ibp/gelevye,https://microchips.by/catalog/akkumulyatory/dlya_ibp/gelevye/1753/,3350Ah,,GEL,Fiamm,SMG 3350,,zero_or_invalid,Y,,
1754,"Аккумулятор Sonnenschein Dryfit A602/335 для ИБП (GEL, OPzV, 335Ah)",akkumulyatory/dlya_ibp/gelevye,https://microchips.by/catalog/akkumulyatory/dlya_ibp/gelevye/1754/,335Ah,,GEL,Sonnenschein,Dryfit A602/335,1070,ok,Y,,
1756,"Аккумулятор Marathon L2V320 (AGM, 320Ah)",akkumulyatory/dlya_ibp/agm,https://microchips.by/catalog/akkumulyatory/dlya_ibp/agm/1756/,320Ah,,AGM,Marathon,L2V320,739,ok,Y,,
1757,"Аккумулятор Marathon L2V320 V0 (AGM, 320Ah)",akkumulyatory/dlya_ibp/agm,https://microchips.by/catalog/akkumulyatory/dlya_ibp/agm/1757/,320Ah,,AGM,Marathon,L2V320 V0,748,ok,Y,,
1758,"Аккумулятор Fiamm LM/S 360 для ИБП (OPzS, 360Ah)",akkumulyatory/dlya_ibp/opzs,https://microchips.by/catalog/akkumulyatory/dlya_ibp/opzs/1758/,360Ah,,OPzS,Fiamm,LM/S 360,,zero_or_invalid,Y,,
1759,"Аккумулятор Fiamm LM/S 3625 для ИБП (OPzS, 3625Ah)",akkumulyatory/dlya_ibp/opzs,https://microchips.by/catalog/akkumulyatory/dlya_ibp/opzs/1759/,3625Ah,,OPzS,Fiamm,LM/S 3625,,zero_or_invalid,Y,,
1761,"Аккумулятор Fiamm SMG 380 для ИБП (GEL, 380Ah)",akkumulyatory/dlya_ibp/gelevye,https://microchips.by/catalog/akkumulyatory/dlya_ibp/gelevye/1761/,380Ah,,GEL,Fiamm,SMG 380,,zero_or_invalid,Y,,
1764,"Аккумулятор Fiamm 2SLA405/4 (AGM, 400Ah)",akkumulyatory/dlya_ibp/agm,https://microchips.by/catalog/akkumulyatory/dlya_ibp/agm/1764/,400Ah,,AGM,Fiamm,2SLA405/4,781,ok,Y,,
1766,"Аккумулятор Marathon L2V375 (AGM, 375Ah)",akkumulyatory/dlya_ibp/agm,https://microchips.by/catalog/akkumulyatory/dlya_ibp/agm/1766/,375Ah,,AGM,Marathon,L2V375,787.5,ok,Y,,
1767,"Аккумулятор Marathon L 2V375 V0 (AGM, 375Ah)",akkumulyatory/dlya_ibp/agm,https://microchips.by/catalog/akkumulyatory/dlya_ibp/agm/1767/,375Ah,,AGM,Marathon,L 2V375 V0,791.5,ok,Y,,
1768,"Аккумулятор Sonnenschein Dryfit A602/415 для ИБП (GEL, OPzV, 415Ah)",akkumulyatory/dlya_ibp/gelevye,https://microchips.by/catalog/akkumulyatory/dlya_ibp/gelevye/1768/,415Ah,,GEL,Sonnenschein,Dryfit A602/415,1210,ok,Y,,
1772,"Аккумулятор Marathon L2V425 (AGM, 425Ah)",akkumulyatory/dlya_ibp/agm,https://microchips.by/catalog/akkumulyatory/dlya_ibp/agm/1772/,425Ah,,AGM,Marathon,L2V425,828,ok,Y,,
1773,"Аккумулятор Marathon L2V425 V0 (AGM, 425Ah)",akkumulyatory/dlya_ibp/agm,https://microchips.by/catalog/akkumulyatory/dlya_ibp/agm/1773/,425Ah,,AGM,Marathon,L2V425 V0,836,ok,Y,,
1774,"Аккумулятор Sonnenschein Dryfit A602/500 для ИБП (GEL, OPzV, 500Ah)",akkumulyatory/dlya_ibp/gelevye,https://microchips.by/catalog/akkumulyatory/dlya_ibp/gelevye/1774/,500Ah,,GEL,Sonnenschein,Dryfit A602/500,1340,ok,Y,,
1776,"Аккумулятор Marathon L2V470 (AGM, 470Ah)",akkumulyatory/dlya_ibp/agm,https://microchips.by/catalog/akkumulyatory/dlya_ibp/agm/1776/,470Ah,,AGM,Marathon,L2V470,1008.5,ok,Y,,
1777,"Аккумулятор Marathon L2V470 V0 (AGM, 470Ah)",akkumulyatory/dlya_ibp/agm,https://microchips.by/catalog/akkumulyatory/dlya_ibp/agm/1777/,470Ah,,AGM,Marathon,L2V470 V0,1010,ok,Y,,
1778,"Аккумулятор Sonnenschein Dryfit A602/415 Solar для ИБП (GEL, OPzV, 415)",akkumulyatory/dlya_ibp/gelevye,https://microchips.by/catalog/akkumulyatory/dlya_ibp/gelevye/1778/,,,GEL,Sonnenschein,Dryfit A602/415 Solar,1590,ok,Y,,
1779,"Аккумулятор Marathon L2V520 (AGM, 520Ah)",akkumulyatory/dlya_ibp/agm,https://microchips.by/catalog/akkumulyatory/dlya_ibp/agm/1779/,520Ah,,AGM,Marathon,L2V520,1062,ok,Y,,
1780,"Аккумулятор Marathon L 2V520 V0 (AGM, 520Ah)",akkumulyatory/dlya_ibp/agm,https://microchips.by/catalog/akkumulyatory/dlya_ibp/agm/1780/,520Ah,,AGM,Marathon,L 2V520 V0,1062.5,ok,Y,,
1781,"Аккумулятор Sonnenschein Dryfit A602/580 для ИБП (GEL, OPzV, 580Ah)",akkumulyatory/dlya_ibp/gelevye,https://microchips.by/catalog/akkumulyatory/dlya_ibp/gelevye/1781/,580Ah,,GEL,Sonnenschein,Dryfit A602/580,1239,ok,Y,,
1783,"Аккумулятор Marathon L2V575 (AGM, 575Ah)",akkumulyatory/dlya_ibp/agm,https://microchips.by/catalog/akkumulyatory/dlya_ibp/agm/1783/,575Ah,,AGM,Marathon,L2V575,1105,ok,Y,,
1784,"Аккумулятор Marathon L2V575 V0 (AGM, 575Ah)",akkumulyatory/dlya_ibp/agm,https://microchips.by/catalog/akkumulyatory/dlya_ibp/agm/1784/,575Ah,,AGM,Marathon,L2V575 V0,1103.5,ok,Y,,
1785,"Аккумулятор Sonnenschein Dryfit A602/500 Solar для ИБП (GEL, OPzV, 500Ah)",akkumulyatory/dlya_ibp/gelevye,https://microchips.by/catalog/akkumulyatory/dlya_ibp/gelevye/1785/,500Ah,,GEL,Sonnenschein,Dryfit A602/500 Solar,1830,ok,Y,,
1786,"Аккумулятор Sonnenschein Dryfit A602/750 Solar для ИБП (GEL, OPzV, 750Ah)",akkumulyatory/dlya_ibp/gelevye,https://microchips.by/catalog/akkumulyatory/dlya_ibp/gelevye/1786/,750Ah,,GEL,Sonnenschein,Dryfit A602/750 Solar,1995,ok,Y,,
1787,"Аккумулятор Sonnenschein Dryfit A602/750 для ИБП (GEL, OPzV, 750Ah)",akkumulyatory/dlya_ibp/gelevye,https://microchips.by/catalog/akkumulyatory/dlya_ibp/gelevye/1787/,750Ah,,GEL,Sonnenschein,Dryfit A602/750,2095,ok,Y,,
1789,"Аккумулятор Sonnenschein Dryfit A602/850 Solar для ИБП (GEL, OPzV, 850Ah)",akkumulyatory/dlya_ibp/gelevye,https://microchips.by/catalog/akkumulyatory/dlya_ibp/gelevye/1789/,850Ah,,GEL,Sonnenschein,Dryfit A602/850 Solar,2270,ok,Y,,
1791,"Аккумулятор Sonnenschein Dryfit A602/1010 для ИБП (GEL, OPzV, 998Ah)",akkumulyatory/dlya_ibp/gelevye,https://microchips.by/catalog/akkumulyatory/dlya_ibp/gelevye/1791/,998Ah,,GEL,Sonnenschein,Dryfit A602/1010,1980,ok,Y,,
1796,"Аккумулятор CSB HR1221W F2 (AGM, 5Ah)",akkumulyatory/dlya_ibp/agm,https://microchips.by/catalog/akkumulyatory/dlya_ibp/agm/1796/,5Ah,,AGM,CSB,HR1221W F2,60,ok,Y,,
1797,"Аккумулятор Ventura GP 12-2.3 (AGM, 2.3Ah)",akkumulyatory/dlya_ibp/agm,https://microchips.by/catalog/akkumulyatory/dlya_ibp/agm/1797/,2.3Ah,,AGM,Ventura,GP 12-2.3,26.8,ok,Y,,
20044,"Аккумулятор Itowa BT3613MH (NiMH, 2000mAh)",akkumulyatory/promyshlennye/dlya-pultov-upravleniya,https://microchips.by/catalog/akkumulyatory/promyshlennye/dlya-pultov-upravleniya/20044/,2000mAh,,NiMH,,,,нет данных в бэкапе,,,
20045,"Аккумулятор Autec MBM06MH (NiMH, 750mAh)",akkumulyatory/promyshlennye/dlya-pultov-upravleniya,https://microchips.by/catalog/akkumulyatory/promyshlennye/dlya-pultov-upravleniya/20045/,750mAh,,NiMH,,,,нет данных в бэкапе,,,
20047,"Аккумулятор ELCA LI-TE (Li-ion, 2200mAh)",akkumulyatory/promyshlennye/dlya-pultov-upravleniya,https://microchips.by/catalog/akkumulyatory/promyshlennye/dlya-pultov-upravleniya/20047/,2200mAh,,Li-ion,,,,нет данных в бэкапе,,,
20049,"Аккумулятор ELCA PINC-07MH (NiMH, 700mAh)",akkumulyatory/promyshlennye/dlya-pultov-upravleniya,https://microchips.by/catalog/akkumulyatory/promyshlennye/dlya-pultov-upravleniya/20049/,700mAh,,NiMH,,,,нет данных в бэкапе,,,
20050,"Аккумулятор ELCA PINC-GEH (NiMH, 1100mAh)",akkumulyatory/promyshlennye/dlya-pultov-upravleniya,https://microchips.by/catalog/akkumulyatory/promyshlennye/dlya-pultov-upravleniya/20050/,1100mAh,,NiMH,,,,нет данных в бэкапе,,,
20051,"Аккумулятор HBC Radiomatic BA225030 / BA225000 (NiMH, 1500mAh)",akkumulyatory/promyshlennye/dlya-pultov-upravleniya,https://microchips.by/catalog/akkumulyatory/promyshlennye/dlya-pultov-upravleniya/20051/,1500mAh,,NiMH,,,,нет данных в бэкапе,,,
20052,"Аккумулятор HBC Radiomatic BA213020 (NiMH, 2100mAh)",akkumulyatory/promyshlennye/dlya-pultov-upravleniya,https://microchips.by/catalog/akkumulyatory/promyshlennye/dlya-pultov-upravleniya/20052/,2100mAh,,NiMH,,,,нет данных в бэкапе,,,
20053,"Аккумулятор HBC Radiomatic BA223030 / BA223000 (NIMH, 2100mAh)",akkumulyatory/promyshlennye/dlya-pultov-upravleniya,https://microchips.by/catalog/akkumulyatory/promyshlennye/dlya-pultov-upravleniya/20053/,2100mAh,,NIMH,,,,нет данных в бэкапе,,,
20055,"Аккумулятор HBC Radiomatic BA214061 (NiMH, 1500mAh)",akkumulyatory/promyshlennye/dlya-pultov-upravleniya,https://microchips.by/catalog/akkumulyatory/promyshlennye/dlya-pultov-upravleniya/20055/,1500mAh,,NiMH,,,,нет данных в бэкапе,,,
20056,"Аккумулятор HBC Radiomatic BA222060 / BA203060 (NiMH, 800mAh)",akkumulyatory/promyshlennye/dlya-pultov-upravleniya,https://microchips.by/catalog/akkumulyatory/promyshlennye/dlya-pultov-upravleniya/20056/,800mAh,,NiMH,,,,нет данных в бэкапе,,,
20057,"Аккумулятор HBC Radiomatic BA209061 / BA209000 (NiMH, 800mAh)",akkumulyatory/promyshlennye/dlya-pultov-upravleniya,https://microchips.by/catalog/akkumulyatory/promyshlennye/dlya-pultov-upravleniya/20057/,800mAh,,NiMH,,,,нет данных в бэкапе,,,
20059,"Аккумулятор HIAB XSDRIVE 4000 (NiMH, 1500mAh)",akkumulyatory/promyshlennye/dlya-pultov-upravleniya,https://microchips.by/catalog/akkumulyatory/promyshlennye/dlya-pultov-upravleniya/20059/,1500mAh,,NiMH,,,,нет данных в бэкапе,,,
20060,"Аккумулятор HIAB HIDRIVE 4000 (NiMH, 1500mAh)",akkumulyatory/promyshlennye/dlya-pultov-upravleniya,https://microchips.by/catalog/akkumulyatory/promyshlennye/dlya-pultov-upravleniya/20060/,1500mAh,,NiMH,,,,нет данных в бэкапе,,,
20061,"Аккумулятор HIAB COMBIDRIVE 5000 (NiMH, 1650mAh)",akkumulyatory/promyshlennye/dlya-pultov-upravleniya,https://microchips.by/catalog/akkumulyatory/promyshlennye/dlya-pultov-upravleniya/20061/,1650mAh,,NiMH,,,,нет данных в бэкапе,,,
20063,"Аккумулятор NBB NANO (NiMH, 1500mAh)",akkumulyatory/promyshlennye/dlya-pultov-upravleniya,https://microchips.by/catalog/akkumulyatory/promyshlennye/dlya-pultov-upravleniya/20063/,1500mAh,,NiMH,,,,нет данных в бэкапе,,,
20064,"Аккумулятор Gross Funk FUA16 (NiMH, 1500mAh)",akkumulyatory/promyshlennye/dlya-pultov-upravleniya,https://microchips.by/catalog/akkumulyatory/promyshlennye/dlya-pultov-upravleniya/20064/,1500mAh,,NiMH,,,,нет данных в бэкапе,,,
20066,"Аккумулятор Gross Funk FUA50 (NiMH, 700mAh)",akkumulyatory/promyshlennye/dlya-pultov-upravleniya,https://microchips.by/catalog/akkumulyatory/promyshlennye/dlya-pultov-upravleniya/20066/,700mAh,,NiMH,,,,нет данных в бэкапе,,,
20067,"Аккумулятор Hetronic 68300900 (NiMH, 2500mAh)",akkumulyatory/promyshlennye/dlya-pultov-upravleniya,https://microchips.by/catalog/akkumulyatory/promyshlennye/dlya-pultov-upravleniya/20067/,2500mAh,,NiMH,,,,нет данных в бэкапе,,,
20069,"Аккумулятор Hetronic 68300510 (NiMH, 600mAh)",akkumulyatory/promyshlennye/dlya-pultov-upravleniya,https://microchips.by/catalog/akkumulyatory/promyshlennye/dlya-pultov-upravleniya/20069/,600mAh,,NiMH,,,,нет данных в бэкапе,,,
20070,"Аккумулятор Hetronic 68303010 (NiMH, 2000mAh)",akkumulyatory/promyshlennye/dlya-pultov-upravleniya,https://microchips.by/catalog/akkumulyatory/promyshlennye/dlya-pultov-upravleniya/20070/,2000mAh,,NiMH,,,,нет данных в бэкапе,,,
20071,"Аккумулятор Autec MH0707L (NiMH, 1300mAh)",akkumulyatory/promyshlennye/dlya-pultov-upravleniya,https://microchips.by/catalog/akkumulyatory/promyshlennye/dlya-pultov-upravleniya/20071/,1300mAh,,NiMH,,,,нет данных в бэкапе,,,
20072,"Аккумулятор Autec NC0707L (NiMH, 700mAh)",akkumulyatory/promyshlennye/dlya-pultov-upravleniya,https://microchips.by/catalog/akkumulyatory/promyshlennye/dlya-pultov-upravleniya/20072/,700mAh,,NiMH,,,,нет данных в бэкапе,,,
20073,"Аккумулятор Autec LBM02MH (NiMH, 1600mAh)",akkumulyatory/promyshlennye/dlya-pultov-upravleniya,https://microchips.by/catalog/akkumulyatory/promyshlennye/dlya-pultov-upravleniya/20073/,1600mAh,,NiMH,,,,нет данных в бэкапе,,,
20074,"Аккумулятор Autec LPM02 (NiMH, 1400mAh)",akkumulyatory/promyshlennye/dlya-pultov-upravleniya,https://microchips.by/catalog/akkumulyatory/promyshlennye/dlya-pultov-upravleniya/20074/,1400mAh,,NiMH,,,,нет данных в бэкапе,,,
20075,"Аккумулятор Autec AIRBM3V7L (Li-Pol, 1300mAh)",akkumulyatory/promyshlennye/dlya-pultov-upravleniya,https://microchips.by/catalog/akkumulyatory/promyshlennye/dlya-pultov-upravleniya/20075/,1300mAh,,Li-Pol,,,,нет данных в бэкапе,,,
20077,"Аккумулятор IKUSI BT24IK (NiMH, 2400mAh)",akkumulyatory/promyshlennye/dlya-pultov-upravleniya,https://microchips.by/catalog/akkumulyatory/promyshlennye/dlya-pultov-upravleniya/20077/,2400mAh,,NiMH,,,,нет данных в бэкапе,,,
20078,"Аккумулятор IKUSI BT06K (NiMH, 600mAh)",akkumulyatory/promyshlennye/dlya-pultov-upravleniya,https://microchips.by/catalog/akkumulyatory/promyshlennye/dlya-pultov-upravleniya/20078/,600mAh,,NiMH,,,,нет данных в бэкапе,,,
20079,"Аккумулятор IKUSI BT06 (NiMH, 600mAh)",akkumulyatory/promyshlennye/dlya-pultov-upravleniya,https://microchips.by/catalog/akkumulyatory/promyshlennye/dlya-pultov-upravleniya/20079/,600mAh,,NiMH,,,,нет данных в бэкапе,,,
20080,"Аккумулятор IKUSI BT12 (NiMH, 1300mAh)",akkumulyatory/promyshlennye/dlya-pultov-upravleniya,https://microchips.by/catalog/akkumulyatory/promyshlennye/dlya-pultov-upravleniya/20080/,1300mAh,,NiMH,,,,нет данных в бэкапе,,,
20082,"Аккумулятор Scanreco 960 (NiMH, 2000mAh)",akkumulyatory/promyshlennye/dlya-pultov-upravleniya,https://microchips.by/catalog/akkumulyatory/promyshlennye/dlya-pultov-upravleniya/20082/,2000mAh,,NiMH,,,,нет данных в бэкапе,,,
20084,"Аккумулятор IMET BE5500 (NiMH, 1700mAh)",akkumulyatory/promyshlennye/dlya-pultov-upravleniya,https://microchips.by/catalog/akkumulyatory/promyshlennye/dlya-pultov-upravleniya/20084/,1700mAh,,NiMH,,,,нет данных в бэкапе,,,
20085,"Аккумулятор CS-MBE500BL (NiMH, 2000mAh)",akkumulyatory/promyshlennye/dlya-pultov-upravleniya,https://microchips.by/catalog/akkumulyatory/promyshlennye/dlya-pultov-upravleniya/20085/,2000mAh,,NiMH,,,,нет данных в бэкапе,,,
20086,"Аккумулятор Schwing AK2 (NiMH, 2100mAh)",akkumulyatory/promyshlennye/dlya-pultov-upravleniya,https://microchips.by/catalog/akkumulyatory/promyshlennye/dlya-pultov-upravleniya/20086/,2100mAh,,NiMH,,,,нет данных в бэкапе,,,
20088,"Аккумулятор APC RBC7 (AGM, 17Ah)",akkumulyatory/dlya_ibp/agm,https://microchips.by/catalog/akkumulyatory/dlya_ibp/agm/20088/,17Ah,,AGM,APC,RBC7,1590.6,ok,Y,,
20090,"Аккумулятор APC RBC43 (AGM, 5Ah)",akkumulyatory/dlya_ibp/agm,https://microchips.by/catalog/akkumulyatory/dlya_ibp/agm/20090/,5Ah,,AGM,APC,RBC43,2345.3,ok,Y,,
20091,"Аккумулятор APC RBC4 (AGM, 12Ah)",akkumulyatory/dlya_ibp/agm,https://microchips.by/catalog/akkumulyatory/dlya_ibp/agm/20091/,12Ah,,AGM,APC,RBC4,455.3,ok,Y,,
20092,"Аккумулятор APC RBC2 (AGM, 7Ah)",akkumulyatory/dlya_ibp/agm,https://microchips.by/catalog/akkumulyatory/dlya_ibp/agm/20092/,7Ah,,AGM,APC,RBC2,285.6,ok,Y,,
20093,"Аккумулятор APC RBC143 (AGM, 5Ah)",akkumulyatory/dlya_ibp/agm,https://microchips.by/catalog/akkumulyatory/dlya_ibp/agm/20093/,5Ah,,AGM,APC,RBC143,1765.7,ok,Y,,
20094,"Аккумулятор APC RBC110 (AGM, 7Ah)",akkumulyatory/dlya_ibp/agm,https://microchips.by/catalog/akkumulyatory/dlya_ibp/agm/20094/,7Ah,,AGM,APC,RBC110,348.9,ok,Y,,
20095,"Аккумулятор APC RBC6 (AGM, 12Ah)",akkumulyatory/dlya_ibp/agm,https://microchips.by/catalog/akkumulyatory/dlya_ibp/agm/20095/,12Ah,,AGM,APC,RBC6,1230.4,ok,Y,,
20096,"Аккумулятор APC RBC55 (AGM, 17Ah)",akkumulyatory/dlya_ibp/agm,https://microchips.by/catalog/akkumulyatory/dlya_ibp/agm/20096/,17Ah,,AGM,APC,RBC55,2035.3,ok,Y,,
20097,"Аккумулятор APC RBC48 (AGM, 7Ah)",akkumulyatory/dlya_ibp/agm,https://microchips.by/catalog/akkumulyatory/dlya_ibp/agm/20097/,7Ah,,AGM,APC,RBC48,556.8,ok,Y,,
20098,"Аккумулятор APC RBC34 (AGM, 9Ah)",akkumulyatory/dlya_ibp/agm,https://microchips.by/catalog/akkumulyatory/dlya_ibp/agm/20098/,9Ah,,AGM,APC,RBC34,1230.1,ok,Y,,
20099,"Аккумулятор APC RBC22 (AGM, 7Ah)",akkumulyatory/dlya_ibp/agm,https://microchips.by/catalog/akkumulyatory/dlya_ibp/agm/20099/,7Ah,,AGM,APC,RBC22,705.3,ok,Y,,
20100,"Аккумулятор APC RBC17 (AGM, 9Ah)",akkumulyatory/dlya_ibp/agm,https://microchips.by/catalog/akkumulyatory/dlya_ibp/agm/20100/,9Ah,,AGM,APC,RBC17,298.8,ok,Y,,
20101,"Аккумулятор APC RBC140 (AGM, 5.5Ah)",akkumulyatory/dlya_ibp/agm,https://microchips.by/catalog/akkumulyatory/dlya_ibp/agm/20101/,5.5Ah,,AGM,APC,RBC140,3600.1,ok,Y,,
20102,"Аккумулятор APC RBC124 (AGM, 9Ah)",akkumulyatory/dlya_ibp/agm,https://microchips.by/catalog/akkumulyatory/dlya_ibp/agm/20102/,9Ah,,AGM,APC,RBC124,426.9,ok,Y,,
20103,"Аккумулятор APC RBC123 (AGM, 7Ah)",akkumulyatory/dlya_ibp/agm,https://microchips.by/catalog/akkumulyatory/dlya_ibp/agm/20103/,7Ah,,AGM,APC,RBC123,380.85,ok,Y,,
20104,"Аккумулятор APC RBC106 (AGM, 6Ah)",akkumulyatory/dlya_ibp/agm,https://microchips.by/catalog/akkumulyatory/dlya_ibp/agm/20104/,6Ah,,AGM,APC,RBC106,254.8,ok,Y,,
20105,"Аккумулятор APC RBC105 (AGM, 72Ah)",akkumulyatory/dlya_ibp/agm,https://microchips.by/catalog/akkumulyatory/dlya_ibp/agm/20105/,72Ah,,AGM,APC,RBC105,2230.8,ok,Y,,
20108,"Аккумулятор Delta DT 4045 (47) (AGM, 4.5Ah)",akkumulyatory/dlya_ibp/agm,https://microchips.by/catalog/akkumulyatory/dlya_ibp/agm/20108/,4.5Ah,,AGM,Delta,DT 4045,19.2,ok,Y,,
20109,"Аккумулятор Delta DT 12008 (T13) (AGM, 0.8Ah)",akkumulyatory/dlya_ibp/agm,https://microchips.by/catalog/akkumulyatory/dlya_ibp/agm/20109/,0.8Ah,,AGM,Delta,DT 12008,29.7,ok,Y,,
20110,"Аккумулятор Delta DT 12008 (T9) (AGM, 0.8Ah)",akkumulyatory/dlya_ibp/agm,https://microchips.by/catalog/akkumulyatory/dlya_ibp/agm/20110/,0.8Ah,,AGM,Delta,DT 12008,27.3,ok,Y,,
20111,"Аккумулятор Delta DTM 1233 I (AGM, 33Ah)",akkumulyatory/dlya_ibp/agm,https://microchips.by/catalog/akkumulyatory/dlya_ibp/agm/20111/,33Ah,,AGM,Delta,DTM 1233 I,278.5,ok,Y,,
20112,"Аккумулятор Delta DTM 1240 I (AGM, 40Ah)",akkumulyatory/dlya_ibp/agm,https://microchips.by/catalog/akkumulyatory/dlya_ibp/agm/20112/,40Ah,,AGM,Delta,DTM 1240 I,330.9,ok,Y,,
20113,"Аккумулятор Delta DTM 1255 I (AGM, 55Ah)",akkumulyatory/dlya_ibp/agm,https://microchips.by/catalog/akkumulyatory/dlya_ibp/agm/20113/,55Ah,,AGM,Delta,DTM 1255 I,325.8,ok,Y,,
20114,"Аккумулятор Delta DTM 1265 I (AGM, 65Ah)",akkumulyatory/dlya_ibp/agm,https://microchips.by/catalog/akkumulyatory/dlya_ibp/agm/20114/,65Ah,,AGM,Delta,DTM 1265 I,470,ok,Y,,
20115,"Аккумулятор Delta DTM 1275 I (AGM, 75Ah)",akkumulyatory/dlya_ibp/agm,https://microchips.by/catalog/akkumulyatory/dlya_ibp/agm/20115/,75Ah,,AGM,Delta,DTM 1275 I,,zero_or_invalid,Y,,
20116,"Аккумулятор Delta DTM 12100 I (AGM, 100Ah)",akkumulyatory/dlya_ibp/agm,https://microchips.by/catalog/akkumulyatory/dlya_ibp/agm/20116/,100Ah,,AGM,Delta,DTM 12100 I,745,ok,Y,,
20117,"Аккумулятор DTM 12120 I (AGM, 120Ah)",akkumulyatory/dlya_ibp/agm,https://microchips.by/catalog/akkumulyatory/dlya_ibp/agm/20117/,120Ah,,AGM,DTM,12120 I,820,ok,Y,,
20118,"Аккумулятор Delta DTM 12150 I (AGM, 150Ah)",akkumulyatory/dlya_ibp/agm,https://microchips.by/catalog/akkumulyatory/dlya_ibp/agm/20118/,150Ah,,AGM,Delta,DTM 12150 I,950,ok,Y,,
20119,"Аккумулятор Delta DTM 12200 I (AGM, 200Ah)",akkumulyatory/dlya_ibp/agm,https://microchips.by/catalog/akkumulyatory/dlya_ibp/agm/20119/,200Ah,,AGM,Delta,DTM 12200 I,1165,ok,Y,,
20120,"Аккумулятор Delta DTM 12250 I (AGM, 250Ah)",akkumulyatory/dlya_ibp/agm,https://microchips.by/catalog/akkumulyatory/dlya_ibp/agm/20120/,250Ah,,AGM,Delta,DTM 12250 I,1280,ok,Y,,
20121,"Аккумулятор Delta HR 6-15 (AGM, 15Ah)",akkumulyatory/dlya_ibp/agm,https://microchips.by/catalog/akkumulyatory/dlya_ibp/agm/20121/,15Ah,,AGM,Delta,HR 6-15,55,ok,Y,,
20122,"Аккумулятор Delta HR 12-15 (AGM, 15Ah)",akkumulyatory/dlya_ibp/agm,https://microchips.by/catalog/akkumulyatory/dlya_ibp/agm/20122/,15Ah,,AGM,Delta,HR 12-15,109,ok,Y,,
20123,"Аккумулятор Delta 12-26 (AGM, 26Ah)",akkumulyatory/dlya_ibp/agm,https://microchips.by/catalog/akkumulyatory/dlya_ibp/agm/20123/,26Ah,,AGM,Delta,12-26,287,ok,Y,,
20124,"Аккумулятор Delta HR 12-40 (AGM, 40Ah)",akkumulyatory/dlya_ibp/agm,https://microchips.by/catalog/akkumulyatory/dlya_ibp/agm/20124/,40Ah,,AGM,Delta,HR 12-40,390,ok,Y,,
20125,"Аккумулятор Delta HR 12-65 (AGM, 65Ah)",akkumulyatory/dlya_ibp/agm,https://microchips.by/catalog/akkumulyatory/dlya_ibp/agm/20125/,65Ah,,AGM,Delta,HR 12-65,605,ok,Y,,
20126,"Аккумулятор Delta HR 12-100 (AGM, 100Ah)",akkumulyatory/dlya_ibp/agm,https://microchips.by/catalog/akkumulyatory/dlya_ibp/agm/20126/,100Ah,,AGM,Delta,HR 12-100,708,ok,Y,,
20127,"Аккумулятор Delta CGD 1208 (AGM, 8Ah)",akkumulyatory/dlya_ibp/agm,https://microchips.by/catalog/akkumulyatory/dlya_ibp/agm/20127/,8Ah,,AGM,Delta,CGD 1208,60.3,ok,Y,,
20128,"Аккумулятор Delta CGD 1212 (AGM, 12Ah)",akkumulyatory/dlya_ibp/agm,https://microchips.by/catalog/akkumulyatory/dlya_ibp/agm/20128/,12Ah,,AGM,Delta,CGD 1212,122,ok,Y,,
20129,"Аккумулятор Delta CGD 1233 (AGM, 33Ah)",akkumulyatory/dlya_ibp/agm,https://microchips.by/catalog/akkumulyatory/dlya_ibp/agm/20129/,33Ah,,AGM,Delta,CGD 1233,237,ok,Y,,
20130,"Аккумулятор Delta CGD 1255 (AGM, 55Ah)",akkumulyatory/dlya_ibp/agm,https://microchips.by/catalog/akkumulyatory/dlya_ibp/agm/20130/,55Ah,,AGM,Delta,CGD 1255,486,ok,Y,,
20131,"Аккумулятор Delta CGD 12100 (AGM, 100Ah)",akkumulyatory/dlya_ibp/agm,https://microchips.by/catalog/akkumulyatory/dlya_ibp/agm/20131/,100Ah,,AGM,Delta,CGD 12100,750,ok,Y,,
20132,"Аккумулятор Delta CGD 12200 (AGM, 200Ah)",akkumulyatory/dlya_ibp/agm,https://microchips.by/catalog/akkumulyatory/dlya_ibp/agm/20132/,200Ah,,AGM,Delta,CGD 12200,1120,ok,Y,,
20133,"Аккумулятор Delta HRL 12-180 X (AGM, 180Ah)",akkumulyatory/dlya_ibp/agm,https://microchips.by/catalog/akkumulyatory/dlya_ibp/agm/20133/,180Ah,,AGM,Delta,HRL 12-180 X,2180,ok,Y,,
20134,"Аккумулятор Delta HRL 12-7.2 X (AGM, 7.2Ah)",akkumulyatory/dlya_ibp/agm,https://microchips.by/catalog/akkumulyatory/dlya_ibp/agm/20134/,7.2Ah,,AGM,Delta,HRL 12-7.2 X,68,ok,Y,,
20135,"Аккумулятор HRL 12-9 (1234W) X (AGM, 9 Ah)",akkumulyatory/dlya_ibp/agm,https://microchips.by/catalog/akkumulyatory/dlya_ibp/agm/20135/,9 Ah,,AGM,HRL,12-9 X,76.7,ok,Y,,
20136,"Аккумулятор Delta HRL 12-12 X (AGM, 12Ah)",akkumulyatory/dlya_ibp/agm,https://microchips.by/catalog/akkumulyatory/dlya_ibp/agm/20136/,12Ah,,AGM,Delta,HRL 12-12 X,110.2,ok,Y,,
20137,"Аккумулятор HRL 12-18 X (AGM, 18Ah)",akkumulyatory/dlya_ibp/agm,https://microchips.by/catalog/akkumulyatory/dlya_ibp/agm/20137/,18Ah,,AGM,HRL,12-18 X,140,ok,Y,,
20138,"Аккумулятор Delta HRL 12-26 X (AGM, 26Ah)",akkumulyatory/dlya_ibp/agm,https://microchips.by/catalog/akkumulyatory/dlya_ibp/agm/20138/,26Ah,,AGM,Delta,HRL 12-26 X,268.8,ok,Y,,
20139,"Аккумулятор Delta HRL 12-33 X (AGM, 33Ah)",akkumulyatory/dlya_ibp/agm,https://microchips.by/catalog/akkumulyatory/dlya_ibp/agm/20139/,33Ah,,AGM,Delta,HRL 12-33 X,330,ok,Y,,
20140,"Аккумулятор Delta HRL 12-45 X (AGM, 45Ah)",akkumulyatory/dlya_ibp/agm,https://microchips.by/catalog/akkumulyatory/dlya_ibp/agm/20140/,45Ah,,AGM,Delta,HRL 12-45 X,431.7,ok,Y,,
20141,"Аккумулятор Delta HRL 12-55 X (AGM, 55Ah)",akkumulyatory/dlya_ibp/agm,https://microchips.by/catalog/akkumulyatory/dlya_ibp/agm/20141/,55Ah,,AGM,Delta,HRL 12-55 X,,zero_or_invalid,Y,,
20142,"Аккумулятор Delta HRL 12-65 X (AGM, 65Ah)",akkumulyatory/dlya_ibp/agm,https://microchips.by/catalog/akkumulyatory/dlya_ibp/agm/20142/,65Ah,,AGM,Delta,HRL 12-65 X,650.4,ok,Y,,
20143,"Аккумулятор Delta HRL 12-75 X (AGM, 75Ah)",akkumulyatory/dlya_ibp/agm,https://microchips.by/catalog/akkumulyatory/dlya_ibp/agm/20143/,75Ah,,AGM,Delta,HRL 12-75 X,763.5,ok,Y,,
20144,"Аккумулятор Delta HRL 12-80 X (AGM, 80Ah)",akkumulyatory/dlya_ibp/agm,https://microchips.by/catalog/akkumulyatory/dlya_ibp/agm/20144/,80Ah,,AGM,Delta,HRL 12-80 X,790.8,ok,Y,,
20145,"Аккумулятор Delta HRL 12-90 X (AGM, 90Ah)",akkumulyatory/dlya_ibp/agm,https://microchips.by/catalog/akkumulyatory/dlya_ibp/agm/20145/,90Ah,,AGM,Delta,HRL 12-90 X,872.6,ok,Y,,
20146,"Аккумулятор Delta HRL 12-100 X (AGM, 100Ah)",akkumulyatory/dlya_ibp/agm,https://microchips.by/catalog/akkumulyatory/dlya_ibp/agm/20146/,100Ah,,AGM,Delta,HRL 12-100 X,918.1,ok,Y,,
20147,"Аккумулятор Delta HRL 12-140 X (AGM, 140Ah)",akkumulyatory/dlya_ibp/agm,https://microchips.by/catalog/akkumulyatory/dlya_ibp/agm/20147/,140Ah,,AGM,Delta,HRL 12-140 X,980.5,ok,Y,,
20148,"Аккумулятор Delta FT 12-50 M (AGM, 50Ah)",akkumulyatory/dlya_ibp/agm,https://microchips.by/catalog/akkumulyatory/dlya_ibp/agm/20148/,50Ah,,AGM,Delta,FT 12-50 M,501.75,ok,Y,,
20149,"Аккумулятор Delta FT 12-100 M (AGM, 100Ah)",akkumulyatory/dlya_ibp/agm,https://microchips.by/catalog/akkumulyatory/dlya_ibp/agm/20149/,100Ah,,AGM,Delta,FT 12-100 M,774.45,ok,Y,,
20150,"Аккумулятор Delta FT 12-105 M (AGM, 105Ah)",akkumulyatory/dlya_ibp/agm,https://microchips.by/catalog/akkumulyatory/dlya_ibp/agm/20150/,105Ah,,AGM,Delta,FT 12-105 M,880.8,ok,Y,,
20151,"Аккумулятор Delta FT 12-125 M (AGM, 125Ah)",akkumulyatory/dlya_ibp/agm,https://microchips.by/catalog/akkumulyatory/dlya_ibp/agm/20151/,125Ah,,AGM,Delta,FT 12-125 M,957.7,ok,Y,,
20152,"Аккумулятор Delta FT 12-150 M (AGM, 150Ah)",akkumulyatory/dlya_ibp/agm,https://microchips.by/catalog/akkumulyatory/dlya_ibp/agm/20152/,150Ah,,AGM,Delta,FT 12-150 M,1240.5,ok,Y,,
20153,"Аккумулятор Delta FT 12-180 M (AGM, 180Ah)",akkumulyatory/dlya_ibp/agm,https://microchips.by/catalog/akkumulyatory/dlya_ibp/agm/20153/,180Ah,,AGM,Delta,FT 12-180 M,1320.6,ok,Y,,
20154,"Аккумулятор Delta XPERT HRL 12-980 W (AGM, 220Ah)",akkumulyatory/dlya_ibp/agm,https://microchips.by/catalog/akkumulyatory/dlya_ibp/agm/20154/,220Ah,,AGM,Delta,XPERT HRL 12-980 W,1308.9,ok,Y,,
20155,"Аккумулятор Delta XPERT HRL 12-830 W (AGM, 192Ah)",akkumulyatory/dlya_ibp/agm,https://microchips.by/catalog/akkumulyatory/dlya_ibp/agm/20155/,192Ah,,AGM,Delta,XPERT HRL 12-830 W,1230.1,ok,Y,,
20156,"Аккумулятор Delta XPERT HRL 12-670 W (AGM, 150Ah)",akkumulyatory/dlya_ibp/agm,https://microchips.by/catalog/akkumulyatory/dlya_ibp/agm/20156/,150Ah,,AGM,Delta,XPERT HRL 12-670 W,1040.2,ok,Y,,
20157,"Аккумулятор Delta XPERT HRL 12-630 W (AGM, 140Ah)",akkumulyatory/dlya_ibp/agm,https://microchips.by/catalog/akkumulyatory/dlya_ibp/agm/20157/,140Ah,,AGM,Delta,XPERT HRL 12-630 W,954.4,ok,Y,,
20158,"Аккумулятор Delta XPERT HRL 12-570 W (AGM, 120Ah)",akkumulyatory/dlya_ibp/agm,https://microchips.by/catalog/akkumulyatory/dlya_ibp/agm/20158/,120Ah,,AGM,Delta,XPERT HRL 12-570 W,895.8,ok,Y,,
20159,"Аккумулятор Delta XPERT HRL 12-480 W (AGM, 100Ah)",akkumulyatory/dlya_ibp/agm,https://microchips.by/catalog/akkumulyatory/dlya_ibp/agm/20159/,100Ah,,AGM,Delta,XPERT HRL 12-480 W,820,ok,Y,,
20160,"Аккумулятор Delta XPERT HRL 12-460 W (AGM, 90Ah)",akkumulyatory/dlya_ibp/agm,https://microchips.by/catalog/akkumulyatory/dlya_ibp/agm/20160/,90Ah,,AGM,Delta,XPERT HRL 12-460 W,736.2,ok,Y,,
20161,"Аккумулятор Delta XPERT HRL 12-350 W (AGM, 75Ah)",akkumulyatory/dlya_ibp/agm,https://microchips.by/catalog/akkumulyatory/dlya_ibp/agm/20161/,75Ah,,AGM,Delta,XPERT HRL 12-350 W,630.2,ok,Y,,
20162,"Аккумулятор Delta XPERT HRL 12-170W (AGM, 33Ah)",akkumulyatory/dlya_ibp/agm,https://microchips.by/catalog/akkumulyatory/dlya_ibp/agm/20162/,33Ah,,AGM,Delta,XPERT HRL 12-170W,226.3,ok,Y,,
20163,"Аккумулятор Delta XPERT HRL 12-890 W (AGM, 200Ah)",akkumulyatory/dlya_ibp/agm,https://microchips.by/catalog/akkumulyatory/dlya_ibp/agm/20163/,200Ah,,AGM,Delta,XPERT HRL 12-890 W,1230,ok,Y,,
20164,"Аккумулятор Delta XPERT HRL 12-650 W (AGM, 150Ah)",akkumulyatory/dlya_ibp/agm,https://microchips.by/catalog/akkumulyatory/dlya_ibp/agm/20164/,150Ah,,AGM,Delta,XPERT HRL 12-650 W,1150.5,ok,Y,,
20165,"Аккумулятор Delta XPERT HRL 12-600 W (AGM, 134Ah)",akkumulyatory/dlya_ibp/agm,https://microchips.by/catalog/akkumulyatory/dlya_ibp/agm/20165/,134Ah,,AGM,Delta,XPERT HRL 12-600 W,1020.3,ok,Y,,
20166,"Аккумулятор Delta XPERT HRL 12-560 W (AGM, 120Ah)",akkumulyatory/dlya_ibp/agm,https://microchips.by/catalog/akkumulyatory/dlya_ibp/agm/20166/,120Ah,,AGM,Delta,XPERT HRL 12-560 W,974.5,ok,Y,,
20167,"Аккумулятор Delta XPERT HRL 12-420 W (AGM, 90 Ah)",akkumulyatory/dlya_ibp/agm,https://microchips.by/catalog/akkumulyatory/dlya_ibp/agm/20167/,90 Ah,,AGM,Delta,XPERT HRL 12-420 W,836.9,ok,Y,,
20168,"Аккумулятор Delta XPERT HRL 12-370 W (AGM, 80 Ah)",akkumulyatory/dlya_ibp/agm,https://microchips.by/catalog/akkumulyatory/dlya_ibp/agm/20168/,80 Ah,,AGM,Delta,XPERT HRL 12-370 W,695.2,ok,Y,,
20169,"Аккумулятор Delta XPERT HRL 12-320 W (AGM, 75Ah)",akkumulyatory/dlya_ibp/agm,https://microchips.by/catalog/akkumulyatory/dlya_ibp/agm/20169/,75Ah,,AGM,Delta,XPERT HRL 12-320 W,648.1,ok,Y,,
20170,"Аккумулятор Delta XPERT HRL 12-260W (AGM, 55Ah)",akkumulyatory/dlya_ibp/agm,https://microchips.by/catalog/akkumulyatory/dlya_ibp/agm/20170/,55Ah,,AGM,Delta,XPERT HRL 12-260W,,zero_or_invalid,Y,,
20171,"Аккумулятор Delta XPERT HRL 12-211 W (AGM, 45Ah)",akkumulyatory/dlya_ibp/agm,https://microchips.by/catalog/akkumulyatory/dlya_ibp/agm/20171/,45Ah,,AGM,Delta,XPERT HRL 12-211 W,498.3,ok,Y,,
20172,"Аккумулятор Delta XPERT HRL 12-155 W (AGM, 28Ah)",akkumulyatory/dlya_ibp/agm,https://microchips.by/catalog/akkumulyatory/dlya_ibp/agm/20172/,28Ah,,AGM,Delta,XPERT HRL 12-155 W,413.2,ok,Y,,
20173,"Аккумулятор Delta XPERT FTS 12-50 X (AGM, 50Ah)",akkumulyatory/dlya_ibp/agm,https://microchips.by/catalog/akkumulyatory/dlya_ibp/agm/20173/,50Ah,,AGM,Delta,XPERT FTS 12-50 X,620.3,ok,Y,,
20174,"Аккумулятор Delta XPERT FTS 12-80 X (AGM, 80Ah)",akkumulyatory/dlya_ibp/agm,https://microchips.by/catalog/akkumulyatory/dlya_ibp/agm/20174/,80Ah,,AGM,Delta,XPERT FTS 12-80 X,755.8,ok,Y,,
20175,"Аккумулятор Delta XPERT FTS 12-100 X (AGM, 100Ah)",akkumulyatory/dlya_ibp/agm,https://microchips.by/catalog/akkumulyatory/dlya_ibp/agm/20175/,100Ah,,AGM,Delta,XPERT FTS 12-100 X,874.3,ok,Y,,
20176,"Аккумулятор Delta XPERT FTS 12-105 X (AGM, 105Ah)",akkumulyatory/dlya_ibp/agm,https://microchips.by/catalog/akkumulyatory/dlya_ibp/agm/20176/,105Ah,,AGM,Delta,XPERT FTS 12-105 X,915,ok,Y,,
20177,"Аккумулятор Delta XPERT FTS 12-125 X (AGM, 125Ah)",akkumulyatory/dlya_ibp/agm,https://microchips.by/catalog/akkumulyatory/dlya_ibp/agm/20177/,125Ah,,AGM,Delta,XPERT FTS 12-125 X,1035.6,ok,Y,,
20178,"Аккумулятор Delta XPERT FTS 12-140 X (AGM, 140Ah)",akkumulyatory/dlya_ibp/agm,https://microchips.by/catalog/akkumulyatory/dlya_ibp/agm/20178/,140Ah,,AGM,Delta,XPERT FTS 12-140 X,1115.5,ok,Y,,
20179,"Аккумулятор Delta XPERT FTS 12-150 X (AGM, 150Ah)",akkumulyatory/dlya_ibp/agm,https://microchips.by/catalog/akkumulyatory/dlya_ibp/agm/20179/,150Ah,,AGM,Delta,XPERT FTS 12-150 X,1250,ok,Y,,
20180,"Аккумулятор Delta XPERT FTS 12-180 X (AGM, 180Ah)",akkumulyatory/dlya_ibp/agm,https://microchips.by/catalog/akkumulyatory/dlya_ibp/agm/20180/,180Ah,,AGM,Delta,XPERT FTS 12-180 X,1410,ok,Y,,
20181,"Аккумулятор Delta XPERT STC 100 (AGM, 100Ah)",akkumulyatory/dlya_ibp/agm,https://microchips.by/catalog/akkumulyatory/dlya_ibp/agm/20181/,100Ah,,AGM,Delta,XPERT STC 100,368,ok,Y,,
20182,"Аккумулятор Delta XPERT STC 150 (AGM, 150Ah)",akkumulyatory/dlya_ibp/agm,https://microchips.by/catalog/akkumulyatory/dlya_ibp/agm/20182/,150Ah,,AGM,Delta,XPERT STC 150,420,ok,Y,,
20183,"Аккумулятор Delta XPERT STC 200 (AGM, 200Ah)",akkumulyatory/dlya_ibp/agm,https://microchips.by/catalog/akkumulyatory/dlya_ibp/agm/20183/,200Ah,,AGM,Delta,XPERT STC 200,495,ok,Y,,
20184,"Аккумулятор Delta XPERT STC 300 (AGM, 300Ah)",akkumulyatory/dlya_ibp/agm,https://microchips.by/catalog/akkumulyatory/dlya_ibp/agm/20184/,300Ah,,AGM,Delta,XPERT STC 300,576,ok,Y,,
20185,"Аккумулятор Delta XPERT STC 400 (AGM, 400Ah)",akkumulyatory/dlya_ibp/agm,https://microchips.by/catalog/akkumulyatory/dlya_ibp/agm/20185/,400Ah,,AGM,Delta,XPERT STC 400,632,ok,Y,,
20186,"Аккумулятор Delta XPERT STC 500 (AGM, 500Ah)",akkumulyatory/dlya_ibp/agm,https://microchips.by/catalog/akkumulyatory/dlya_ibp/agm/20186/,500Ah,,AGM,Delta,XPERT STC 500,796,ok,Y,,
20187,"Аккумулятор Delta XPERT STC 600 (AGM, 600Ah)",akkumulyatory/dlya_ibp/agm,https://microchips.by/catalog/akkumulyatory/dlya_ibp/agm/20187/,600Ah,,AGM,Delta,XPERT STC 600,968,ok,Y,,
20188,"Аккумулятор Delta XPERT STC 800 (AGM, 800Ah)",akkumulyatory/dlya_ibp/agm,https://microchips.by/catalog/akkumulyatory/dlya_ibp/agm/20188/,800Ah,,AGM,Delta,XPERT STC 800,1184,ok,Y,,
20189,"Аккумулятор Delta XPERT SRC 1000 (AGM, 1000Ah)",akkumulyatory/dlya_ibp/agm,https://microchips.by/catalog/akkumulyatory/dlya_ibp/agm/20189/,1000Ah,,AGM,Delta,XPERT SRC 1000,1596,ok,Y,,
20190,"Аккумулятор Delta XPERT STC 1500 (AGM, 1500Ah)",akkumulyatory/dlya_ibp/agm,https://microchips.by/catalog/akkumulyatory/dlya_ibp/agm/20190/,1500Ah,,AGM,Delta,XPERT STC 1500,2130,ok,Y,,
20191,"Аккумулятор Delta XPERT STC 2000 (AGM, 2000Ah)",akkumulyatory/dlya_ibp/agm,https://microchips.by/catalog/akkumulyatory/dlya_ibp/agm/20191/,2000Ah,,AGM,Delta,XPERT STC 2000,2780,ok,Y,,
20192,"Аккумулятор Delta XPERT STC 3000 (AGM, 3000Ah)",akkumulyatory/dlya_ibp/agm,https://microchips.by/catalog/akkumulyatory/dlya_ibp/agm/20192/,3000Ah,,AGM,Delta,XPERT STC 3000,3430,ok,Y,,
2239,Батарея Ni-Mh ВТ06К- АТЕХ,akkumulyatory/promyshlennye/dlya_ratsiy,https://microchips.by/catalog/akkumulyatory/promyshlennye/dlya_ratsiy/2239/,,,,,,,нет данных в бэкапе,,,
2260,"Аккумулятор Fiamm FG20086 (AGM, 0.8Ah)",akkumulyatory/dlya_ibp/agm,https://microchips.by/catalog/akkumulyatory/dlya_ibp/agm/2260/,0.8Ah,,AGM,Fiamm,FG20086,37.5,ok,Y,,
2261,"Батарея аккумуляторная 10НКГЦ- 0,9 (НИАИ)",akkumulyatory/promyshlennye/dlya_rezervnogo_pitaniya,https://microchips.by/catalog/akkumulyatory/promyshlennye/dlya_rezervnogo_pitaniya/2261/,,,,НИАИ,"10НКГЦ- 0,9",,missing,Y,,
2264,"Батарея аккумуляторная 10НКГЦ- 1,3-2",akkumulyatory/promyshlennye/dlya_rezervnogo_pitaniya,https://microchips.by/catalog/akkumulyatory/promyshlennye/dlya_rezervnogo_pitaniya/2264/,,,,,"10НКГЦ- 1,3-2",,missing,Y,,
2266,"Батарея аккумуляторная 10НКГЦ- 1,8-2",akkumulyatory/promyshlennye/dlya_ratsiy,https://microchips.by/catalog/akkumulyatory/promyshlennye/dlya_ratsiy/2266/,,,,,,,нет данных в бэкапе,,,
2271,"Батарея аккумуляторная 10НКГЦ- 3,5-2",akkumulyatory/promyshlennye/dlya_ratsiy,https://microchips.by/catalog/akkumulyatory/promyshlennye/dlya_ratsiy/2271/,,,,,,,нет данных в бэкапе,,,
2273,Батарея аккумуляторная 10НКГЦ- 6-2,akkumulyatory/promyshlennye/dlya_rezervnogo_pitaniya,https://microchips.by/catalog/akkumulyatory/promyshlennye/dlya_rezervnogo_pitaniya/2273/,,,,,10НКГЦ- 6-2,,missing,Y,,
2276,"Аккумулятор 112FL-350 M (112ТНЖ-350-У5) (NiFe, 350Ah)",akkumulyatory/promyshlennye/zhelezo-nikelevye,https://microchips.by/catalog/akkumulyatory/promyshlennye/zhelezo-nikelevye/2276/,350Ah,,,,,,нет данных в бэкапе,,,
2277,"Аккумулятор 112FL-500 M (112ТНЖIII-500-У5) (NiFe, 500Ah)",akkumulyatory/promyshlennye/zhelezo-nikelevye,https://microchips.by/catalog/akkumulyatory/promyshlennye/zhelezo-nikelevye/2277/,500Ah,,,,,,нет данных в бэкапе,,,
2278,"Аккумулятор 28FL-250 P (28ТНЖ-250П-У2) (NiFe, 250Ah)",akkumulyatory/promyshlennye/zhelezo-nikelevye,https://microchips.by/catalog/akkumulyatory/promyshlennye/zhelezo-nikelevye/2278/,250Ah,,,,,,нет данных в бэкапе,,,
2279,"Батарея аккумуляторная 2ЛИА- 1,6",akkumulyatory/promyshlennye/dlya_ratsiy,https://microchips.by/catalog/akkumulyatory/promyshlennye/dlya_ratsiy/2279/,,,,,,,нет данных в бэкапе,,,
2280,Батарея аккумуляторная 2ЛИА- 3,akkumulyatory/promyshlennye/dlya_ratsiy,https://microchips.by/catalog/akkumulyatory/promyshlennye/dlya_ratsiy/2280/,,,,,,,нет данных в бэкапе,,,
2281,Батарея аккумуляторная 2ЛИА- 4-1,akkumulyatory/promyshlennye/dlya_ratsiy,https://microchips.by/catalog/akkumulyatory/promyshlennye/dlya_ratsiy/2281/,,,,,,,нет данных в бэкапе,,,
2282,Батарея аккумуляторная 2ЛИА- 4-2,akkumulyatory/promyshlennye/dlya_ratsiy,https://microchips.by/catalog/akkumulyatory/promyshlennye/dlya_ratsiy/2282/,,,,,,,нет данных в бэкапе,,,
2284,Батарея аккумуляторная 2ЛИА-12,akkumulyatory/promyshlennye/dlya_ratsiy,https://microchips.by/catalog/akkumulyatory/promyshlennye/dlya_ratsiy/2284/,,,,,,,нет данных в бэкапе,,,
2285,"Аккумулятор 30FL-250 P (30ТНЖ-250П-У2) (NiFe, 250Ah)",akkumulyatory/promyshlennye/zhelezo-nikelevye,https://microchips.by/catalog/akkumulyatory/promyshlennye/zhelezo-nikelevye/2285/,250Ah,,,,,,нет данных в бэкапе,,,
2286,"Аккумулятор 34FL-300 ВМP (34ТНЖ-300 ВМП-У2) (NiFe, 300Ah)",akkumulyatory/promyshlennye/zhelezo-nikelevye,https://microchips.by/catalog/akkumulyatory/promyshlennye/zhelezo-nikelevye/2286/,300Ah,,,,,,нет данных в бэкапе,,,
2287,"Аккумулятор 36FL-300 ВМP (36ТНЖ-300 ВМП-У2) (NiFe, 300Ah)",akkumulyatory/promyshlennye/zhelezo-nikelevye,https://microchips.by/catalog/akkumulyatory/promyshlennye/zhelezo-nikelevye/2287/,300Ah,,,,,,нет данных в бэкапе,,,
2288,"Аккумулятор 36FL-350 II KP (36ТНЖК-350 II П-У2) (NiFe, 350Ah)",akkumulyatory/promyshlennye/zhelezo-nikelevye,https://microchips.by/catalog/akkumulyatory/promyshlennye/zhelezo-nikelevye/2288/,350Ah,,,,,,нет данных в бэкапе,,,
2289,Батарея аккумуляторная 4-2ЛИА- 8,akkumulyatory/promyshlennye/dlya_ratsiy,https://microchips.by/catalog/akkumulyatory/promyshlennye/dlya_ratsiy/2289/,,,,,,,нет данных в бэкапе,,,
2290,"Аккумулятор 40FL-300 P (40ВНЖ-300П-У2) (NiFe, 300Ah)",akkumulyatory/promyshlennye/zhelezo-nikelevye,https://microchips.by/catalog/akkumulyatory/promyshlennye/zhelezo-nikelevye/2290/,300Ah,,,,,,нет данных в бэкапе,,,
2291,"Аккумулятор 40FL-350 II KP (40ТНЖК-350 II П-У2) (NiFe, 350Ah)",akkumulyatory/promyshlennye/zhelezo-nikelevye,https://microchips.by/catalog/akkumulyatory/promyshlennye/zhelezo-nikelevye/2291/,350Ah,,,,,,нет данных в бэкапе,,,
2292,"Аккумулятор 40FL-400 P (40ТНЖ-400П-У2) (NiFe, 400Ah)",akkumulyatory/promyshlennye/zhelezo-nikelevye,https://microchips.by/catalog/akkumulyatory/promyshlennye/zhelezo-nikelevye/2292/,400Ah,,,,,,нет данных в бэкапе,,,
2293,"Аккумулятор 40FL-450 P (40ТНЖ-450П-У2) (NiFe, 450Ah)",akkumulyatory/promyshlennye/zhelezo-nikelevye,https://microchips.by/catalog/akkumulyatory/promyshlennye/zhelezo-nikelevye/2293/,450Ah,,,,,,нет данных в бэкапе,,,
2294,"Аккумулятор 40FL-500 KP (40ТНЖК-500П-У2) (NiFe, 500Ah)",akkumulyatory/promyshlennye/zhelezo-nikelevye,https://microchips.by/catalog/akkumulyatory/promyshlennye/zhelezo-nikelevye/2294/,500Ah,,,,,,нет данных в бэкапе,,,
2295,Батарея аккумуляторная 40KL-160 P (без электролита) (ЗАИТ),akkumulyatory/promyshlennye/dlya_rezervnogo_pitaniya,https://microchips.by/catalog/akkumulyatory/promyshlennye/dlya_rezervnogo_pitaniya/2295/,,,,ЗАИТ,40KL-160 P,260,ok,Y,,
2296,Батарея аккумуляторная 40KL-160 P (с электролитом) (ЗАИТ),akkumulyatory/promyshlennye/dlya_rezervnogo_pitaniya,https://microchips.by/catalog/akkumulyatory/promyshlennye/dlya_rezervnogo_pitaniya/2296/,,,,ЗАИТ,40KL-160 P,340,ok,Y,,
2298,Батарея аккумуляторная 40KL-160 PK (с электролитом) (ЗАИТ),akkumulyatory/promyshlennye/dlya_rezervnogo_pitaniya,https://microchips.by/catalog/akkumulyatory/promyshlennye/dlya_rezervnogo_pitaniya/2298/,,,,ЗАИТ,40KL-160 PK,384,ok,Y,,
2299,Батарея аккумуляторная 40KL-180 P (без электролита) (ЗАИТ),akkumulyatory/promyshlennye/dlya_rezervnogo_pitaniya,https://microchips.by/catalog/akkumulyatory/promyshlennye/dlya_rezervnogo_pitaniya/2299/,,,,ЗАИТ,40KL-180 P,260,ok,Y,,
2300,Батарея аккумуляторная 40KL-180 P (с электролитом) (ЗАИТ),akkumulyatory/promyshlennye/dlya_rezervnogo_pitaniya,https://microchips.by/catalog/akkumulyatory/promyshlennye/dlya_rezervnogo_pitaniya/2300/,,,,ЗАИТ,40KL-180 P,340,ok,Y,,
2301,Батарея аккумуляторная 40KL-250 P (без электролита) (ЗАИТ),akkumulyatory/promyshlennye/dlya_rezervnogo_pitaniya,https://microchips.by/catalog/akkumulyatory/promyshlennye/dlya_rezervnogo_pitaniya/2301/,,,,ЗАИТ,40KL-250 P,344,ok,Y,,
2302,Батарея аккумуляторная 40KL-250 P (с электролитом) (ЗАИТ),akkumulyatory/promyshlennye/dlya_rezervnogo_pitaniya,https://microchips.by/catalog/akkumulyatory/promyshlennye/dlya_rezervnogo_pitaniya/2302/,,,,ЗАИТ,40KL-250 P,480,ok,Y,,
2303,Батарея аккумуляторная 40KL-250 PK (без электролита) (ЗАИТ),akkumulyatory/promyshlennye/dlya_rezervnogo_pitaniya,https://microchips.by/catalog/akkumulyatory/promyshlennye/dlya_rezervnogo_pitaniya/2303/,,,,ЗАИТ,40KL-250 PK,380,ok,Y,,
2304,Батарея аккумуляторная 40KL-250 PK (с электролитом) (ЗАИТ),akkumulyatory/promyshlennye/dlya_rezervnogo_pitaniya,https://microchips.by/catalog/akkumulyatory/promyshlennye/dlya_rezervnogo_pitaniya/2304/,,,,ЗАИТ,40KL-250 PK,,missing,Y,,
2305,Батарея аккумуляторная 40KL-300 P (без электролита) (ЗАИТ),akkumulyatory/promyshlennye/dlya_rezervnogo_pitaniya,https://microchips.by/catalog/akkumulyatory/promyshlennye/dlya_rezervnogo_pitaniya/2305/,,,,ЗАИТ,40KL-300 P,385.6,ok,Y,,
2306,Батарея аккумуляторная 40KL-300 P (с электролитом) (ЗАИТ),akkumulyatory/promyshlennye/dlya_rezervnogo_pitaniya,https://microchips.by/catalog/akkumulyatory/promyshlennye/dlya_rezervnogo_pitaniya/2306/,,,,ЗАИТ,40KL-300 P,,missing,Y,,
2307,Батарея аккумуляторная 4ЛИА- 2,akkumulyatory/promyshlennye/dlya_ratsiy,https://microchips.by/catalog/akkumulyatory/promyshlennye/dlya_ratsiy/2307/,,,,,,,нет данных в бэкапе,,,
2309,"Батарея аккумуляторная 4ЛИА- 4,8",akkumulyatory/promyshlennye/dlya_ratsiy,https://microchips.by/catalog/akkumulyatory/promyshlennye/dlya_ratsiy/2309/,,,,,,,нет данных в бэкапе,,,
2310,Батарея аккумуляторная 4ЛИА- 7,akkumulyatory/promyshlennye/dlya_ratsiy,https://microchips.by/catalog/akkumulyatory/promyshlennye/dlya_ratsiy/2310/,,,,,,,нет данных в бэкапе,,,
2311,"Батарея аккумуляторная 4ЛИА- 8,0",akkumulyatory/promyshlennye/dlya_ratsiy,https://microchips.by/catalog/akkumulyatory/promyshlennye/dlya_ratsiy/2311/,,,,,,,нет данных в бэкапе,,,
2312,Батарея аккумуляторная 4ЛИА- 9,akkumulyatory/promyshlennye/dlya_ratsiy,https://microchips.by/catalog/akkumulyatory/promyshlennye/dlya_ratsiy/2312/,,,,,,,нет данных в бэкапе,,,
2313,Батарея аккумуляторная 4ЛИА-10,akkumulyatory/promyshlennye/dlya_ratsiy,https://microchips.by/catalog/akkumulyatory/promyshlennye/dlya_ratsiy/2313/,,,,,,,нет данных в бэкапе,,,
2314,Батарея аккумуляторная 4НК- 55П (без электролита) (ЗАИТ),akkumulyatory/promyshlennye/dlya_rezervnogo_pitaniya,https://microchips.by/catalog/akkumulyatory/promyshlennye/dlya_rezervnogo_pitaniya/2314/,,,,ЗАИТ,4НК- 55П,,missing,Y,,
2315,Батарея аккумуляторная 50KH-150 P (с электролитом) (ЗАИТ),akkumulyatory/promyshlennye/dlya_rezervnogo_pitaniya,https://microchips.by/catalog/akkumulyatory/promyshlennye/dlya_rezervnogo_pitaniya/2315/,,,,ЗАИТ,50KH-150 P,,missing,Y,,
2316,Батарея аккумуляторная 50KH-220 PK (без электролита) (ЗАИТ),akkumulyatory/promyshlennye/dlya_rezervnogo_pitaniya,https://microchips.by/catalog/akkumulyatory/promyshlennye/dlya_rezervnogo_pitaniya/2316/,,,,ЗАИТ,50KH-220 PK,875,ok,Y,,
2317,Батарея аккумуляторная 50KH-220 PK (с электролитом) (ЗАИТ),akkumulyatory/promyshlennye/dlya_rezervnogo_pitaniya,https://microchips.by/catalog/akkumulyatory/promyshlennye/dlya_rezervnogo_pitaniya/2317/,,,,ЗАИТ,50KH-220 PK,1050,ok,Y,,
2319,Батарея аккумуляторная 5KL- 55 P (5НК 55П),akkumulyatory/promyshlennye/dlya_rezervnogo_pitaniya,https://microchips.by/catalog/akkumulyatory/promyshlennye/dlya_rezervnogo_pitaniya/2319/,,,,,5KL- 55 P,235.95,ok,Y,,
2320,Батарея аккумуляторная 5KL- 80 P (5НК 80П),akkumulyatory/promyshlennye/dlya_rezervnogo_pitaniya,https://microchips.by/catalog/akkumulyatory/promyshlennye/dlya_rezervnogo_pitaniya/2320/,,,,,5KL- 80 P,343.49,ok,Y,,
2321,Батарея аккумуляторная 5KL-125 P (5НК 125П),akkumulyatory/promyshlennye/dlya_rezervnogo_pitaniya,https://microchips.by/catalog/akkumulyatory/promyshlennye/dlya_rezervnogo_pitaniya/2321/,,,,,5KL-125 P,416.23,ok,Y,,
2322,Батарея аккумуляторная 5KM-100P,akkumulyatory/promyshlennye/dlya_rezervnogo_pitaniya,https://microchips.by/catalog/akkumulyatory/promyshlennye/dlya_rezervnogo_pitaniya/2322/,,,,,5KM-100P,0.2,ok,Y,,
2323,Батарея аккумуляторная 5KPL- 70P (без электролита) (ЗАИТ),akkumulyatory/promyshlennye/dlya_rezervnogo_pitaniya,https://microchips.by/catalog/akkumulyatory/promyshlennye/dlya_rezervnogo_pitaniya/2323/,,,,ЗАИТ,5KPL- 70P,43541,ok,Y,,
2324,Батарея аккумуляторная 5KPL- 70P (с электролитом) (ЗАИТ),akkumulyatory/promyshlennye/dlya_rezervnogo_pitaniya,https://microchips.by/catalog/akkumulyatory/promyshlennye/dlya_rezervnogo_pitaniya/2324/,,,,ЗАИТ,5KPL- 70P,,missing,Y,,
2325,Батарея аккумуляторная 5НК- 55П (без электролита) (ЗАИТ),akkumulyatory/promyshlennye/dlya_rezervnogo_pitaniya,https://microchips.by/catalog/akkumulyatory/promyshlennye/dlya_rezervnogo_pitaniya/2325/,,,,ЗАИТ,5НК- 55П,43534,ok,Y,,
2326,Батарея аккумуляторная 5НК- 80 (без электролита) (ЗАИТ),akkumulyatory/promyshlennye/dlya_rezervnogo_pitaniya,https://microchips.by/catalog/akkumulyatory/promyshlennye/dlya_rezervnogo_pitaniya/2326/,,,,ЗАИТ,5НК- 80,43545,ok,Y,,
2327,Батарея аккумуляторная 5НК- 80-III (без электролита) (ЗАИТ),akkumulyatory/promyshlennye/dlya_rezervnogo_pitaniya,https://microchips.by/catalog/akkumulyatory/promyshlennye/dlya_rezervnogo_pitaniya/2327/,,,,ЗАИТ,5НК- 80-III,43606,ok,Y,,
2328,Батарея аккумуляторная 5НК-125 (без электролита) (ЗАИТ),akkumulyatory/promyshlennye/dlya_rezervnogo_pitaniya,https://microchips.by/catalog/akkumulyatory/promyshlennye/dlya_rezervnogo_pitaniya/2328/,,,,ЗАИТ,5НК-125,,missing,Y,,
2329,Батарея аккумуляторная 5НК-125П-III (без электролита) (ЗАИТ),akkumulyatory/promyshlennye/dlya_rezervnogo_pitaniya,https://microchips.by/catalog/akkumulyatory/promyshlennye/dlya_rezervnogo_pitaniya/2329/,,,,ЗАИТ,5НК-125П-III,43641,ok,Y,,
2338,"Батарея аккумуляторная 6НКГЦ-0,9",akkumulyatory/promyshlennye/dlya_ratsiy,https://microchips.by/catalog/akkumulyatory/promyshlennye/dlya_ratsiy/2338/,,,,,,,нет данных в бэкапе,,,
2339,Батарея аккумуляторная 72KH-220 P (без электролита) (ЗАИТ),akkumulyatory/promyshlennye/dlya_rezervnogo_pitaniya,https://microchips.by/catalog/akkumulyatory/promyshlennye/dlya_rezervnogo_pitaniya/2339/,,,,ЗАИТ,72KH-220 P,1260,ok,Y,,
2340,Батарея аккумуляторная 72KH-220 P (с электролитом) (ЗАИТ),akkumulyatory/promyshlennye/dlya_rezervnogo_pitaniya,https://microchips.by/catalog/akkumulyatory/promyshlennye/dlya_rezervnogo_pitaniya/2340/,,,,ЗАИТ,72KH-220 P,1512,ok,Y,,
2341,Батарея аккумуляторная 75KH-150 P (без электролита) (ЗАИТ),akkumulyatory/promyshlennye/dlya_rezervnogo_pitaniya,https://microchips.by/catalog/akkumulyatory/promyshlennye/dlya_rezervnogo_pitaniya/2341/,,,,ЗАИТ,75KH-150 P,840,ok,Y,,
2342,Батарея аккумуляторная 75KH-150 P (с электролитом) (ЗАИТ),akkumulyatory/promyshlennye/dlya_rezervnogo_pitaniya,https://microchips.by/catalog/akkumulyatory/promyshlennye/dlya_rezervnogo_pitaniya/2342/,,,,ЗАИТ,75KH-150 P,1065,ok,Y,,
2343,Батарея аккумуляторная 75KPH-150 P (без электролита) (ЗАИТ),akkumulyatory/promyshlennye/dlya_rezervnogo_pitaniya,https://microchips.by/catalog/akkumulyatory/promyshlennye/dlya_rezervnogo_pitaniya/2343/,,,,ЗАИТ,75KPH-150 P,840,ok,Y,,
2344,Батарея аккумуляторная 75KPH-150 P (с электролитом) (ЗАИТ),akkumulyatory/promyshlennye/dlya_rezervnogo_pitaniya,https://microchips.by/catalog/akkumulyatory/promyshlennye/dlya_rezervnogo_pitaniya/2344/,,,,ЗАИТ,75KPH-150 P,1065,ok,Y,,
2345,"Батарея аккумуляторная 7МГП-0,5",akkumulyatory/promyshlennye/dlya_ratsiy,https://microchips.by/catalog/akkumulyatory/promyshlennye/dlya_ratsiy/2345/,,,,,,,нет данных в бэкапе,,,
2346,"Батарея аккумуляторная 7МГП-0,5М",akkumulyatory/promyshlennye/dlya_ratsiy,https://microchips.by/catalog/akkumulyatory/promyshlennye/dlya_ratsiy/2346/,,,,,,,нет данных в бэкапе,,,
2347,"Батарея аккумуляторная 7МГЦ-1,5",akkumulyatory/promyshlennye/dlya_ratsiy,https://microchips.by/catalog/akkumulyatory/promyshlennye/dlya_ratsiy/2347/,,,,,,,нет данных в бэкапе,,,
2348,Батарея аккумуляторная 84KL-160 P (без электролита) (ЗАИТ),akkumulyatory/promyshlennye/dlya_rezervnogo_pitaniya,https://microchips.by/catalog/akkumulyatory/promyshlennye/dlya_rezervnogo_pitaniya/2348/,,,,ЗАИТ,84KL-160 P,546,ok,Y,,
2349,Батарея аккумуляторная 84KL-160 P (с электролитом) (ЗАИТ),akkumulyatory/promyshlennye/dlya_rezervnogo_pitaniya,https://microchips.by/catalog/akkumulyatory/promyshlennye/dlya_rezervnogo_pitaniya/2349/,,,,ЗАИТ,84KL-160 P,,missing,Y,,
2350,Батарея аккумуляторная 84КМ-300 Р,akkumulyatory/promyshlennye/dlya_rezervnogo_pitaniya,https://microchips.by/catalog/akkumulyatory/promyshlennye/dlya_rezervnogo_pitaniya/2350/,,,,,84КМ-300 Р,,missing,Y,,
2351,Батарея аккумуляторная 90KGL- 60 P (с электролитом) (ЗАИТ),akkumulyatory/promyshlennye/dlya_rezervnogo_pitaniya,https://microchips.by/catalog/akkumulyatory/promyshlennye/dlya_rezervnogo_pitaniya/2351/,,,,ЗАИТ,90KGL- 60 P,,missing,Y,,
2352,Батарея аккумуляторная 90KGL-300 P (с электролитом) (ЗАИТ),akkumulyatory/promyshlennye/dlya_rezervnogo_pitaniya,https://microchips.by/catalog/akkumulyatory/promyshlennye/dlya_rezervnogo_pitaniya/2352/,,,,ЗАИТ,90KGL-300 P,,missing,Y,,
2353,Батарея аккумуляторная 90KL-180 P (без электролита) (ЗАИТ),akkumulyatory/promyshlennye/dlya_rezervnogo_pitaniya,https://microchips.by/catalog/akkumulyatory/promyshlennye/dlya_rezervnogo_pitaniya/2353/,,,,ЗАИТ,90KL-180 P,,missing,Y,,
2354,Батарея аккумуляторная 90KL-180 P (с электролитом) (ЗАИТ),akkumulyatory/promyshlennye/dlya_rezervnogo_pitaniya,https://microchips.by/catalog/akkumulyatory/promyshlennye/dlya_rezervnogo_pitaniya/2354/,,,,ЗАИТ,90KL-180 P,,missing,Y,,
2355,Батарея аккумуляторная 90KL-250 P (без электролита) (ЗАИТ),akkumulyatory/promyshlennye/dlya_rezervnogo_pitaniya,https://microchips.by/catalog/akkumulyatory/promyshlennye/dlya_rezervnogo_pitaniya/2355/,,,,ЗАИТ,90KL-250 P,,missing,Y,,
2356,Батарея аккумуляторная 90KL-250 PК (без электролита) (ЗАИТ),akkumulyatory/promyshlennye/dlya_rezervnogo_pitaniya,https://microchips.by/catalog/akkumulyatory/promyshlennye/dlya_rezervnogo_pitaniya/2356/,,,,ЗАИТ,90KL-250 PК,,missing,Y,,
2357,Батарея аккумуляторная 90KL-250 PК (с электролитом) (ЗАИТ),akkumulyatory/promyshlennye/dlya_rezervnogo_pitaniya,https://microchips.by/catalog/akkumulyatory/promyshlennye/dlya_rezervnogo_pitaniya/2357/,,,,ЗАИТ,90KL-250 PК,,missing,Y,,
2358,Батарея аккумуляторная 90KL-300 P (без электролита) (ЗАИТ),akkumulyatory/promyshlennye/dlya_rezervnogo_pitaniya,https://microchips.by/catalog/akkumulyatory/promyshlennye/dlya_rezervnogo_pitaniya/2358/,,,,ЗАИТ,90KL-300 P,,missing,Y,,
2359,Батарея аккумуляторная 90KL-300 P (с электролитом) (ЗАИТ),akkumulyatory/promyshlennye/dlya_rezervnogo_pitaniya,https://microchips.by/catalog/akkumulyatory/promyshlennye/dlya_rezervnogo_pitaniya/2359/,,,,ЗАИТ,90KL-300 P,,missing,Y,,
2360,Батарея аккумуляторная 90KL-375 P (без электролита) (ЗАИТ),akkumulyatory/promyshlennye/dlya_rezervnogo_pitaniya,https://microchips.by/catalog/akkumulyatory/promyshlennye/dlya_rezervnogo_pitaniya/2360/,,,,ЗАИТ,90KL-375 P,,missing,Y,,
2361,Батарея аккумуляторная 90KL-375 P (с электролитом) (ЗАИТ),akkumulyatory/promyshlennye/dlya_rezervnogo_pitaniya,https://microchips.by/catalog/akkumulyatory/promyshlennye/dlya_rezervnogo_pitaniya/2361/,,,,ЗАИТ,90KL-375 P,,missing,Y,,
2362,Батарея аккумуляторная 90KL-375 PК (без электролита) (ЗАИТ),akkumulyatory/promyshlennye/dlya_rezervnogo_pitaniya,https://microchips.by/catalog/akkumulyatory/promyshlennye/dlya_rezervnogo_pitaniya/2362/,,,,ЗАИТ,90KL-375 PК,,missing,Y,,
2363,Батарея аккумуляторная 90KL-375 PК (с электролитом) (ЗАИТ),akkumulyatory/promyshlennye/dlya_rezervnogo_pitaniya,https://microchips.by/catalog/akkumulyatory/promyshlennye/dlya_rezervnogo_pitaniya/2363/,,,,ЗАИТ,90KL-375 PК,,missing,Y,,
2364,Батарея аккумуляторная 90КМ-260 Р,akkumulyatory/promyshlennye/dlya_rezervnogo_pitaniya,https://microchips.by/catalog/akkumulyatory/promyshlennye/dlya_rezervnogo_pitaniya/2364/,,,,,90КМ-260 Р,,missing,Y,,
2365,"Аккумулятор 96FL-350 M (96ТНЖ-350-У5) (NiFe, 350Ah)",akkumulyatory/promyshlennye/zhelezo-nikelevye,https://microchips.by/catalog/akkumulyatory/promyshlennye/zhelezo-nikelevye/2365/,350Ah,,,,,,нет данных в бэкапе,,,
2366,"Аккумулятор 96FL-500 M (96ТНЖIII-500-У5) (NiFe, 500Ah)",akkumulyatory/promyshlennye/zhelezo-nikelevye,https://microchips.by/catalog/akkumulyatory/promyshlennye/zhelezo-nikelevye/2366/,500Ah,,,,,,нет данных в бэкапе,,,
2368,Батарея аккумуляторная 9НКЛБ-70 (без электролита) (ЗАИТ),akkumulyatory/promyshlennye/dlya_rezervnogo_pitaniya,https://microchips.by/catalog/akkumulyatory/promyshlennye/dlya_rezervnogo_pitaniya/2368/,,,,ЗАИТ,9НКЛБ-70,,missing,Y,,
23782,"Аккумулятор APC RBC113 (AGM, 7Ah)",akkumulyatory/dlya_ibp/agm,https://microchips.by/catalog/akkumulyatory/dlya_ibp/agm/23782/,7Ah,,AGM,APC,RBC113,,zero_or_invalid,Y,,
23783,"Внешний батарейный блок APC SRT96RMBP (AGM, 10.2Ah)",akkumulyatory/dlya_ibp/agm,https://microchips.by/catalog/akkumulyatory/dlya_ibp/agm/23783/,10.2Ah,,AGM,APC,SRT96RMBP,7000,ok,Y,,
23784,"Внешний батарейный блок APC SRV72RLBP-9A (AGM, 108Ah)",akkumulyatory/dlya_ibp/agm,https://microchips.by/catalog/akkumulyatory/dlya_ibp/agm/23784/,108Ah,,AGM,APC,SRV72RLBP-9A,4800,ok,Y,,
23785,"Аккумулятор APCRBC133 для ИБП APC (GEL, 9Ah)",akkumulyatory/dlya_ibp/gelevye,https://microchips.by/catalog/akkumulyatory/dlya_ibp/gelevye/23785/,9Ah,,GEL,APC,APCRBC133,1720,ok,Y,,
23786,"Аккумулятор APCRBC132 для ИБП APC (GEL, 7.2Ah)",akkumulyatory/dlya_ibp/gelevye,https://microchips.by/catalog/akkumulyatory/dlya_ibp/gelevye/23786/,7.2Ah,,GEL,APC,APCRBC132,2230,ok,Y,,
23787,"Внешний батарейный блок APC SMX48RMBP2U (GEL, 22Ah)",akkumulyatory/dlya_ibp/gelevye,https://microchips.by/catalog/akkumulyatory/dlya_ibp/gelevye/23787/,22Ah,,GEL,APC,SMX48RMBP2U,4900,ok,Y,,
23788,"Внешний батарейный блок APC SURT48RMXLBP (GEL, 22Ah)",akkumulyatory/dlya_ibp/gelevye,https://microchips.by/catalog/akkumulyatory/dlya_ibp/gelevye/23788/,22Ah,,GEL,APC,SURT48RMXLBP,2000,ok,Y,,
23789,"Внешний батарейный блок APC SUA48RMXLBP3U (GEL, 34Ah)",akkumulyatory/dlya_ibp/gelevye,https://microchips.by/catalog/akkumulyatory/dlya_ibp/gelevye/23789/,34Ah,,GEL,APC,SUA48RMXLBP3U,2870,ok,Y,,
23790,"Внешний батарейный блок APC SRT72BP (GEL, 10.2Ah)",akkumulyatory/dlya_ibp/gelevye,https://microchips.by/catalog/akkumulyatory/dlya_ibp/gelevye/23790/,10.2Ah,,GEL,APC,SRT72BP,2120,ok,Y,,
23791,"Внешний батарейный блок APC SURT192XLBP (AGM, 10Ah)",akkumulyatory/dlya_ibp/agm,https://microchips.by/catalog/akkumulyatory/dlya_ibp/agm/23791/,10Ah,,AGM,APC,SURT192XLBP,5390,ok,Y,,
23792,"Внешний батарейный блок APC SRT72RMBP (AGM, 10.2Ah)",akkumulyatory/dlya_ibp/agm,https://microchips.by/catalog/akkumulyatory/dlya_ibp/agm/23792/,10.2Ah,,AGM,APC,SRT72RMBP,3165,ok,Y,,
23793,"Внешний батарейный блок APC SRT192RMBP2 (AGM, 10Ah)",akkumulyatory/dlya_ibp/agm,https://microchips.by/catalog/akkumulyatory/dlya_ibp/agm/23793/,10Ah,,AGM,APC,SRT192RMBP2,11690,ok,Y,,
23794,"Аккумулятор APC SYBT5 (AGM, 7.2Ah)",akkumulyatory/dlya_ibp/agm,https://microchips.by/catalog/akkumulyatory/dlya_ibp/agm/23794/,7.2Ah,,AGM,APC,SYBT5,4650,ok,Y,,
23795,"Аккумулятор APC RBC59 (AGM, 7Ah)",akkumulyatory/dlya_ibp/agm,https://microchips.by/catalog/akkumulyatory/dlya_ibp/agm/23795/,7Ah,,AGM,APC,RBC59,930,ok,Y,,
23796,"Аккумулятор APC RBC33 (AGM, 9Ah)",akkumulyatory/dlya_ibp/agm,https://microchips.by/catalog/akkumulyatory/dlya_ibp/agm/23796/,9Ah,,AGM,APC,RBC33,590,ok,Y,,
23797,"Аккумулятор APC RBC32 (AGM, 7Ah)",akkumulyatory/dlya_ibp/agm,https://microchips.by/catalog/akkumulyatory/dlya_ibp/agm/23797/,7Ah,,AGM,APC,RBC32,510,ok,Y,,
23798,"Аккумулятор APC RBC27 (AGM, 7Ah)",akkumulyatory/dlya_ibp/agm,https://microchips.by/catalog/akkumulyatory/dlya_ibp/agm/23798/,7Ah,,AGM,APC,RBC27,1320,ok,Y,,
23799,"Аккумулятор APC RBC23 (AGM, 7Ah)",akkumulyatory/dlya_ibp/agm,https://microchips.by/catalog/akkumulyatory/dlya_ibp/agm/23799/,7Ah,,AGM,APC,RBC23,1990,ok,Y,,
23800,"Аккумулятор APC RBC12 (AGM, 56Ah)",akkumulyatory/dlya_ibp/agm,https://microchips.by/catalog/akkumulyatory/dlya_ibp/agm/23800/,56Ah,,AGM,APC,RBC12,2670,ok,Y,,
23801,"Внешний батарейный блок APC BR24BPG (AGM, 15.5Ah)",akkumulyatory/dlya_ibp/agm,https://microchips.by/catalog/akkumulyatory/dlya_ibp/agm/23801/,15.5Ah,,AGM,APC,BR24BPG,980,ok,Y,,
23802,"Внешний батарейный блок APC SRT96BP (AGM, 10.2Ah)",akkumulyatory/dlya_ibp/agm,https://microchips.by/catalog/akkumulyatory/dlya_ibp/agm/23802/,10.2Ah,,AGM,APC,SRT96BP,4800,ok,Y,,
23803,"Аккумулятор APC APCRBC152 (AGM, 48V, 36Ah)",akkumulyatory/dlya_ibp/agm,https://microchips.by/catalog/akkumulyatory/dlya_ibp/agm/23803/,36Ah,48V,AGM,APC,APCRBC152,2250,ok,Y,,
23804,"Аккумулятор APC RBC116 (AGM, 36Ah)",akkumulyatory/dlya_ibp/agm,https://microchips.by/catalog/akkumulyatory/dlya_ibp/agm/23804/,36Ah,,AGM,APC,RBC116,790,ok,Y,,
23805,"Внешний батарейный блок APC SRT48BP (AGM, 12.4Ah)",akkumulyatory/dlya_ibp/agm,https://microchips.by/catalog/akkumulyatory/dlya_ibp/agm/23805/,12.4Ah,,AGM,APC,SRT48BP,1380,ok,Y,,
23806,"Аккумулятор APC RBC148 (AGM, 34Ah)",akkumulyatory/dlya_ibp/agm,https://microchips.by/catalog/akkumulyatory/dlya_ibp/agm/23806/,34Ah,,AGM,APC,RBC148,1280,ok,Y,,
23807,"Аккумулятор APC RBC142 (AGM, 7Ah)",akkumulyatory/dlya_ibp/agm,https://microchips.by/catalog/akkumulyatory/dlya_ibp/agm/23807/,7Ah,,AGM,APC,RBC142,685,ok,Y,,
23808,"Внешний батарейный блок APC SRT192RMBP (AGM, 10Ah)",akkumulyatory/dlya_ibp/agm,https://microchips.by/catalog/akkumulyatory/dlya_ibp/agm/23808/,10Ah,,AGM,APC,SRT192RMBP,4870,ok,Y,,
23809,"Внешний батарейный блок APC SURT192RMXLBP (AGM, 11Ah)",akkumulyatory/dlya_ibp/agm,https://microchips.by/catalog/akkumulyatory/dlya_ibp/agm/23809/,11Ah,,AGM,APC,SURT192RMXLBP,3120,ok,Y,,
23810,"Внешний батарейный блок APC SMX120RMBP2U (AGM, 10Ah)",akkumulyatory/dlya_ibp/agm,https://microchips.by/catalog/akkumulyatory/dlya_ibp/agm/23810/,10Ah,,AGM,APC,SMX120RMBP2U,2340,ok,Y,,
23811,"Аккумулятор APC RBC31 (AGM, 9Ah)",akkumulyatory/dlya_ibp/agm,https://microchips.by/catalog/akkumulyatory/dlya_ibp/agm/23811/,9Ah,,AGM,APC,RBC31,790,ok,Y,,
23812,"Внешний батарейный блок APC SRT48RMBP (AGM, 12.4Ah)",akkumulyatory/dlya_ibp/agm,https://microchips.by/catalog/akkumulyatory/dlya_ibp/agm/23812/,12.4Ah,,AGM,APC,SRT48RMBP,1980,ok,Y,,
23813,"Внешний батарейный блок APC SYBTU2-PLP (AGM, 9Ah)",akkumulyatory/dlya_ibp/agm,https://microchips.by/catalog/akkumulyatory/dlya_ibp/agm/23813/,9Ah,,AGM,APC,SYBTU2-PLP,2190,ok,Y,,
23814,"Внешний батарейный блок APC SYBTU1-PLP (AGM, 7.2Ah)",akkumulyatory/dlya_ibp/agm,https://microchips.by/catalog/akkumulyatory/dlya_ibp/agm/23814/,7.2Ah,,AGM,APC,SYBTU1-PLP,1970,ok,Y,,
23815,"Внешний батарейный блок APC SRT192BP2 (AGM, 10Ah)",akkumulyatory/dlya_ibp/agm,https://microchips.by/catalog/akkumulyatory/dlya_ibp/agm/23815/,10Ah,,AGM,APC,SRT192BP2,4075,ok,Y,,
23816,"Аккумулятор APC RBC151 (GEL, 40Ah)",akkumulyatory/dlya_ibp/gelevye,https://microchips.by/catalog/akkumulyatory/dlya_ibp/gelevye/23816/,40Ah,,GEL,APC,RBC151,1270,ok,Y,,
23817,"Аккумулятор APC RBC150 (GEL, 36Ah)",akkumulyatory/dlya_ibp/gelevye,https://microchips.by/catalog/akkumulyatory/dlya_ibp/gelevye/23817/,36Ah,,GEL,APC,RBC150,1230,ok,Y,,
23818,"Аккумулятор APCRBC141 для ИБП APC (GEL, 5Ah)",akkumulyatory/dlya_ibp/gelevye,https://microchips.by/catalog/akkumulyatory/dlya_ibp/gelevye/23818/,5Ah,,GEL,APC,APCRBC141,1035,ok,Y,,
23819,"Аккумулятор RBC14 для ИБП APC (GEL, 75Ah)",akkumulyatory/dlya_ibp/gelevye,https://microchips.by/catalog/akkumulyatory/dlya_ibp/gelevye/23819/,75Ah,,GEL,APC,RBC14,3965,ok,Y,,
23820,"Аккумулятор APCRBC136 для ИБП APC (GEL, 5Ah)",akkumulyatory/dlya_ibp/gelevye,https://microchips.by/catalog/akkumulyatory/dlya_ibp/gelevye/23820/,5Ah,,GEL,APC,APCRBC136,1724,ok,Y,,
23821,"Аккумулятор APCRBC135 для ИБП APC (GEL, 5Ah)",akkumulyatory/dlya_ibp/gelevye,https://microchips.by/catalog/akkumulyatory/dlya_ibp/gelevye/23821/,5Ah,,GEL,APC,APCRBC135,420,ok,Y,,
23822,"Аккумулятор RBC11 для ИБП APC (GEL, 17Ah)",akkumulyatory/dlya_ibp/gelevye,https://microchips.by/catalog/akkumulyatory/dlya_ibp/gelevye/23822/,17Ah,,GEL,APC,RBC11,680,ok,Y,,
23823,"Аккумулятор RBC9 для ИБП APC (GEL, 7Ah)",akkumulyatory/dlya_ibp/gelevye,https://microchips.by/catalog/akkumulyatory/dlya_ibp/gelevye/23823/,7Ah,,GEL,APC,RBC9,,zero_or_invalid,Y,,
23824,"Аккумулятор APC RBC8 (GEL, 7.5Ah)",akkumulyatory/dlya_ibp/gelevye,https://microchips.by/catalog/akkumulyatory/dlya_ibp/gelevye/23824/,7.5Ah,,GEL,APC,RBC8,1200,ok,Y,,
23825,"Аккумулятор RBC47 для ИБП APC (GEL, 3.2Ah)",akkumulyatory/dlya_ibp/gelevye,https://microchips.by/catalog/akkumulyatory/dlya_ibp/gelevye/23825/,3.2Ah,,GEL,APC,RBC47,50,ok,Y,,
23826,"Аккумулятор RBC46 для ИБП APC (GEL, 5.5Ah)",akkumulyatory/dlya_ibp/gelevye,https://microchips.by/catalog/akkumulyatory/dlya_ibp/gelevye/23826/,5.5Ah,,GEL,APC,RBC46,105,ok,Y,,
23827,"Аккумулятор RBC40 для ИБП APC (GEL, 7Ah)",akkumulyatory/dlya_ibp/gelevye,https://microchips.by/catalog/akkumulyatory/dlya_ibp/gelevye/23827/,7Ah,,GEL,APC,RBC40,180,ok,Y,,
23828,"Аккумулятор RBC30 для ИБП APC (GEL, 5Ah)",akkumulyatory/dlya_ibp/gelevye,https://microchips.by/catalog/akkumulyatory/dlya_ibp/gelevye/23828/,5Ah,,GEL,APC,RBC30,200,ok,Y,,
23829,"Аккумулятор RBC3 для ИБП APC (GEL, 12Ah)",akkumulyatory/dlya_ibp/gelevye,https://microchips.by/catalog/akkumulyatory/dlya_ibp/gelevye/23829/,12Ah,,GEL,APC,RBC3,270,ok,Y,,
23830,"Аккумулятор RBC29 для ИБП APC (GEL, 4.5Ah)",akkumulyatory/dlya_ibp/gelevye,https://microchips.by/catalog/akkumulyatory/dlya_ibp/gelevye/23830/,4.5Ah,,GEL,APC,RBC29,170,ok,Y,,
23831,"Аккумулятор RBC24 для ИБП APC (GEL, 9Ah)",akkumulyatory/dlya_ibp/gelevye,https://microchips.by/catalog/akkumulyatory/dlya_ibp/gelevye/23831/,9Ah,,GEL,APC,RBC24,1200,ok,Y,,
23832,"Внешний батарейный блок APC SURT48XLBP (GEL, 22Ah)",akkumulyatory/dlya_ibp/gelevye,https://microchips.by/catalog/akkumulyatory/dlya_ibp/gelevye/23832/,22Ah,,GEL,APC,SURT48XLBP,2130,ok,Y,,
23833,"Внешний батарейный блок APC SUM48RMXLBP2U (AGM, 22Ah)",akkumulyatory/dlya_ibp/agm,https://microchips.by/catalog/akkumulyatory/dlya_ibp/agm/23833/,22Ah,,AGM,APC,SUM48RMXLBP2U,1890,ok,Y,,
23834,"Внешний батарейный блок APC SU24R2XLBP (GEL, 34Ah)",akkumulyatory/dlya_ibp/gelevye,https://microchips.by/catalog/akkumulyatory/dlya_ibp/gelevye/23834/,34Ah,,GEL,APC,SU24R2XLBP,1560,ok,Y,,
23835,"Внешний батарейный блок APC SUA48XLBP (GEL, 34Ah)",akkumulyatory/dlya_ibp/gelevye,https://microchips.by/catalog/akkumulyatory/dlya_ibp/gelevye/23835/,34Ah,,GEL,APC,SUA48XLBP,1980,ok,Y,,
23836,"Внешний батарейный блок APC SUA24XLBP (GEL, 34Ah)",akkumulyatory/dlya_ibp/gelevye,https://microchips.by/catalog/akkumulyatory/dlya_ibp/gelevye/23836/,34Ah,,GEL,APC,SUA24XLBP,1015,ok,Y,,
23837,"Внешний батарейный блок APC XBP48RM1U-LI (AGM, 12.2Ah)",akkumulyatory/dlya_ibp/agm,https://microchips.by/catalog/akkumulyatory/dlya_ibp/agm/23837/,12.2Ah,,AGM,APC,XBP48RM1U-LI,2500,ok,Y,,
23838,"Внешний батарейный блок APC UXABP48 (GEL, 70Ah)",akkumulyatory/dlya_ibp/gelevye,https://microchips.by/catalog/akkumulyatory/dlya_ibp/gelevye/23838/,70Ah,,GEL,APC,UXABP48,1920,ok,Y,,
23839,"Внешний батарейный блок APC SURT192RMXLBP2 (AGM, 11Ah)",akkumulyatory/dlya_ibp/agm,https://microchips.by/catalog/akkumulyatory/dlya_ibp/agm/23839/,11Ah,,AGM,APC,SURT192RMXLBP2,8600,ok,Y,,
23840,"Внешний батарейный блок APC SMX120BP (AGM, 5Ah)",akkumulyatory/dlya_ibp/agm,https://microchips.by/catalog/akkumulyatory/dlya_ibp/agm/23840/,5Ah,,AGM,APC,SMX120BP,3200,ok,Y,,
23841,"Аккумулятор APC RBC5 (AGM, 7.5Ah)",akkumulyatory/dlya_ibp/agm,https://microchips.by/catalog/akkumulyatory/dlya_ibp/agm/23841/,7.5Ah,,AGM,APC,RBC5,470,ok,Y,,
23842,"Аккумулятор APC RBC25 (AGM, 7Ah)",akkumulyatory/dlya_ibp/agm,https://microchips.by/catalog/akkumulyatory/dlya_ibp/agm/23842/,7Ah,,AGM,APC,RBC25,1730,ok,Y,,
23843,"Аккумулятор APC RBC18 (AGM, 9Ah)",akkumulyatory/dlya_ibp/agm,https://microchips.by/catalog/akkumulyatory/dlya_ibp/agm/23843/,9Ah,,AGM,APC,RBC18,780,ok,Y,,
23844,"Аккумулятор APC RBC109 (AGM, 9Ah)",akkumulyatory/dlya_ibp/agm,https://microchips.by/catalog/akkumulyatory/dlya_ibp/agm/23844/,9Ah,,AGM,APC,RBC109,350,ok,Y,,
2389,Батарея аккумуляторная Гарантия 14/24-1,akkumulyatory/promyshlennye/dlya_rezervnogo_pitaniya,https://microchips.by/catalog/akkumulyatory/promyshlennye/dlya_rezervnogo_pitaniya/2389/,,,,Гарантия,14/24-1,2563.78,ok,Y,,
2390,"Аккумулятор 10НМГ-1.0 для радиостанций (NiMH, 1000mAh, 12V)",akkumulyatory/promyshlennye/dlya_ratsiy,https://microchips.by/catalog/akkumulyatory/promyshlennye/dlya_ratsiy/2390/,1000mAh,12V,NiMH,,,,нет данных в бэкапе,,,
2391,"Аккумулятор Ajetrays AJ EBP-51N для радиостанций (NiMH, 1650mAh, 9.6V)",akkumulyatory/promyshlennye/dlya_ratsiy,https://microchips.by/catalog/akkumulyatory/promyshlennye/dlya_ratsiy/2391/,1650mAh,9.6V,NiMH,,,,нет данных в бэкапе,,,
2392,"Аккумулятор Ajetrays AJBP-446 L для радиостанций (Li-ion, 1200mAh, 7.4V)",akkumulyatory/promyshlennye/dlya_ratsiy,https://microchips.by/catalog/akkumulyatory/promyshlennye/dlya_ratsiy/2392/,1200mAh,7.4V,Li-ion,,,,нет данных в бэкапе,,,
2393,"Аккумулятор Alinco EBP-48N для радиостанций (NiCd, 700mAh, 9.6V)",akkumulyatory/promyshlennye/dlya_ratsiy,https://microchips.by/catalog/akkumulyatory/promyshlennye/dlya_ratsiy/2393/,700mAh,9.6V,NiCd,,,,нет данных в бэкапе,,,
23938,"Аккумулятор Keheng Battery KH-ES-4850R1 (LiFePO4, 50Ah, 51.2V)",akkumulyatory/promyshlennye/dlya_rezervnogo_pitaniya,https://microchips.by/catalog/akkumulyatory/promyshlennye/dlya_rezervnogo_pitaniya/23938/,50Ah,51.2V,LiFePO4,Keheng Battery,KH-ES-4850R1,,missing,Y,,
23939,"Аккумулятор Keheng Battery KH-ES-4850R2 (LiFePO4, 50Ah, 51.2V)",akkumulyatory/promyshlennye/dlya_rezervnogo_pitaniya,https://microchips.by/catalog/akkumulyatory/promyshlennye/dlya_rezervnogo_pitaniya/23939/,50Ah,51.2V,LiFePO4,Keheng Battery,KH-ES-4850R2,,missing,Y,,
2394,"Аккумулятор Alinco EBP-50N для радиостанций (NiMH, 700mAh, 9.6V)",akkumulyatory/promyshlennye/dlya_ratsiy,https://microchips.by/catalog/akkumulyatory/promyshlennye/dlya_ratsiy/2394/,700mAh,9.6V,NiMH,,,,нет данных в бэкапе,,,
23940,"Аккумулятор Keheng Battery KH-ES-48100R1 (LiFePO4, 100Ah, 51.2V)",akkumulyatory/promyshlennye/dlya_rezervnogo_pitaniya,https://microchips.by/catalog/akkumulyatory/promyshlennye/dlya_rezervnogo_pitaniya/23940/,100Ah,51.2V,LiFePO4,Keheng Battery,KH-ES-48100R1,,missing,Y,,
23941,"Аккумулятор Keheng Battery KH-ES-48200R1 (LiFePO4, 200Ah, 51.2V)",akkumulyatory/promyshlennye/dlya_rezervnogo_pitaniya,https://microchips.by/catalog/akkumulyatory/promyshlennye/dlya_rezervnogo_pitaniya/23941/,200Ah,51.2V,LiFePO4,Keheng Battery,KH-ES-48200R1,,missing,Y,,
23943,"Аккумулятор Deye SE-G5.1PRO (LiFePO4, 100Ah, 51.2V)",akkumulyatory/promyshlennye/dlya_rezervnogo_pitaniya,https://microchips.by/catalog/akkumulyatory/promyshlennye/dlya_rezervnogo_pitaniya/23943/,100Ah,51.2V,LiFePO4,Deye,SE-G5.1PRO,7900,ok,Y,,
23944,"Аккумулятор PCEnersys 4850 (LiFePO4, 100Ah, 48V)",akkumulyatory/promyshlennye/dlya_rezervnogo_pitaniya,https://microchips.by/catalog/akkumulyatory/promyshlennye/dlya_rezervnogo_pitaniya/23944/,100Ah,48V,LiFePO4,PCEnersys,4850,,missing,Y,,
2395,"Аккумулятор Alinco EBP-51N для радиостанций (NiMH, 1500mAh, 9.6V)",akkumulyatory/promyshlennye/dlya_ratsiy,https://microchips.by/catalog/akkumulyatory/promyshlennye/dlya_ratsiy/2395/,1500mAh,9.6V,NiMH,,,,нет данных в бэкапе,,,
23955,"Аккумулятор для Fukuda Denshi 3M-33 (43120A) (2500mAh, 12V)",akkumulyatory/promyshlennye/dlya-meditsinskoy-tekhniki/fukuda,https://microchips.by/catalog/akkumulyatory/promyshlennye/dlya-meditsinskoy-tekhniki/fukuda/23955/,2500mAh,12V,,,,,нет данных в бэкапе,,,
23956,"Аккумулятор для Cardinal Health Alaris GH (2500mAh, 7.2V)",akkumulyatory/promyshlennye/dlya-meditsinskoy-tekhniki/cardinal-medical,https://microchips.by/catalog/akkumulyatory/promyshlennye/dlya-meditsinskoy-tekhniki/cardinal-medical/23956/,2500mAh,7.2V,,,,,нет данных в бэкапе,,,
23957,"Аккумулятор для HP M1276A (2300mAh, 12V)",akkumulyatory/promyshlennye/dlya-meditsinskoy-tekhniki/hp,https://microchips.by/catalog/akkumulyatory/promyshlennye/dlya-meditsinskoy-tekhniki/hp/23957/,2300mAh,12V,,,,,нет данных в бэкапе,,,
23958,"Аккумулятор для Rainin Controller PX-100, Pipet-XTM (26630) (700mAh, 2.4V)",akkumulyatory/promyshlennye/dlya-meditsinskoy-tekhniki/rainin,https://microchips.by/catalog/akkumulyatory/promyshlennye/dlya-meditsinskoy-tekhniki/rainin/23958/,700mAh,2.4V,,,,,нет данных в бэкапе,,,
23959,"Аккумулятор для Welch-Allyn 18200 (78904586) (750mAh, 3.6V)",akkumulyatory/promyshlennye/dlya-meditsinskoy-tekhniki/welch-allyn,https://microchips.by/catalog/akkumulyatory/promyshlennye/dlya-meditsinskoy-tekhniki/welch-allyn/23959/,750mAh,3.6V,,,,,нет данных в бэкапе,,,
2396,"Аккумулятор Alinco EBP-64 для радиостанций (Li-ion, 1600mAh, 7.4V)",akkumulyatory/promyshlennye/dlya_ratsiy,https://microchips.by/catalog/akkumulyatory/promyshlennye/dlya_ratsiy/2396/,1600mAh,7.4V,Li-ion,,,,нет данных в бэкапе,,,
23960,"Аккумулятор для Diversified Medical MNC723 (750mAh, 3.6V)",akkumulyatory/promyshlennye/dlya-meditsinskoy-tekhniki/diversified,https://microchips.by/catalog/akkumulyatory/promyshlennye/dlya-meditsinskoy-tekhniki/diversified/23960/,750mAh,3.6V,,,,,нет данных в бэкапе,,,
23961,"Аккумулятор для Neusoft NeuVision 500 (CPLB-18650A) (2600mAh, 14.4V)",akkumulyatory/promyshlennye/dlya-meditsinskoy-tekhniki/neusoft,https://microchips.by/catalog/akkumulyatory/promyshlennye/dlya-meditsinskoy-tekhniki/neusoft/23961/,2600mAh,14.4V,,,,,нет данных в бэкапе,,,
23962,"Аккумулятор для Neusoft NeuVision 500 (CPLB-18650A) (3400mAh, 14.4V)",akkumulyatory/promyshlennye/dlya-meditsinskoy-tekhniki/neusoft,https://microchips.by/catalog/akkumulyatory/promyshlennye/dlya-meditsinskoy-tekhniki/neusoft/23962/,3400mAh,14.4V,,,,,нет данных в бэкапе,,,
23963,"Аккумулятор для Alaris 8000, 8015, 8220 (OM11322) (4400mAh, 12V)",akkumulyatory/promyshlennye/dlya-meditsinskoy-tekhniki/alaris,https://microchips.by/catalog/akkumulyatory/promyshlennye/dlya-meditsinskoy-tekhniki/alaris/23963/,4400mAh,12V,,,,,нет данных в бэкапе,,,
23964,"Аккумулятор для EDAN SE3 (HYLB-231) (5200mAh, 14.4V)",akkumulyatory/promyshlennye/dlya-meditsinskoy-tekhniki/edan,https://microchips.by/catalog/akkumulyatory/promyshlennye/dlya-meditsinskoy-tekhniki/edan/23964/,5200mAh,14.4V,,,,,нет данных в бэкапе,,,
23966,"Аккумулятор для Dongjiang ECG-1220 (DJDB144) (3400mAh, 14.4V)",akkumulyatory/promyshlennye/dlya-meditsinskoy-tekhniki/dongjiang,https://microchips.by/catalog/akkumulyatory/promyshlennye/dlya-meditsinskoy-tekhniki/dongjiang/23966/,3400mAh,14.4V,,,,,нет данных в бэкапе,,,
23967,"Аккумулятор для Philips Effica CM100 (7800mAh, 10.8V)",akkumulyatory/promyshlennye/dlya-meditsinskoy-tekhniki/philips,https://microchips.by/catalog/akkumulyatory/promyshlennye/dlya-meditsinskoy-tekhniki/philips/23967/,7800mAh,10.8V,,,,,нет данных в бэкапе,,,
23968,"Аккумулятор для OMRON HBP-3100 (HYLB-957) (2600mAh, 14.4V)",akkumulyatory/promyshlennye/dlya-meditsinskoy-tekhniki/omron,https://microchips.by/catalog/akkumulyatory/promyshlennye/dlya-meditsinskoy-tekhniki/omron/23968/,2600mAh,14.4V,,,,,нет данных в бэкапе,,,
23969,"Аккумулятор для OMRON HBP-3100 (6800mAh, 14.4V)",akkumulyatory/promyshlennye/dlya-meditsinskoy-tekhniki/omron,https://microchips.by/catalog/akkumulyatory/promyshlennye/dlya-meditsinskoy-tekhniki/omron/23969/,6800mAh,14.4V,,,,,нет данных в бэкапе,,,
2397,"Аккумулятор Alinco EBP-65 для радиостанций (NiMH, 700mAh, 7.2V)",akkumulyatory/promyshlennye/dlya_ratsiy,https://microchips.by/catalog/akkumulyatory/promyshlennye/dlya_ratsiy/2397/,700mAh,7.2V,NiMH,,,,нет данных в бэкапе,,,
23970,"Аккумулятор для MCM Agilia 500 (BK-3MCC) (2000mAh, 6V)",akkumulyatory/promyshlennye/dlya-meditsinskoy-tekhniki/mcm,https://microchips.by/catalog/akkumulyatory/promyshlennye/dlya-meditsinskoy-tekhniki/mcm/23970/,2000mAh,6V,,,,,нет данных в бэкапе,,,
23971,"Аккумулятор для Hellige Servomed SMS 181 (B0402111) (2000mAh, 12V)",akkumulyatory/promyshlennye/dlya-meditsinskoy-tekhniki/hellige,https://microchips.by/catalog/akkumulyatory/promyshlennye/dlya-meditsinskoy-tekhniki/hellige/23971/,2000mAh,12V,,,,,нет данных в бэкапе,,,
23972,"Аккумулятор для Anritsu MT9082 (5200mAh, 11.1V)",akkumulyatory/promyshlennye/dlya-meditsinskoy-tekhniki/anritsu,https://microchips.by/catalog/akkumulyatory/promyshlennye/dlya-meditsinskoy-tekhniki/anritsu/23972/,5200mAh,11.1V,,,,,нет данных в бэкапе,,,
23973,"Аккумулятор для Welch-Allyn AUDIO PATH (AMED2005) (2000mAh, 7.2V)",akkumulyatory/promyshlennye/dlya-meditsinskoy-tekhniki/welch-allyn,https://microchips.by/catalog/akkumulyatory/promyshlennye/dlya-meditsinskoy-tekhniki/welch-allyn/23973/,2000mAh,7.2V,,,,,нет данных в бэкапе,,,
23974,"Аккумулятор для Philips Respironics EverGo (7800mAh, 14.4V)",akkumulyatory/promyshlennye/dlya-meditsinskoy-tekhniki/philips,https://microchips.by/catalog/akkumulyatory/promyshlennye/dlya-meditsinskoy-tekhniki/philips/23974/,7800mAh,14.4V,,,,,нет данных в бэкапе,,,
23975,"Аккумулятор для Kenz Cardico 302 (10TH-1800A-W1) (2000mAh, 12V)",akkumulyatory/promyshlennye/dlya-meditsinskoy-tekhniki/kenz-cardico,https://microchips.by/catalog/akkumulyatory/promyshlennye/dlya-meditsinskoy-tekhniki/kenz-cardico/23975/,2000mAh,12V,,,,,нет данных в бэкапе,,,
23976,"Аккумулятор для Hughes 9201 (6600mAh, 10.8V)",akkumulyatory/promyshlennye/dlya-meditsinskoy-tekhniki/hughes,https://microchips.by/catalog/akkumulyatory/promyshlennye/dlya-meditsinskoy-tekhniki/hughes/23976/,6600mAh,10.8V,,,,,нет данных в бэкапе,,,
23977,"Аккумулятор для GE Eagle Monitor 1000 (B10701) (4000mAh, 12V)",akkumulyatory/promyshlennye/dlya-meditsinskoy-tekhniki/ge,https://microchips.by/catalog/akkumulyatory/promyshlennye/dlya-meditsinskoy-tekhniki/ge/23977/,4000mAh,12V,,,,,нет данных в бэкапе,,,
23978,"Элемент питания для Welch-Allyn AED 10 (B11387) (3000mAh, 12V)",akkumulyatory/promyshlennye/dlya-meditsinskoy-tekhniki/welch-allyn,https://microchips.by/catalog/akkumulyatory/promyshlennye/dlya-meditsinskoy-tekhniki/welch-allyn/23978/,3000mAh,12V,,,,,нет данных в бэкапе,,,
23979,"Аккумулятор для Fukuda Denshi FC700A (MS862278) (3000mAh, 12V)",akkumulyatory/promyshlennye/dlya-meditsinskoy-tekhniki/fukuda,https://microchips.by/catalog/akkumulyatory/promyshlennye/dlya-meditsinskoy-tekhniki/fukuda/23979/,3000mAh,12V,,,,,нет данных в бэкапе,,,
2398,"Аккумулятор AT 1-15 для радиостанций (NiMH, 1500mAh, 2.4V)",akkumulyatory/promyshlennye/dlya_ratsiy,https://microchips.by/catalog/akkumulyatory/promyshlennye/dlya_ratsiy/2398/,1500mAh,2.4V,NiMH,,,,нет данных в бэкапе,,,
23980,"Аккумулятор для Drager MS14490 (AS36059) (6800mAh, 14.4V)",akkumulyatory/promyshlennye/dlya-meditsinskoy-tekhniki/drager,https://microchips.by/catalog/akkumulyatory/promyshlennye/dlya-meditsinskoy-tekhniki/drager/23980/,6800mAh,14.4V,,,,,нет данных в бэкапе,,,
23982,"Аккумулятор для Symbol PDT, PPT, SPT серии 1800mah",akkumulyatory/promyshlennye/dlya-skanerov-shtrikh-kodov-i-terminalov/symbol,https://microchips.by/catalog/akkumulyatory/promyshlennye/dlya-skanerov-shtrikh-kodov-i-terminalov/symbol/23982/,1800mah,,,,,,нет данных в бэкапе,,,
23983,"Аккумулятор для Dejavoo Z9 Black, Z9 v4 (V3M2) 3400mah",akkumulyatory/promyshlennye/dlya-skanerov-shtrikh-kodov-i-terminalov/dejavoo,https://microchips.by/catalog/akkumulyatory/promyshlennye/dlya-skanerov-shtrikh-kodov-i-terminalov/dejavoo/23983/,3400mah,,,,,,нет данных в бэкапе,,,
23984,Аккумулятор для Dejavoo Z9 v4 (V3M2) 2600mah,akkumulyatory/promyshlennye/dlya-skanerov-shtrikh-kodov-i-terminalov/dejavoo,https://microchips.by/catalog/akkumulyatory/promyshlennye/dlya-skanerov-shtrikh-kodov-i-terminalov/dejavoo/23984/,2600mah,,,,,,нет данных в бэкапе,,,
23985,"Аккумулятор для Dejavoo Z9 V3, Z9 Blue (IP604355-2P) 2900mah",akkumulyatory/promyshlennye/dlya-skanerov-shtrikh-kodov-i-terminalov/dejavoo,https://microchips.by/catalog/akkumulyatory/promyshlennye/dlya-skanerov-shtrikh-kodov-i-terminalov/dejavoo/23985/,2900mah,,,,,,нет данных в бэкапе,,,
23986,"Аккумулятор для Proton IMS-3170, 3180 (BT2100) 2600mah",akkumulyatory/promyshlennye/dlya-skanerov-shtrikh-kodov-i-terminalov/proton,https://microchips.by/catalog/akkumulyatory/promyshlennye/dlya-skanerov-shtrikh-kodov-i-terminalov/proton/23986/,2600mah,,,,,,нет данных в бэкапе,,,
23987,"Аккумулятор для Datalogic Falcon PT40, PSC PT40 (95A201004) 900mah",akkumulyatory/promyshlennye/dlya-skanerov-shtrikh-kodov-i-terminalov/datalogic,https://microchips.by/catalog/akkumulyatory/promyshlennye/dlya-skanerov-shtrikh-kodov-i-terminalov/datalogic/23987/,900mah,,,,,,нет данных в бэкапе,,,
23988,Аккумулятор для LXE MX9 3400mah,akkumulyatory/promyshlennye/dlya-skanerov-shtrikh-kodov-i-terminalov/lxe,https://microchips.by/catalog/akkumulyatory/promyshlennye/dlya-skanerov-shtrikh-kodov-i-terminalov/lxe/23988/,3400mah,,,,,,нет данных в бэкапе,,,
23989,"Аккумулятор для LXE Ring Scanner 8650, 8670",akkumulyatory/promyshlennye/dlya-skanerov-shtrikh-kodov-i-terminalov/lxe,https://microchips.by/catalog/akkumulyatory/promyshlennye/dlya-skanerov-shtrikh-kodov-i-terminalov/lxe/23989/,,,,,,,нет данных в бэкапе,,,
23990,"Аккумулятор для LXE Ring Scanner 8650, 8670 850mah",akkumulyatory/promyshlennye/dlya-skanerov-shtrikh-kodov-i-terminalov/lxe,https://microchips.by/catalog/akkumulyatory/promyshlennye/dlya-skanerov-shtrikh-kodov-i-terminalov/lxe/23990/,850mah,,,,,,нет данных в бэкапе,,,
23991,"Аккумулятор для LXE Tecton MX7, MX7t (159904-0001) 3400mah",akkumulyatory/promyshlennye/dlya-skanerov-shtrikh-kodov-i-terminalov/lxe,https://microchips.by/catalog/akkumulyatory/promyshlennye/dlya-skanerov-shtrikh-kodov-i-terminalov/lxe/23991/,3400mah,,,,,,нет данных в бэкапе,,,
23992,"Аккумулятор для LXE Tecton MX7, MX7t 2600mah",akkumulyatory/promyshlennye/dlya-skanerov-shtrikh-kodov-i-terminalov/lxe,https://microchips.by/catalog/akkumulyatory/promyshlennye/dlya-skanerov-shtrikh-kodov-i-terminalov/lxe/23992/,2600mah,,,,,,нет данных в бэкапе,,,
23993,Аккумулятор для LXE LX22C2-D 1200mah,akkumulyatory/promyshlennye/dlya-skanerov-shtrikh-kodov-i-terminalov/lxe,https://microchips.by/catalog/akkumulyatory/promyshlennye/dlya-skanerov-shtrikh-kodov-i-terminalov/lxe/23993/,1200mah,,,,,,нет данных в бэкапе,,,
23994,"Аккумулятор для Symbol LS3478, DS3478 (21-62606-01) 2200mAh",akkumulyatory/promyshlennye/dlya-skanerov-shtrikh-kodov-i-terminalov/symbol,https://microchips.by/catalog/akkumulyatory/promyshlennye/dlya-skanerov-shtrikh-kodov-i-terminalov/symbol/23994/,2200mAh,,,,,,нет данных в бэкапе,,,
23995,"Аккумулятор для Symbol LS3478, DS3478 (21-62606-01) 3400mah",akkumulyatory/promyshlennye/dlya-skanerov-shtrikh-kodov-i-terminalov/symbol,https://microchips.by/catalog/akkumulyatory/promyshlennye/dlya-skanerov-shtrikh-kodov-i-terminalov/symbol/23995/,3400mah,,,,,,нет данных в бэкапе,,,
23996,Аккумулятор для LXE MX7 (MX7392BATT),akkumulyatory/promyshlennye/dlya-skanerov-shtrikh-kodov-i-terminalov/lxe,https://microchips.by/catalog/akkumulyatory/promyshlennye/dlya-skanerov-shtrikh-kodov-i-terminalov/lxe/23996/,,,,,,,нет данных в бэкапе,,,
23997,"Аккумулятор для LXE MX8, (MX8A381-BATT), 3900mAh, 3.7V",akkumulyatory/promyshlennye/dlya-skanerov-shtrikh-kodov-i-terminalov/lxe,https://microchips.by/catalog/akkumulyatory/promyshlennye/dlya-skanerov-shtrikh-kodov-i-terminalov/lxe/23997/,3900mAh,3.7V,,,,,нет данных в бэкапе,,,
23998,Аккумулятор для Intermec CV41 2600mah,akkumulyatory/promyshlennye/dlya-skanerov-shtrikh-kodov-i-terminalov/intermec,https://microchips.by/catalog/akkumulyatory/promyshlennye/dlya-skanerov-shtrikh-kodov-i-terminalov/intermec/23998/,2600mah,,,,,,нет данных в бэкапе,,,
23999,"Аккумулятор для Bearcat BC120XLT, SC140 (BP120) 1200mah",akkumulyatory/promyshlennye/dlya-skanerov-shtrikh-kodov-i-terminalov/bearcat,https://microchips.by/catalog/akkumulyatory/promyshlennye/dlya-skanerov-shtrikh-kodov-i-terminalov/bearcat/23999/,1200mah,,,,,,нет данных в бэкапе,,,
2400,"Аккумулятор AT 1000-12 для радиостанций (NiCd, 1200mAh, 1.2V)",akkumulyatory/promyshlennye/dlya_ratsiy,https://microchips.by/catalog/akkumulyatory/promyshlennye/dlya_ratsiy/2400/,1200mAh,1.2V,NiCd,,,,нет данных в бэкапе,,,
24000,Аккумулятор для Sagem MONETEL EFT930 серии (MGL8602) 1500mAh,akkumulyatory/promyshlennye/dlya-skanerov-shtrikh-kodov-i-terminalov/sagem,https://microchips.by/catalog/akkumulyatory/promyshlennye/dlya-skanerov-shtrikh-kodov-i-terminalov/sagem/24000/,1500mAh,,,,,,нет данных в бэкапе,,,
24001,Аккумулятор для Newland ME31 (L01J44007) 2200mAh,akkumulyatory/promyshlennye/dlya-skanerov-shtrikh-kodov-i-terminalov/newland,https://microchips.by/catalog/akkumulyatory/promyshlennye/dlya-skanerov-shtrikh-kodov-i-terminalov/newland/24001/,2200mAh,,,,,,нет данных в бэкапе,,,
24002,Аккумулятор для Symbol MC9090 20mah,akkumulyatory/promyshlennye/dlya-skanerov-shtrikh-kodov-i-terminalov/symbol,https://microchips.by/catalog/akkumulyatory/promyshlennye/dlya-skanerov-shtrikh-kodov-i-terminalov/symbol/24002/,20mah,,,,,,нет данных в бэкапе,,,
24003,Аккумулятор для Symbol MC36 (82-164801-02) 4400mah,akkumulyatory/promyshlennye/dlya-skanerov-shtrikh-kodov-i-terminalov/symbol,https://microchips.by/catalog/akkumulyatory/promyshlennye/dlya-skanerov-shtrikh-kodov-i-terminalov/symbol/24003/,4400mah,,,,,,нет данных в бэкапе,,,
24004,Аккумулятор для Symbol MC36 (82-164807-01) 2200mAh,akkumulyatory/promyshlennye/dlya-skanerov-shtrikh-kodov-i-terminalov/symbol,https://microchips.by/catalog/akkumulyatory/promyshlennye/dlya-skanerov-shtrikh-kodov-i-terminalov/symbol/24004/,2200mAh,,,,,,нет данных в бэкапе,,,
24005,Аккумулятор для VeriFone VX600BT 550mah,akkumulyatory/promyshlennye/dlya-skanerov-shtrikh-kodov-i-terminalov/verifone,https://microchips.by/catalog/akkumulyatory/promyshlennye/dlya-skanerov-shtrikh-kodov-i-terminalov/verifone/24005/,550mah,,,,,,нет данных в бэкапе,,,
24006,"Аккумулятор для Symbol MC3090, MC3000, MC3070, MC30X0, MC3100, MC3190, (Btrymc30La), 2740mAh, 3.7V",akkumulyatory/promyshlennye/dlya-skanerov-shtrikh-kodov-i-terminalov/symbol,https://microchips.by/catalog/akkumulyatory/promyshlennye/dlya-skanerov-shtrikh-kodov-i-terminalov/symbol/24006/,2740mAh,3.7V,,,,,нет данных в бэкапе,,,
24007,"Аккумулятор для Symbol MC3090, MC3000, MC3070, MC30X0, MC3100, MC3190, (Btrymc30La), 4800mAh, 3.7V",akkumulyatory/promyshlennye/dlya-skanerov-shtrikh-kodov-i-terminalov/symbol,https://microchips.by/catalog/akkumulyatory/promyshlennye/dlya-skanerov-shtrikh-kodov-i-terminalov/symbol/24007/,4800mAh,3.7V,,,,,нет данных в бэкапе,,,
24008,"Аккумулятор для Symbol MC3300, MC3200, (BTRY-MC32-52MA-01), 5200mAh, 3.7V",akkumulyatory/promyshlennye/dlya-skanerov-shtrikh-kodov-i-terminalov/symbol,https://microchips.by/catalog/akkumulyatory/promyshlennye/dlya-skanerov-shtrikh-kodov-i-terminalov/symbol/24008/,5200mAh,3.7V,,,,,нет данных в бэкапе,,,
24009,"Аккумулятор для Symbol MC55, MC55A0, MC5590, MC5574, MC65, MC67, (BTRY-MC55EAB00), 3600mAh, 3.7V",akkumulyatory/promyshlennye/dlya-skanerov-shtrikh-kodov-i-terminalov/symbol,https://microchips.by/catalog/akkumulyatory/promyshlennye/dlya-skanerov-shtrikh-kodov-i-terminalov/symbol/24009/,3600mAh,3.7V,,,,,нет данных в бэкапе,,,
2401,"Аккумулятор AT 1000-15 для радиостанций (NiCd, 1200mAh, 1.2V)",akkumulyatory/promyshlennye/dlya_ratsiy,https://microchips.by/catalog/akkumulyatory/promyshlennye/dlya_ratsiy/2401/,1200mAh,1.2V,NiCd,,,,нет данных в бэкапе,,,
24010,"Аккумулятор для Symbol MC93, MC9300, (BT-000370), 6600mAh, 3.6V",akkumulyatory/promyshlennye/dlya-skanerov-shtrikh-kodov-i-terminalov/symbol,https://microchips.by/catalog/akkumulyatory/promyshlennye/dlya-skanerov-shtrikh-kodov-i-terminalov/symbol/24010/,6600mAh,3.6V,,,,,нет данных в бэкапе,,,
24011,"Аккумулятор для Symbol MC9500, (CS-MC950BL), 4600mAh, 3.7V",akkumulyatory/promyshlennye/dlya-skanerov-shtrikh-kodov-i-terminalov/symbol,https://microchips.by/catalog/akkumulyatory/promyshlennye/dlya-skanerov-shtrikh-kodov-i-terminalov/symbol/24011/,4600mAh,3.7V,,,,,нет данных в бэкапе,,,
24012,"Аккумулятор для Symbol MC9500, (CS-MC950BL), 7010mAh, 3.7V",akkumulyatory/promyshlennye/dlya-skanerov-shtrikh-kodov-i-terminalov/symbol,https://microchips.by/catalog/akkumulyatory/promyshlennye/dlya-skanerov-shtrikh-kodov-i-terminalov/symbol/24012/,7010mAh,3.7V,,,,,нет данных в бэкапе,,,
24013,"Аккумулятор для Zebra MC70, MC75, (BTRY-MC70EAB00), 1950mAh, 3.7V",akkumulyatory/promyshlennye/dlya-skanerov-shtrikh-kodov-i-terminalov/zebra,https://microchips.by/catalog/akkumulyatory/promyshlennye/dlya-skanerov-shtrikh-kodov-i-terminalov/zebra/24013/,1950mAh,3.7V,,,,,нет данных в бэкапе,,,
24014,"Аккумулятор для Zebra TC70, TC75, TC77, (BTRY-TC7X-46MAH-01), 4620mAh, 3.7V",akkumulyatory/promyshlennye/dlya-skanerov-shtrikh-kodov-i-terminalov/zebra,https://microchips.by/catalog/akkumulyatory/promyshlennye/dlya-skanerov-shtrikh-kodov-i-terminalov/zebra/24014/,46MAH,3.7V,,,,,нет данных в бэкапе,,,
24015,"Аккумулятор для Psion WA3006, WA3026 3300mah",akkumulyatory/promyshlennye/dlya-skanerov-shtrikh-kodov-i-terminalov/psion,https://microchips.by/catalog/akkumulyatory/promyshlennye/dlya-skanerov-shtrikh-kodov-i-terminalov/psion/24015/,3300mah,,,,,,нет данных в бэкапе,,,
24016,Аккумулятор для Panasonic JT-H300HT (1400-203047G) 1800mah,akkumulyatory/promyshlennye/dlya-skanerov-shtrikh-kodov-i-terminalov/panasonic,https://microchips.by/catalog/akkumulyatory/promyshlennye/dlya-skanerov-shtrikh-kodov-i-terminalov/panasonic/24016/,1800mah,,,,,,нет данных в бэкапе,,,
24017,Аккумулятор для Unitech HT660e(1400-203047G) 1800mah,akkumulyatory/promyshlennye/dlya-skanerov-shtrikh-kodov-i-terminalov/unitech,https://microchips.by/catalog/akkumulyatory/promyshlennye/dlya-skanerov-shtrikh-kodov-i-terminalov/unitech/24017/,1800mah,,,,,,нет данных в бэкапе,,,
24018,Аккумулятор для Keyence BT-600 (BTR0100) 1100mah,akkumulyatory/promyshlennye/dlya-skanerov-shtrikh-kodov-i-terminalov/keyence,https://microchips.by/catalog/akkumulyatory/promyshlennye/dlya-skanerov-shtrikh-kodov-i-terminalov/keyence/24018/,1100mah,,,,,,нет данных в бэкапе,,,
24019,Аккумулятор для Denso BHT500 (BTR0100) 1100mah,akkumulyatory/promyshlennye/dlya-skanerov-shtrikh-kodov-i-terminalov/denso,https://microchips.by/catalog/akkumulyatory/promyshlennye/dlya-skanerov-shtrikh-kodov-i-terminalov/denso/24019/,1100mah,,,,,,нет данных в бэкапе,,,
2402,"Аккумулятор AT 1086-12 для радиостанций (NiMH, 1200mAh, 2.4V)",akkumulyatory/promyshlennye/dlya_ratsiy,https://microchips.by/catalog/akkumulyatory/promyshlennye/dlya_ratsiy/2402/,1200mAh,2.4V,NiMH,,,,нет данных в бэкапе,,,
24020,Аккумулятор для Sagem CDK P2000 (RC600AA03AA) 1800mAh,akkumulyatory/promyshlennye/dlya-skanerov-shtrikh-kodov-i-terminalov/sagem,https://microchips.by/catalog/akkumulyatory/promyshlennye/dlya-skanerov-shtrikh-kodov-i-terminalov/sagem/24020/,1800mAh,,,,,,нет данных в бэкапе,,,
24021,"Аккумулятор для Zebra Omnii XT10, XT15 5200mAh",akkumulyatory/promyshlennye/dlya-skanerov-shtrikh-kodov-i-terminalov/zebra,https://microchips.by/catalog/akkumulyatory/promyshlennye/dlya-skanerov-shtrikh-kodov-i-terminalov/zebra/24021/,5200mAh,,,,,,нет данных в бэкапе,,,
24022,Аккумулятор для Leica Zeno 5 2400mAh,akkumulyatory/promyshlennye/dlya-skanerov-shtrikh-kodov-i-terminalov/leica,https://microchips.by/catalog/akkumulyatory/promyshlennye/dlya-skanerov-shtrikh-kodov-i-terminalov/leica/24022/,2400mAh,,,,,,нет данных в бэкапе,,,
24023,"Аккумулятор для Teklogix 7530 G2, 7535 G2 (1030070)",akkumulyatory/promyshlennye/dlya-skanerov-shtrikh-kodov-i-terminalov/tellogix,https://microchips.by/catalog/akkumulyatory/promyshlennye/dlya-skanerov-shtrikh-kodov-i-terminalov/tellogix/24023/,,,,,,,нет данных в бэкапе,,,
24024,"Аккумулятор для Teklogix 7530 G2, 7535 G2 2500mah",akkumulyatory/promyshlennye/dlya-skanerov-shtrikh-kodov-i-terminalov/tellogix,https://microchips.by/catalog/akkumulyatory/promyshlennye/dlya-skanerov-shtrikh-kodov-i-terminalov/tellogix/24024/,2500mah,,,,,,нет данных в бэкапе,,,
24025,"Аккумулятор для Motorola WorkAbout Pro 4, G1, G2",akkumulyatory/promyshlennye/dlya-skanerov-shtrikh-kodov-i-terminalov/motorola,https://microchips.by/catalog/akkumulyatory/promyshlennye/dlya-skanerov-shtrikh-kodov-i-terminalov/motorola/24025/,,,,,,,нет данных в бэкапе,,,
24026,Аккумулятор для Zebra SMB K3/470 1500mAh,akkumulyatory/promyshlennye/dlya-skanerov-shtrikh-kodov-i-terminalov/zebra,https://microchips.by/catalog/akkumulyatory/promyshlennye/dlya-skanerov-shtrikh-kodov-i-terminalov/zebra/24026/,1500mAh,,,,,,нет данных в бэкапе,,,
24027,Аккумулятор для Zebra WT41N0 (55-000166-01) 3400mah,akkumulyatory/promyshlennye/dlya-skanerov-shtrikh-kodov-i-terminalov/zebra,https://microchips.by/catalog/akkumulyatory/promyshlennye/dlya-skanerov-shtrikh-kodov-i-terminalov/zebra/24027/,3400mah,,,,,,нет данных в бэкапе,,,
24028,Аккумулятор для Motorola MC40 (82-160955-01) 2600mah,akkumulyatory/promyshlennye/dlya-skanerov-shtrikh-kodov-i-terminalov/motorola,https://microchips.by/catalog/akkumulyatory/promyshlennye/dlya-skanerov-shtrikh-kodov-i-terminalov/motorola/24028/,2600mah,,,,,,нет данных в бэкапе,,,
24029,Аккумулятор для Symbol MC40 (82-160955-01) 2600mah,akkumulyatory/promyshlennye/dlya-skanerov-shtrikh-kodov-i-terminalov/symbol,https://microchips.by/catalog/akkumulyatory/promyshlennye/dlya-skanerov-shtrikh-kodov-i-terminalov/symbol/24029/,2600mah,,,,,,нет данных в бэкапе,,,
2403,"Аккумулятор AT 10Д-08 для радиостанций (NiMH, 800mAh, 2.4V)",akkumulyatory/promyshlennye/dlya_ratsiy,https://microchips.by/catalog/akkumulyatory/promyshlennye/dlya_ratsiy/2403/,800mAh,2.4V,NiMH,,,,нет данных в бэкапе,,,
24030,"Аккумулятор для терминала сбора данных Symbol MC9000, MC9090",akkumulyatory/promyshlennye/dlya-skanerov-shtrikh-kodov-i-terminalov/symbol,https://microchips.by/catalog/akkumulyatory/promyshlennye/dlya-skanerov-shtrikh-kodov-i-terminalov/symbol/24030/,,,,,,,нет данных в бэкапе,,,
24031,Аккумулятор для терминала сбора данных Symbol TC70 TC75,akkumulyatory/promyshlennye/dlya-skanerov-shtrikh-kodov-i-terminalov/symbol,https://microchips.by/catalog/akkumulyatory/promyshlennye/dlya-skanerov-shtrikh-kodov-i-terminalov/symbol/24031/,,,,,,,нет данных в бэкапе,,,
24032,"Аккумулятор для терминала сбора данных Symbol MC9500, MC9590, MC9596, BSB-011, 3.7В, 4600мАч",akkumulyatory/promyshlennye/dlya-skanerov-shtrikh-kodov-i-terminalov/symbol,https://microchips.by/catalog/akkumulyatory/promyshlennye/dlya-skanerov-shtrikh-kodov-i-terminalov/symbol/24032/,4600мАч,3.7В,,,,,нет данных в бэкапе,,,
24033,"Аккумуляторная батарея 2200 mAh для терминала сбора данных Symbol LS3478, LS3578",akkumulyatory/promyshlennye/dlya-skanerov-shtrikh-kodov-i-terminalov/symbol,https://microchips.by/catalog/akkumulyatory/promyshlennye/dlya-skanerov-shtrikh-kodov-i-terminalov/symbol/24033/,2200 mAh,,,,,,нет данных в бэкапе,,,
24034,Аккумуляторная батарея 2400 mAh для терминала сбора данных Zebra MC21XX - BTRY-MC21EAB0E,akkumulyatory/promyshlennye/dlya-skanerov-shtrikh-kodov-i-terminalov/zebra,https://microchips.by/catalog/akkumulyatory/promyshlennye/dlya-skanerov-shtrikh-kodov-i-terminalov/zebra/24034/,2400 mAh,,,,,,нет данных в бэкапе,,,
24035,"Аккумуляторная батарея 3, 7 V 2740 mAh для терминала сбора данных Symbol MC3090",akkumulyatory/promyshlennye/dlya-skanerov-shtrikh-kodov-i-terminalov/symbol,https://microchips.by/catalog/akkumulyatory/promyshlennye/dlya-skanerov-shtrikh-kodov-i-terminalov/symbol/24035/,2740 mAh,7 V,,,,,нет данных в бэкапе,,,
24036,"Аккумуляторная батарея 3, 7 V 2740 mAh для терминала сбора данных Symbol MC3090 OEM",akkumulyatory/promyshlennye/dlya-skanerov-shtrikh-kodov-i-terminalov/symbol,https://microchips.by/catalog/akkumulyatory/promyshlennye/dlya-skanerov-shtrikh-kodov-i-terminalov/symbol/24036/,2740 mAh,7 V,,,,,нет данных в бэкапе,,,
24037,"Аккумуляторная батарея 3, 7 V 2940 mAh для терминала сбора данных Symbol MC36 TC55",akkumulyatory/promyshlennye/dlya-skanerov-shtrikh-kodov-i-terminalov/symbol,https://microchips.by/catalog/akkumulyatory/promyshlennye/dlya-skanerov-shtrikh-kodov-i-terminalov/symbol/24037/,2940 mAh,7 V,,,,,нет данных в бэкапе,,,
24038,"Аккумуляторная батарея 3, 7 V 4410 mAh для терминала сбора данных Symbol MC36 TC55",akkumulyatory/promyshlennye/dlya-skanerov-shtrikh-kodov-i-terminalov/symbol,https://microchips.by/catalog/akkumulyatory/promyshlennye/dlya-skanerov-shtrikh-kodov-i-terminalov/symbol/24038/,4410 mAh,7 V,,,,,нет данных в бэкапе,,,
24039,"Аккумуляторная батарея 3, 7V 3600mAh для терминала сбора данных Symbol MC55",akkumulyatory/promyshlennye/dlya-skanerov-shtrikh-kodov-i-terminalov/symbol,https://microchips.by/catalog/akkumulyatory/promyshlennye/dlya-skanerov-shtrikh-kodov-i-terminalov/symbol/24039/,3600mAh,7V,,,,,нет данных в бэкапе,,,
2404,"Аккумулятор AT 11-06 для радиостанций (NiCd, 600mAh, 1.2V)",akkumulyatory/promyshlennye/dlya_ratsiy,https://microchips.by/catalog/akkumulyatory/promyshlennye/dlya_ratsiy/2404/,600mAh,1.2V,NiCd,,,,нет данных в бэкапе,,,
24040,"Аккумуляторная батарея 3, 7V 4800 mAh для терминала сбора данных Symbol MC3090",akkumulyatory/promyshlennye/dlya-skanerov-shtrikh-kodov-i-terminalov/symbol,https://microchips.by/catalog/akkumulyatory/promyshlennye/dlya-skanerov-shtrikh-kodov-i-terminalov/symbol/24040/,4800 mAh,7V,,,,,нет данных в бэкапе,,,
24041,"Аккумуляторная батарея 3, 7V 4800mAh для терминала сбора данных Symbol MC9500",akkumulyatory/promyshlennye/dlya-skanerov-shtrikh-kodov-i-terminalov/symbol,https://microchips.by/catalog/akkumulyatory/promyshlennye/dlya-skanerov-shtrikh-kodov-i-terminalov/symbol/24041/,4800mAh,7V,,,,,нет данных в бэкапе,,,
24042,"Аккумуляторная батарея 3, 7V 7020mAh для терминала сбора данных Symbol MC9500",akkumulyatory/promyshlennye/dlya-skanerov-shtrikh-kodov-i-terminalov/symbol,https://microchips.by/catalog/akkumulyatory/promyshlennye/dlya-skanerov-shtrikh-kodov-i-terminalov/symbol/24042/,7020mAh,7V,,,,,нет данных в бэкапе,,,
24043,Аккумуляторная батарея 3.6V 750mAh для для терминала сбора данных Symbol LS4278 OEM,akkumulyatory/promyshlennye/dlya-skanerov-shtrikh-kodov-i-terminalov/symbol,https://microchips.by/catalog/akkumulyatory/promyshlennye/dlya-skanerov-shtrikh-kodov-i-terminalov/symbol/24043/,750mAh,3.6V,,,,,нет данных в бэкапе,,,
24044,"Аккумуляторная батарея 3.7B 3600мАч для терминала сбора данных Symbol MC55, MC65, MC67",akkumulyatory/promyshlennye/dlya-skanerov-shtrikh-kodov-i-terminalov/symbol,https://microchips.by/catalog/akkumulyatory/promyshlennye/dlya-skanerov-shtrikh-kodov-i-terminalov/symbol/24044/,3600мАч,,,,,,нет данных в бэкапе,,,
24045,"Аккумуляторная батарея 4300 mAh для терминала сбора данных Zebra TC51, TC56",akkumulyatory/promyshlennye/dlya-skanerov-shtrikh-kodov-i-terminalov/zebra,https://microchips.by/catalog/akkumulyatory/promyshlennye/dlya-skanerov-shtrikh-kodov-i-terminalov/zebra/24045/,4300 mAh,,,,,,нет данных в бэкапе,,,
24046,Аккумуляторная батарея 5200 mAh для терминала сбора данных Zebra MC3200 MC3300 серий,akkumulyatory/promyshlennye/dlya-skanerov-shtrikh-kodov-i-terminalov/zebra,https://microchips.by/catalog/akkumulyatory/promyshlennye/dlya-skanerov-shtrikh-kodov-i-terminalov/zebra/24046/,5200 mAh,,,,,,нет данных в бэкапе,,,
24047,Аккумуляторная батарея 5200 mAh для терминала сбора данных Symbol MC3200 MC3300 серий,akkumulyatory/promyshlennye/dlya-skanerov-shtrikh-kodov-i-terminalov/symbol,https://microchips.by/catalog/akkumulyatory/promyshlennye/dlya-skanerov-shtrikh-kodov-i-terminalov/symbol/24047/,5200 mAh,,,,,,нет данных в бэкапе,,,
24048,"Аккумуляторная батарея 7.4 V 2200 mAh для терминала сбора данных Symbol MC9000, MC9090",akkumulyatory/promyshlennye/dlya-skanerov-shtrikh-kodov-i-terminalov/symbol,https://microchips.by/catalog/akkumulyatory/promyshlennye/dlya-skanerov-shtrikh-kodov-i-terminalov/symbol/24048/,2200 mAh,7.4 V,,,,,нет данных в бэкапе,,,
24049,"Аккумуляторная батарея 7.4 V 2400 mAh для терминала сбора данных Symbol MC9000, MC9090 OEM",akkumulyatory/promyshlennye/dlya-skanerov-shtrikh-kodov-i-terminalov/symbol,https://microchips.by/catalog/akkumulyatory/promyshlennye/dlya-skanerov-shtrikh-kodov-i-terminalov/symbol/24049/,2400 mAh,7.4 V,,,,,нет данных в бэкапе,,,
24050,"Аккумуляторная батарея 7.4 V 2600 mAh для терминала сбора данных Symbol MC9000, MC9090",akkumulyatory/promyshlennye/dlya-skanerov-shtrikh-kodov-i-terminalov/symbol,https://microchips.by/catalog/akkumulyatory/promyshlennye/dlya-skanerov-shtrikh-kodov-i-terminalov/symbol/24050/,2600 mAh,7.4 V,,,,,нет данных в бэкапе,,,
24051,Аккумуляторная батарея 950 mAh для терминала сбора данных Symbol CS4070,akkumulyatory/promyshlennye/dlya-skanerov-shtrikh-kodov-i-terminalov/symbol,https://microchips.by/catalog/akkumulyatory/promyshlennye/dlya-skanerov-shtrikh-kodov-i-terminalov/symbol/24051/,950 mAh,,,,,,нет данных в бэкапе,,,
24052,Аккумуляторная батарея CS-MC90BX для терминала сбора данных Symbol MC9000 7.4V 3400mAh,akkumulyatory/promyshlennye/dlya-skanerov-shtrikh-kodov-i-terminalov/symbol,https://microchips.by/catalog/akkumulyatory/promyshlennye/dlya-skanerov-shtrikh-kodov-i-terminalov/symbol/24052/,3400mAh,7.4V,,,,,нет данных в бэкапе,,,
24053,Аккумуляторная батарея для терминала сбора данных Symbol MC3090 3.7V 4800mAh,akkumulyatory/promyshlennye/dlya-skanerov-shtrikh-kodov-i-terminalov/symbol,https://microchips.by/catalog/akkumulyatory/promyshlennye/dlya-skanerov-shtrikh-kodov-i-terminalov/symbol/24053/,4800mAh,3.7V,,,,,нет данных в бэкапе,,,
24054,"Аккумуляторная батарея для терминала сбора данных Symbol MC3190 3, 7V 4400mAh",akkumulyatory/promyshlennye/dlya-skanerov-shtrikh-kodov-i-terminalov/symbol,https://microchips.by/catalog/akkumulyatory/promyshlennye/dlya-skanerov-shtrikh-kodov-i-terminalov/symbol/24054/,4400mAh,7V,,,,,нет данных в бэкапе,,,
24055,"Аккумуляторная батарея для терминала сбора данных Symbol MC3190 3, 7V 6800mAh",akkumulyatory/promyshlennye/dlya-skanerov-shtrikh-kodov-i-terminalov/symbol,https://microchips.by/catalog/akkumulyatory/promyshlennye/dlya-skanerov-shtrikh-kodov-i-terminalov/symbol/24055/,6800mAh,7V,,,,,нет данных в бэкапе,,,
24056,"Аккумуляторная батарея для терминала сбора данных Symbol MC40 MC40C 2600mAh 3, 7V",akkumulyatory/promyshlennye/dlya-skanerov-shtrikh-kodov-i-terminalov/symbol,https://microchips.by/catalog/akkumulyatory/promyshlennye/dlya-skanerov-shtrikh-kodov-i-terminalov/symbol/24056/,2600mAh,7V,,,,,нет данных в бэкапе,,,
24057,Аккумуляторная батарея для терминала сбора данных Symbol MC55 3600mAh 3.7V,akkumulyatory/promyshlennye/dlya-skanerov-shtrikh-kodov-i-terminalov/symbol,https://microchips.by/catalog/akkumulyatory/promyshlennye/dlya-skanerov-shtrikh-kodov-i-terminalov/symbol/24057/,3600mAh,3.7V,,,,,нет данных в бэкапе,,,
24058,Аккумуляторная батарея для терминала сбора данных Symbol MC9000 7.4V 2200mAh,akkumulyatory/promyshlennye/dlya-skanerov-shtrikh-kodov-i-terminalov/symbol,https://microchips.by/catalog/akkumulyatory/promyshlennye/dlya-skanerov-shtrikh-kodov-i-terminalov/symbol/24058/,2200mAh,7.4V,,,,,нет данных в бэкапе,,,
24059,"Аккумуляторная батарея для терминала сбора данных Symbol MC9000, MC9090 7.4 V 2600mAh",akkumulyatory/promyshlennye/dlya-skanerov-shtrikh-kodov-i-terminalov/symbol,https://microchips.by/catalog/akkumulyatory/promyshlennye/dlya-skanerov-shtrikh-kodov-i-terminalov/symbol/24059/,2600mAh,7.4 V,,,,,нет данных в бэкапе,,,
2406,"Аккумулятор AT 1105-12 для радиостанций (NiCd, 1200mAh, 1.2V)",akkumulyatory/promyshlennye/dlya_ratsiy,https://microchips.by/catalog/akkumulyatory/promyshlennye/dlya_ratsiy/2406/,1200mAh,1.2V,NiCd,,,,нет данных в бэкапе,,,
24060,"Аккумуляторная батарея для терминала сбора данных Symbol MC9500 3, 7V 4600mAh",akkumulyatory/promyshlennye/dlya-skanerov-shtrikh-kodov-i-terminalov/symbol,https://microchips.by/catalog/akkumulyatory/promyshlennye/dlya-skanerov-shtrikh-kodov-i-terminalov/symbol/24060/,4600mAh,7V,,,,,нет данных в бэкапе,,,
24061,Аккумуляторная батарея для терминала сбора данных Symbol RS50 RS507 1940mAh 3.7V Li-ion,akkumulyatory/promyshlennye/dlya-skanerov-shtrikh-kodov-i-terminalov/symbol,https://microchips.by/catalog/akkumulyatory/promyshlennye/dlya-skanerov-shtrikh-kodov-i-terminalov/symbol/24061/,1940mAh,3.7V,Li-ion,,,,нет данных в бэкапе,,,
24062,Аккумуляторная батарея для терминала сбора данных Symbol RS50 RS507 970mAh,akkumulyatory/promyshlennye/dlya-skanerov-shtrikh-kodov-i-terminalov/symbol,https://microchips.by/catalog/akkumulyatory/promyshlennye/dlya-skanerov-shtrikh-kodov-i-terminalov/symbol/24062/,970mAh,,,,,,нет данных в бэкапе,,,
24063,"Аккумулятор BTRY-WT40IAB0H для Symbol WT4000, WT4070, WT4090, WT41N0 (BSB-003)",akkumulyatory/promyshlennye/dlya-skanerov-shtrikh-kodov-i-terminalov/symbol,https://microchips.by/catalog/akkumulyatory/promyshlennye/dlya-skanerov-shtrikh-kodov-i-terminalov/symbol/24063/,,,,,,,нет данных в бэкапе,,,
24064,Аккумулятор для Handheld Nautiz X5 eTicket (NX5-2004) 5200mah,akkumulyatory/promyshlennye/dlya-skanerov-shtrikh-kodov-i-terminalov/handheld,https://microchips.by/catalog/akkumulyatory/promyshlennye/dlya-skanerov-shtrikh-kodov-i-terminalov/handheld/24064/,5200mah,,,,,,нет данных в бэкапе,,,
24065,"Аккумулятор для Motorola PDT, PPT, SPT серии 1800mah",akkumulyatory/promyshlennye/dlya-skanerov-shtrikh-kodov-i-terminalov/motorola,https://microchips.by/catalog/akkumulyatory/promyshlennye/dlya-skanerov-shtrikh-kodov-i-terminalov/motorola/24065/,1800mah,,,,,,нет данных в бэкапе,,,
2407,"Аккумулятор AT 1105-16 для радиостанций (NiMH, 1200mAh, 1.2V)",akkumulyatory/promyshlennye/dlya_ratsiy,https://microchips.by/catalog/akkumulyatory/promyshlennye/dlya_ratsiy/2407/,1200mAh,1.2V,NiMH,,,,нет данных в бэкапе,,,
2409,"Аккумулятор AT 1105-18 для радиостанций (NiMH, 1200mAh, 1.2V)",akkumulyatory/promyshlennye/dlya_ratsiy,https://microchips.by/catalog/akkumulyatory/promyshlennye/dlya_ratsiy/2409/,1200mAh,1.2V,NiMH,,,,нет данных в бэкапе,,,
2410,"Аккумулятор AT 1105-22 для радиостанций (NiMH, 1200mAh, 1.2V)",akkumulyatory/promyshlennye/dlya_ratsiy,https://microchips.by/catalog/akkumulyatory/promyshlennye/dlya_ratsiy/2410/,1200mAh,1.2V,NiMH,,,,нет данных в бэкапе,,,
2411,"АккумуляторAT 1155-11 для радиостанций  (NiMH, 1100mAh, 2.4V)",akkumulyatory/promyshlennye/dlya_ratsiy,https://microchips.by/catalog/akkumulyatory/promyshlennye/dlya_ratsiy/2411/,1100mAh,2.4V,NiMH,,,,нет данных в бэкапе,,,
2412,"Аккумулятор AT 12-12 для радиостанций (NiMH, 1200mAh, 2.4V)",akkumulyatory/promyshlennye/dlya_ratsiy,https://microchips.by/catalog/akkumulyatory/promyshlennye/dlya_ratsiy/2412/,1200mAh,2.4V,NiMH,,,,нет данных в бэкапе,,,
2413,"Аккумулятор AT 1200-12 для радиостанций (NiCd, 1200mAh, 7.2V)",akkumulyatory/promyshlennye/dlya_ratsiy,https://microchips.by/catalog/akkumulyatory/promyshlennye/dlya_ratsiy/2413/,1200mAh,7.2V,NiCd,,,,нет данных в бэкапе,,,
2415,"Аккумулятор AT 14-16 для радиостанций (NiMH, 1000mAh, 1.2V)",akkumulyatory/promyshlennye/dlya_ratsiy,https://microchips.by/catalog/akkumulyatory/promyshlennye/dlya_ratsiy/2415/,1000mAh,1.2V,NiMH,,,,нет данных в бэкапе,,,
2416,"Аккумулятор AT 14-18 для радиостанций (NiMH, 1000mAh, 1.2V)",akkumulyatory/promyshlennye/dlya_ratsiy,https://microchips.by/catalog/akkumulyatory/promyshlennye/dlya_ratsiy/2416/,1000mAh,1.2V,NiMH,,,,нет данных в бэкапе,,,
2417,"Аккумулятор AT 140-15 для радиостанций (NiCd, 1500mAh, 1.2V)",akkumulyatory/promyshlennye/dlya_ratsiy,https://microchips.by/catalog/akkumulyatory/promyshlennye/dlya_ratsiy/2417/,1500mAh,1.2V,NiCd,,,,нет данных в бэкапе,,,
2418,"Аккумулятор AT 1400-16 для радиостанций (NiMH, 1600mAh, 2.4V)",akkumulyatory/promyshlennye/dlya_ratsiy,https://microchips.by/catalog/akkumulyatory/promyshlennye/dlya_ratsiy/2418/,1600mAh,2.4V,NiMH,,,,нет данных в бэкапе,,,
2419,"Аккумулятор AT 1400-18 для радиостанций (NiMH, 1600mAh, 2.4V)",akkumulyatory/promyshlennye/dlya_ratsiy,https://microchips.by/catalog/akkumulyatory/promyshlennye/dlya_ratsiy/2419/,1600mAh,2.4V,NiMH,,,,нет данных в бэкапе,,,
2420,Аккумулятор для радиостанций AT 142-21 (Ni-MH),akkumulyatory/promyshlennye/dlya_ratsiy,https://microchips.by/catalog/akkumulyatory/promyshlennye/dlya_ratsiy/2420/,,,,,,,нет данных в бэкапе,,,
2421,Аккумулятор для радиостанций AT 1450-07 (Ni-Cd),akkumulyatory/promyshlennye/dlya_ratsiy,https://microchips.by/catalog/akkumulyatory/promyshlennye/dlya_ratsiy/2421/,,,,,,,нет данных в бэкапе,,,
2422,Аккумулятор для радиостанций AT 1450-10 (Ni-MH),akkumulyatory/promyshlennye/dlya_ratsiy,https://microchips.by/catalog/akkumulyatory/promyshlennye/dlya_ratsiy/2422/,,,,,,,нет данных в бэкапе,,,
2423,Аккумулятор для радиостанций AT 15-12 (Ni-Cd),akkumulyatory/promyshlennye/dlya_ratsiy,https://microchips.by/catalog/akkumulyatory/promyshlennye/dlya_ratsiy/2423/,,,,,,,нет данных в бэкапе,,,
2424,Аккумулятор для радиостанций AT 15-16 (Ni-MH),akkumulyatory/promyshlennye/dlya_ratsiy,https://microchips.by/catalog/akkumulyatory/promyshlennye/dlya_ratsiy/2424/,,,,,,,нет данных в бэкапе,,,
2425,Аккумулятор для радиостанций AT 15-18,akkumulyatory/promyshlennye/dlya_ratsiy,https://microchips.by/catalog/akkumulyatory/promyshlennye/dlya_ratsiy/2425/,,,,,,,нет данных в бэкапе,,,
2426,Аккумулятор для радиостанций AT 15-21 (Ni-MH),akkumulyatory/promyshlennye/dlya_ratsiy,https://microchips.by/catalog/akkumulyatory/promyshlennye/dlya_ratsiy/2426/,,,,,,,нет данных в бэкапе,,,
2427,Аккумулятор для радиостанций AT 152-06 (Ni-Cd),akkumulyatory/promyshlennye/dlya_ratsiy,https://microchips.by/catalog/akkumulyatory/promyshlennye/dlya_ratsiy/2427/,,,,,,,нет данных в бэкапе,,,
2429,Аккумулятор для радиостанций AT 1550-14 (Ni-MH),akkumulyatory/promyshlennye/dlya_ratsiy,https://microchips.by/catalog/akkumulyatory/promyshlennye/dlya_ratsiy/2429/,,,,,,,нет данных в бэкапе,,,
2430,Аккумулятор для радиостанций AT 16-10 (Ni-Cd),akkumulyatory/promyshlennye/dlya_ratsiy,https://microchips.by/catalog/akkumulyatory/promyshlennye/dlya_ratsiy/2430/,,,,,,,нет данных в бэкапе,,,
2431,Аккумулятор для радиостанций AT 16-13 (Ni-MH),akkumulyatory/promyshlennye/dlya_ratsiy,https://microchips.by/catalog/akkumulyatory/promyshlennye/dlya_ratsiy/2431/,,,,,,,нет данных в бэкапе,,,
2432,Аккумулятор для радиостанций AT 166-07 (Ni-Сd),akkumulyatory/promyshlennye/dlya_ratsiy,https://microchips.by/catalog/akkumulyatory/promyshlennye/dlya_ratsiy/2432/,,,,,,,нет данных в бэкапе,,,
2433,Аккумулятор для радиостанций AT 166-10 (Ni-MH),akkumulyatory/promyshlennye/dlya_ratsiy,https://microchips.by/catalog/akkumulyatory/promyshlennye/dlya_ratsiy/2433/,,,,,,,нет данных в бэкапе,,,
2434,Аккумулятор для радиостанций AT 17-12 (Ni-Cd),akkumulyatory/promyshlennye/dlya_ratsiy,https://microchips.by/catalog/akkumulyatory/promyshlennye/dlya_ratsiy/2434/,,,,,,,нет данных в бэкапе,,,
2435,Аккумулятор для радиостанций AT 17-18 (Ni-MH),akkumulyatory/promyshlennye/dlya_ratsiy,https://microchips.by/catalog/akkumulyatory/promyshlennye/dlya_ratsiy/2435/,,,,,,,нет данных в бэкапе,,,
2436,Аккумулятор для радиостанций AT 173-07 (Ni-MH),akkumulyatory/promyshlennye/dlya_ratsiy,https://microchips.by/catalog/akkumulyatory/promyshlennye/dlya_ratsiy/2436/,,,,,,,нет данных в бэкапе,,,
2437,Аккумулятор для радиостанций AT 17ВБ-15 (Ni-MH),akkumulyatory/promyshlennye/dlya_ratsiy,https://microchips.by/catalog/akkumulyatory/promyshlennye/dlya_ratsiy/2437/,,,,,,,нет данных в бэкапе,,,
2438,Аккумулятор для радиостанций AT 191202-14 (Ni-Cd),akkumulyatory/promyshlennye/dlya_ratsiy,https://microchips.by/catalog/akkumulyatory/promyshlennye/dlya_ratsiy/2438/,,,,,,,нет данных в бэкапе,,,
2439,Аккумулятор для радиостанций AT 191202-22 (Ni-MH),akkumulyatory/promyshlennye/dlya_ratsiy,https://microchips.by/catalog/akkumulyatory/promyshlennye/dlya_ratsiy/2439/,,,,,,,нет данных в бэкапе,,,
2440,Аккумулятор для радиостанций AT 196-10 (Ni-Cd),akkumulyatory/promyshlennye/dlya_ratsiy,https://microchips.by/catalog/akkumulyatory/promyshlennye/dlya_ratsiy/2440/,,,,,,,нет данных в бэкапе,,,
2441,Аккумулятор для радиостанций AT 196-13 (Ni-MH),akkumulyatory/promyshlennye/dlya_ratsiy,https://microchips.by/catalog/akkumulyatory/promyshlennye/dlya_ratsiy/2441/,,,,,,,нет данных в бэкапе,,,
2442,Аккумулятор для радиостанций AT 196-16 (Ni-MH),akkumulyatory/promyshlennye/dlya_ratsiy,https://microchips.by/catalog/akkumulyatory/promyshlennye/dlya_ratsiy/2442/,,,,,,,нет данных в бэкапе,,,
2443,Аккумулятор для радиостанций AT 19A-12 (Ni-Cd),akkumulyatory/promyshlennye/dlya_ratsiy,https://microchips.by/catalog/akkumulyatory/promyshlennye/dlya_ratsiy/2443/,,,,,,,нет данных в бэкапе,,,
2444,Аккумулятор для радиостанций AT 200-07 (Ni-MH),akkumulyatory/promyshlennye/dlya_ratsiy,https://microchips.by/catalog/akkumulyatory/promyshlennye/dlya_ratsiy/2444/,,,,,,,нет данных в бэкапе,,,
24445,"Аккумулятор Contact GPL 12-40 (AGM, 40Ah)",akkumulyatory/dlya_ibp/agm,https://microchips.by/catalog/akkumulyatory/dlya_ibp/agm/24445/,40Ah,,AGM,Contact,GPL 12-40,,zero_or_invalid,Y,,
24446,"Аккумулятор Contact GPL 12-26 (AGM, 26Ah)",akkumulyatory/dlya_ibp/agm,https://microchips.by/catalog/akkumulyatory/dlya_ibp/agm/24446/,26Ah,,AGM,Contact,GPL 12-26,110,ok,Y,,
24447,"Аккумулятор Contact GP 12-18 (AGM, 18Ah)",akkumulyatory/dlya_ibp/agm,https://microchips.by/catalog/akkumulyatory/dlya_ibp/agm/24447/,18Ah,,AGM,Contact,GP 12-18,70,ok,Y,,
24448,"Аккумулятор Contact GP 12-12 (AGM, 12Ah)",akkumulyatory/dlya_ibp/agm,https://microchips.by/catalog/akkumulyatory/dlya_ibp/agm/24448/,12Ah,,AGM,Contact,GP 12-12,42,ok,Y,,
24449,"Аккумулятор Contact GP 12-7 (AGM, 7Ah)",akkumulyatory/dlya_ibp/agm,https://microchips.by/catalog/akkumulyatory/dlya_ibp/agm/24449/,7Ah,,AGM,Contact,GP 12-7,28,ok,Y,,
24450,"Аккумулятор Contact КТ 12-40 (AGM, 40Ah)",akkumulyatory/dlya_ibp/agm,https://microchips.by/catalog/akkumulyatory/dlya_ibp/agm/24450/,40Ah,,AGM,Contact,КТ 12-40,,zero_or_invalid,Y,,
24451,"Аккумулятор Contact КТ 12-7 (AGM, 7Ah)",akkumulyatory/dlya_ibp/agm,https://microchips.by/catalog/akkumulyatory/dlya_ibp/agm/24451/,7Ah,,AGM,Contact,КТ 12-7,25,ok,Y,,
2446,Аккумулятор для радиостанций AT 2000-18,akkumulyatory/promyshlennye/dlya_ratsiy,https://microchips.by/catalog/akkumulyatory/promyshlennye/dlya_ratsiy/2446/,,,,,,,нет данных в бэкапе,,,
2447,Аккумулятор для радиостанций AT 202-15 (Ni-MH),akkumulyatory/promyshlennye/dlya_ratsiy,https://microchips.by/catalog/akkumulyatory/promyshlennye/dlya_ratsiy/2447/,,,,,,,нет данных в бэкапе,,,
2448,Аккумулятор для радиостанций AT 209-10 (Ni-Cd),akkumulyatory/promyshlennye/dlya_ratsiy,https://microchips.by/catalog/akkumulyatory/promyshlennye/dlya_ratsiy/2448/,,,,,,,нет данных в бэкапе,,,
2449,Аккумулятор для радиостанций AT 21-10 (Ni-Cd),akkumulyatory/promyshlennye/dlya_ratsiy,https://microchips.by/catalog/akkumulyatory/promyshlennye/dlya_ratsiy/2449/,,,,,,,нет данных в бэкапе,,,
2450,Аккумулятор для радиостанций AT 21-15 (Ni-MH),akkumulyatory/promyshlennye/dlya_ratsiy,https://microchips.by/catalog/akkumulyatory/promyshlennye/dlya_ratsiy/2450/,,,,,,,нет данных в бэкапе,,,
2451,Аккумулятор для радиостанций AT 21-18 (Ni-MH),akkumulyatory/promyshlennye/dlya_ratsiy,https://microchips.by/catalog/akkumulyatory/promyshlennye/dlya_ratsiy/2451/,,,,,,,нет данных в бэкапе,,,
24517,"Аккумулятор EnerSys Cyclon BC Cell (AGM, 25 Ah)",akkumulyatory/promyshlennye,https://microchips.by/catalog/akkumulyatory/promyshlennye/24517/,25 Ah,,AGM,EnerSys,Cyclon BC Cell,,zero_or_invalid,Y,,
24518,"Аккумулятор EnerSys Cyclon E Cell (AGM, 8 Ah, 2V)",akkumulyatory/promyshlennye,https://microchips.by/catalog/akkumulyatory/promyshlennye/24518/,8 Ah,2V,AGM,EnerSys,Cyclon E Cell,96,ok,Y,,
24519,"Аккумулятор EnerSys Cyclon DT Cell (AGM, 4.5 Ah, 2V)",akkumulyatory/promyshlennye,https://microchips.by/catalog/akkumulyatory/promyshlennye/24519/,4.5 Ah,2V,AGM,EnerSys,Cyclon DT Cell,105,ok,Y,,
2452,Аккумулятор для радиостанций AT 210-16 (Ni-MH),akkumulyatory/promyshlennye/dlya_ratsiy,https://microchips.by/catalog/akkumulyatory/promyshlennye/dlya_ratsiy/2452/,,,,,,,нет данных в бэкапе,,,
24520,"Аккумулятор EnerSys Cyclon 0800-F2W (AGM, 5Ah, 4V)",akkumulyatory/promyshlennye,https://microchips.by/catalog/akkumulyatory/promyshlennye/24520/,5Ah,4V,AGM,EnerSys,Cyclon 0800-F2W,190,ok,Y,,
24521,"Аккумулятор EnerSys Cyclon 0800-0009 (AGM, 5Ah, 4V)",akkumulyatory/promyshlennye,https://microchips.by/catalog/akkumulyatory/promyshlennye/24521/,5Ah,4V,AGM,EnerSys,Cyclon 0800-0009,190,ok,Y,,
24522,"Аккумулятор EnerSys Cyclon 0800-0010 (AGM, 5Ah, 4V)",akkumulyatory/promyshlennye,https://microchips.by/catalog/akkumulyatory/promyshlennye/24522/,5Ah,4V,AGM,EnerSys,Cyclon 0800-0010,190,ok,Y,,
24523,"Аккумулятор EnerSys Cyclon 0810-0123 (AGM, 2.5Ah, 4V)",akkumulyatory/promyshlennye,https://microchips.by/catalog/akkumulyatory/promyshlennye/24523/,2.5Ah,4V,AGM,EnerSys,Cyclon 0810-0123,165,ok,Y,,
24524,"Аккумулятор EnerSys Cyclon 0800-0011 (AGM, 5Ah, 6V)",akkumulyatory/promyshlennye,https://microchips.by/catalog/akkumulyatory/promyshlennye/24524/,5Ah,6V,AGM,EnerSys,Cyclon 0800-0011,240,ok,Y,,
24525,"Аккумулятор EnerSys Cyclon 0800-0071 (AGM, 5Ah, 6V)",akkumulyatory/promyshlennye,https://microchips.by/catalog/akkumulyatory/promyshlennye/24525/,5Ah,6V,AGM,EnerSys,Cyclon 0800-0071,240,ok,Y,,
24526,"Аккумулятор EnerSys Cyclon 0810-0011 (AGM, 2.5Ah, 6V)",akkumulyatory/promyshlennye,https://microchips.by/catalog/akkumulyatory/promyshlennye/24526/,2.5Ah,6V,AGM,EnerSys,Cyclon 0810-0011,195,ok,Y,,
24527,"Аккумулятор EnerSys Cyclon 0810-0077 (AGM, 2.5Ah, 6V)",akkumulyatory/promyshlennye,https://microchips.by/catalog/akkumulyatory/promyshlennye/24527/,2.5Ah,6V,AGM,EnerSys,Cyclon 0810-0077,195,ok,Y,,
24528,"Аккумулятор EnerSys Cyclon 0800-0102 (AGM, 5Ah, 6V)",akkumulyatory/promyshlennye,https://microchips.by/catalog/akkumulyatory/promyshlennye/24528/,5Ah,6V,AGM,EnerSys,Cyclon 0800-0102,240,ok,Y,,
24529,"Аккумулятор EnerSys Cyclon 0800-0103 (AGM, 5Ah, 6V)",akkumulyatory/promyshlennye,https://microchips.by/catalog/akkumulyatory/promyshlennye/24529/,5Ah,6V,AGM,EnerSys,Cyclon 0800-0103,240,ok,Y,,
2453,Аккумулятор для радиостанций AT 210-18 (Ni-MH),akkumulyatory/promyshlennye/dlya_ratsiy,https://microchips.by/catalog/akkumulyatory/promyshlennye/dlya_ratsiy/2453/,,,,,,,нет данных в бэкапе,,,
24530,"Аккумулятор EnerSys Cyclon 0810-0102 (AGM, 2.5Ah, 6V)",akkumulyatory/promyshlennye,https://microchips.by/catalog/akkumulyatory/promyshlennye/24530/,2.5Ah,6V,AGM,EnerSys,Cyclon 0810-0102,195,ok,Y,,
24531,"Аккумулятор EnerSys Cyclon 0810-0103 (AGM, 2.5Ah, 6V)",akkumulyatory/promyshlennye,https://microchips.by/catalog/akkumulyatory/promyshlennye/24531/,2.5Ah,6V,AGM,EnerSys,Cyclon 0810-0103,195,ok,Y,,
24532,"Аккумулятор EnerSys Cyclon 0820-0014 (AGM, 25Ah, 6V)",akkumulyatory/promyshlennye,https://microchips.by/catalog/akkumulyatory/promyshlennye/24532/,25Ah,6V,AGM,EnerSys,Cyclon 0820-0014,675,ok,Y,,
24533,"Аккумулятор EnerSys Cyclon 0850-0102 (AGM, 8Ah, 6V)",akkumulyatory/promyshlennye,https://microchips.by/catalog/akkumulyatory/promyshlennye/24533/,8Ah,6V,AGM,EnerSys,Cyclon 0850-0102,270,ok,Y,,
24534,"Аккумулятор EnerSys Cyclon 0850-0103 (AGM, 8Ah, 6V)",akkumulyatory/promyshlennye,https://microchips.by/catalog/akkumulyatory/promyshlennye/24534/,8Ah,6V,AGM,EnerSys,Cyclon 0850-0103,270,ok,Y,,
24535,"Аккумулятор EnerSys Cyclon 0860-0102 (AGM, 4.5Ah, 6V)",akkumulyatory/promyshlennye,https://microchips.by/catalog/akkumulyatory/promyshlennye/24535/,4.5Ah,6V,AGM,EnerSys,Cyclon 0860-0102,297,ok,Y,,
24536,"Аккумулятор EnerSys Cyclon 0860-0103 (AGM, 4.5Ah, 6V)",akkumulyatory/promyshlennye,https://microchips.by/catalog/akkumulyatory/promyshlennye/24536/,4.5Ah,6V,AGM,EnerSys,Cyclon 0860-0103,297,ok,Y,,
24537,"Аккумулятор EnerSys Cyclon 0800-0104 (AGM, 5Ah, 8V)",akkumulyatory/promyshlennye,https://microchips.by/catalog/akkumulyatory/promyshlennye/24537/,5Ah,8V,AGM,EnerSys,Cyclon 0800-0104,300,ok,Y,,
24538,"Аккумулятор EnerSys Cyclon 0800-0105 (AGM, 5Ah, 8V)",akkumulyatory/promyshlennye,https://microchips.by/catalog/akkumulyatory/promyshlennye/24538/,5Ah,8V,AGM,EnerSys,Cyclon 0800-0105,300,ok,Y,,
24539,"Аккумулятор EnerSys Cyclon 0810-0104 (AGM, 2.5Ah, 8V)",akkumulyatory/promyshlennye,https://microchips.by/catalog/akkumulyatory/promyshlennye/24539/,2.5Ah,8V,AGM,EnerSys,Cyclon 0810-0104,240,ok,Y,,
2454,Аккумулятор для радиостанций AT 210-21 (Ni-MH),akkumulyatory/promyshlennye/dlya_ratsiy,https://microchips.by/catalog/akkumulyatory/promyshlennye/dlya_ratsiy/2454/,,,,,,,нет данных в бэкапе,,,
24540,"Аккумулятор EnerSys Cyclon 0810-0105 (AGM, 2.5Ah, 8V)",akkumulyatory/promyshlennye,https://microchips.by/catalog/akkumulyatory/promyshlennye/24540/,2.5Ah,8V,AGM,EnerSys,Cyclon 0810-0105,240,ok,Y,,
24541,"Аккумулятор EnerSys Cyclon 0800-0008 (AGM, 5Ah, 12V)",akkumulyatory/promyshlennye,https://microchips.by/catalog/akkumulyatory/promyshlennye/24541/,5Ah,12V,AGM,EnerSys,Cyclon 0800-0008,450,ok,Y,,
24542,"Аккумулятор EnerSys Cyclon 0800-0016 (AGM, 5Ah, 12V)",akkumulyatory/promyshlennye,https://microchips.by/catalog/akkumulyatory/promyshlennye/24542/,5Ah,12V,AGM,EnerSys,Cyclon 0800-0016,450,ok,Y,,
24543,"Аккумулятор EnerSys Cyclon 0800-0047 (AGM, 5Ah, 12V)",akkumulyatory/promyshlennye,https://microchips.by/catalog/akkumulyatory/promyshlennye/24543/,5Ah,12V,AGM,EnerSys,Cyclon 0800-0047,450,ok,Y,,
24544,"Аккумулятор EnerSys Cyclon 0800-0072 (AGM, 5Ah, 12V)",akkumulyatory/promyshlennye,https://microchips.by/catalog/akkumulyatory/promyshlennye/24544/,5Ah,12V,AGM,EnerSys,Cyclon 0800-0072,450,ok,Y,,
24545,"Аккумулятор EnerSys Cyclon 0800-0108 (AGM, 5Ah, 12V)",akkumulyatory/promyshlennye,https://microchips.by/catalog/akkumulyatory/promyshlennye/24545/,5Ah,12V,AGM,EnerSys,Cyclon 0800-0108,450,ok,Y,,
24546,"Аккумулятор EnerSys Cyclon 0800-0109 (AGM, 5Ah, 12V)",akkumulyatory/promyshlennye,https://microchips.by/catalog/akkumulyatory/promyshlennye/24546/,5Ah,12V,AGM,EnerSys,Cyclon 0800-0109,450,ok,Y,,
24549,"Аккумулятор EnerSys Cyclon 0800-0114 (AGM, 5Ah, 12V)",akkumulyatory/promyshlennye,https://microchips.by/catalog/akkumulyatory/promyshlennye/24549/,5Ah,12V,AGM,EnerSys,Cyclon 0800-0114,450,ok,Y,,
2455,Аккумулятор для радиостанций AT 210ВБ-16 (Ni-MH),akkumulyatory/promyshlennye/dlya_ratsiy,https://microchips.by/catalog/akkumulyatory/promyshlennye/dlya_ratsiy/2455/,,,,,,,нет данных в бэкапе,,,
24550,"Аккумулятор EnerSys Cyclon 0800-0115 (AGM, 5Ah, 12V)",akkumulyatory/promyshlennye,https://microchips.by/catalog/akkumulyatory/promyshlennye/24550/,5Ah,12V,AGM,EnerSys,Cyclon 0800-0115,450,ok,Y,,
24551,"Аккумулятор EnerSys Cyclon 0810-0008 (AGM, 2.5Ah, 12V)",akkumulyatory/promyshlennye,https://microchips.by/catalog/akkumulyatory/promyshlennye/24551/,2.5Ah,12V,AGM,EnerSys,Cyclon 0810-0008,375,ok,Y,,
24552,"Аккумулятор EnerSys Cyclon 0810-0016 (AGM, 2.5Ah, 12V)",akkumulyatory/promyshlennye,https://microchips.by/catalog/akkumulyatory/promyshlennye/24552/,2.5Ah,12V,AGM,EnerSys,Cyclon 0810-0016,375,ok,Y,,
24553,"Аккумулятор EnerSys Cyclon 0810-0067 (AGM, 2.5Ah, 12V)",akkumulyatory/promyshlennye,https://microchips.by/catalog/akkumulyatory/promyshlennye/24553/,2.5Ah,12V,AGM,EnerSys,Cyclon 0810-0067,375,ok,Y,,
24554,"Аккумулятор EnerSys Cyclon 0810-0075 (AGM, 2.5Ah, 12V)",akkumulyatory/promyshlennye,https://microchips.by/catalog/akkumulyatory/promyshlennye/24554/,2.5Ah,12V,AGM,EnerSys,Cyclon 0810-0075,375,ok,Y,,
24555,"Аккумулятор EnerSys Cyclon 0810-0108 (AGM, 2.5Ah, 12V)",akkumulyatory/promyshlennye,https://microchips.by/catalog/akkumulyatory/promyshlennye/24555/,2.5Ah,12V,AGM,EnerSys,Cyclon 0810-0108,375,ok,Y,,
24556,"Аккумулятор EnerSys Cyclon 0800-0109 (AGM, 2.5Ah, 12V)",akkumulyatory/promyshlennye,https://microchips.by/catalog/akkumulyatory/promyshlennye/24556/,2.5Ah,12V,AGM,EnerSys,Cyclon 0800-0109,375,ok,Y,,
24557,"Аккумулятор EnerSys Cyclon 0800-0114 (AGM, 2.5Ah, 12V)",akkumulyatory/promyshlennye,https://microchips.by/catalog/akkumulyatory/promyshlennye/24557/,2.5Ah,12V,AGM,EnerSys,Cyclon 0800-0114,375,ok,Y,,
24558,"Аккумулятор EnerSys Cyclon 0800-0115 (AGM, 2.5Ah, 12V)",akkumulyatory/promyshlennye,https://microchips.by/catalog/akkumulyatory/promyshlennye/24558/,2.5Ah,12V,AGM,EnerSys,Cyclon 0800-0115,375,ok,Y,,
24559,"Аккумулятор EnerSys Cyclon 0820-0020 (AGM, 25Ah, 12V)",akkumulyatory/promyshlennye,https://microchips.by/catalog/akkumulyatory/promyshlennye/24559/,25Ah,12V,AGM,EnerSys,Cyclon 0820-0020,1278,ok,Y,,
2456,Аккумулятор для радиостанций AT 211-22,akkumulyatory/promyshlennye/dlya_ratsiy,https://microchips.by/catalog/akkumulyatory/promyshlennye/dlya_ratsiy/2456/,,,,,,,нет данных в бэкапе,,,
24560,"Аккумулятор EnerSys Cyclon 0850-0108 (AGM, 8Ah, 12V)",akkumulyatory/promyshlennye,https://microchips.by/catalog/akkumulyatory/promyshlennye/24560/,8Ah,12V,AGM,EnerSys,Cyclon 0850-0108,546,ok,Y,,
24561,"Аккумулятор EnerSys Cyclon 0850-0109 (AGM, 8Ah, 12V)",akkumulyatory/promyshlennye,https://microchips.by/catalog/akkumulyatory/promyshlennye/24561/,8Ah,12V,AGM,EnerSys,Cyclon 0850-0109,546,ok,Y,,
24562,"Аккумулятор EnerSys Cyclon 0850-0114 (AGM, 8Ah, 12V)",akkumulyatory/promyshlennye,https://microchips.by/catalog/akkumulyatory/promyshlennye/24562/,8Ah,12V,AGM,EnerSys,Cyclon 0850-0114,,zero_or_invalid,Y,,
24563,"Аккумулятор EnerSys Cyclon 0850-0115 (AGM, 8Ah, 12V)",akkumulyatory/promyshlennye,https://microchips.by/catalog/akkumulyatory/promyshlennye/24563/,8Ah,12V,AGM,EnerSys,Cyclon 0850-0115,546,ok,Y,,
24564,"Аккумулятор EnerSys Cyclon 0860-0108 (AGM, 4.5Ah, 12V)",akkumulyatory/promyshlennye,https://microchips.by/catalog/akkumulyatory/promyshlennye/24564/,4.5Ah,12V,AGM,EnerSys,Cyclon 0860-0108,594,ok,Y,,
24565,"Аккумулятор EnerSys Cyclon 0860-0109 (AGM, 4.5Ah, 12V)",akkumulyatory/promyshlennye,https://microchips.by/catalog/akkumulyatory/promyshlennye/24565/,4.5Ah,12V,AGM,EnerSys,Cyclon 0860-0109,594,ok,Y,,
24566,"Аккумулятор EnerSys Cyclon 0860-0114 (AGM, 4.5Ah, 12V)",akkumulyatory/promyshlennye,https://microchips.by/catalog/akkumulyatory/promyshlennye/24566/,4.5Ah,12V,AGM,EnerSys,Cyclon 0860-0114,594,ok,Y,,
24567,"Аккумулятор EnerSys Cyclon 0860-0115 (AGM, 4.5Ah, 12V)",akkumulyatory/promyshlennye,https://microchips.by/catalog/akkumulyatory/promyshlennye/24567/,4.5Ah,12V,AGM,EnerSys,Cyclon 0860-0115,594,ok,Y,,
24568,"Аккумулятор EnerSys Cyclon Monobloc 0809-0012 (AGM, 5Ah, 6V)",akkumulyatory/promyshlennye,https://microchips.by/catalog/akkumulyatory/promyshlennye/24568/,5Ah,6V,AGM,EnerSys,Cyclon Monobloc 0809-0012,139,ok,Y,,
24569,"Аккумулятор EnerSys Cyclon Monobloc 0809-0020 (AGM, 5Ah, 12V)",akkumulyatory/promyshlennye,https://microchips.by/catalog/akkumulyatory/promyshlennye/24569/,5Ah,12V,AGM,EnerSys,Cyclon Monobloc 0809-0020,240,ok,Y,,
2457,Аккумулятор для радиостанций AT 22-21 (Ni-MH),akkumulyatory/promyshlennye/dlya_ratsiy,https://microchips.by/catalog/akkumulyatory/promyshlennye/dlya_ratsiy/2457/,,,,,,,нет данных в бэкапе,,,
24570,"Аккумулятор EnerSys Cyclon Monobloc 0809-0030 (AGM, 5Ah, 12V)",akkumulyatory/promyshlennye,https://microchips.by/catalog/akkumulyatory/promyshlennye/24570/,5Ah,12V,AGM,EnerSys,Cyclon Monobloc 0809-0030,240,ok,Y,,
24571,"Аккумулятор EnerSys Cyclon Monobloc 0819-0010 (AGM, 2.5Ah, 4V)",akkumulyatory/promyshlennye,https://microchips.by/catalog/akkumulyatory/promyshlennye/24571/,2.5Ah,4V,AGM,EnerSys,Cyclon Monobloc 0819-0010,85,ok,Y,,
24572,"Аккумулятор EnerSys Cyclon Monobloc 0819-0012 (AGM, 2.5Ah, 6V)",akkumulyatory/promyshlennye,https://microchips.by/catalog/akkumulyatory/promyshlennye/24572/,2.5Ah,6V,AGM,EnerSys,Cyclon Monobloc 0819-0012,90,ok,Y,,
24573,"Аккумулятор EnerSys Cyclon Monobloc 0819-0014 (AGM, 2.5Ah, 8V)",akkumulyatory/promyshlennye,https://microchips.by/catalog/akkumulyatory/promyshlennye/24573/,2.5Ah,8V,AGM,EnerSys,Cyclon Monobloc 0819-0014,180,ok,Y,,
24574,"Аккумулятор EnerSys Cyclon Monobloc 0819-0016 (AGM, 2.5Ah, 12V)",akkumulyatory/promyshlennye,https://microchips.by/catalog/akkumulyatory/promyshlennye/24574/,2.5Ah,12V,AGM,EnerSys,Cyclon Monobloc 0819-0016,225,ok,Y,,
24575,"Аккумулятор EnerSys Cyclon Monobloc 0819-0019 (AGM, 2.5Ah, 8V)",akkumulyatory/promyshlennye,https://microchips.by/catalog/akkumulyatory/promyshlennye/24575/,2.5Ah,8V,AGM,EnerSys,Cyclon Monobloc 0819-0019,150,ok,Y,,
24576,"Аккумулятор EnerSys Cyclon Monobloc 0819-0020 (AGM, 2.5Ah, 12V)",akkumulyatory/promyshlennye,https://microchips.by/catalog/akkumulyatory/promyshlennye/24576/,2.5Ah,12V,AGM,EnerSys,Cyclon Monobloc 0819-0020,168,ok,Y,,
24577,"Аккумулятор EnerSys Cyclon Monobloc 0819-0030 (AGM, 2.5Ah, 12V)",akkumulyatory/promyshlennye,https://microchips.by/catalog/akkumulyatory/promyshlennye/24577/,2.5Ah,12V,AGM,EnerSys,Cyclon Monobloc 0819-0030,225,ok,Y,,
24578,"Аккумулятор EnerSys Cyclon Monobloc 0819-0032 (AGM, 2.5Ah, 24V)",akkumulyatory/promyshlennye,https://microchips.by/catalog/akkumulyatory/promyshlennye/24578/,2.5Ah,24V,AGM,EnerSys,Cyclon Monobloc 0819-0032,495,ok,Y,,
24579,"Аккумулятор EnerSys Cyclon Monobloc 0819-1006 (AGM, 2.5Ah, 6V)",akkumulyatory/promyshlennye,https://microchips.by/catalog/akkumulyatory/promyshlennye/24579/,2.5Ah,6V,AGM,EnerSys,Cyclon Monobloc 0819-1006,120,ok,Y,,
2458,Аккумулятор для радиостанций AT 227-20,akkumulyatory/promyshlennye/dlya_ratsiy,https://microchips.by/catalog/akkumulyatory/promyshlennye/dlya_ratsiy/2458/,,,,,,,нет данных в бэкапе,,,
24580,"Аккумулятор EnerSys Cyclon Monobloc 0859-0010 (AGM, 8Ah, 4V)",akkumulyatory/promyshlennye,https://microchips.by/catalog/akkumulyatory/promyshlennye/24580/,8Ah,4V,AGM,EnerSys,Cyclon Monobloc 0859-0010,105,ok,Y,,
24581,"Аккумулятор EnerSys Cyclon Monobloc 0859-0014 (AGM, 8Ah, 8V)",akkumulyatory/promyshlennye,https://microchips.by/catalog/akkumulyatory/promyshlennye/24581/,8Ah,8V,AGM,EnerSys,Cyclon Monobloc 0859-0014,150,ok,Y,,
24582,"Аккумулятор EnerSys Cyclon Monobloc 0859-0016 (AGM, 8Ah, 12V)",akkumulyatory/promyshlennye,https://microchips.by/catalog/akkumulyatory/promyshlennye/24582/,8Ah,12V,AGM,EnerSys,Cyclon Monobloc 0859-0016,390,ok,Y,,
24583,"Аккумулятор EnerSys Cyclon Monobloc 0859-0019 (AGM, 8Ah, 8V)",akkumulyatory/promyshlennye,https://microchips.by/catalog/akkumulyatory/promyshlennye/24583/,8Ah,8V,AGM,EnerSys,Cyclon Monobloc 0859-0019,180,ok,Y,,
24584,"Аккумулятор EnerSys Cyclon Monobloc 0859-0020 (AGM, 8Ah, 12V)",akkumulyatory/promyshlennye,https://microchips.by/catalog/akkumulyatory/promyshlennye/24584/,8Ah,12V,AGM,EnerSys,Cyclon Monobloc 0859-0020,390,ok,Y,,
24585,"Аккумулятор EnerSys Cyclon Monobloc 0859-0030 (AGM, 8Ah, 12V)",akkumulyatory/promyshlennye,https://microchips.by/catalog/akkumulyatory/promyshlennye/24585/,8Ah,12V,AGM,EnerSys,Cyclon Monobloc 0859-0030,390,ok,Y,,
24586,"Аккумулятор EnerSys Cyclon Monobloc 4X0859-0012E (AGM, 8Ah, 24V)",akkumulyatory/promyshlennye,https://microchips.by/catalog/akkumulyatory/promyshlennye/24586/,8Ah,24V,AGM,EnerSys,Cyclon Monobloc 4X0859-0012E,675,ok,Y,,
2459,Аккумулятор для радиостанций AT 231-10,akkumulyatory/promyshlennye/dlya_ratsiy,https://microchips.by/catalog/akkumulyatory/promyshlennye/dlya_ratsiy/2459/,,,,,,,нет данных в бэкапе,,,
2460,Аккумулятор для радиостанций AT 232-20,akkumulyatory/promyshlennye/dlya_ratsiy,https://microchips.by/catalog/akkumulyatory/promyshlennye/dlya_ratsiy/2460/,,,,,,,нет данных в бэкапе,,,
2461,Аккумулятор для радиостанций AT 25-12 (Ni-MH),akkumulyatory/promyshlennye/dlya_ratsiy,https://microchips.by/catalog/akkumulyatory/promyshlennye/dlya_ratsiy/2461/,,,,,,,нет данных в бэкапе,,,
2462,Аккумулятор для радиостанций AT 27-11 (Ni-MH),akkumulyatory/promyshlennye/dlya_ratsiy,https://microchips.by/catalog/akkumulyatory/promyshlennye/dlya_ratsiy/2462/,,,,,,,нет данных в бэкапе,,,
2463,Аккумулятор для радиостанций AT 271-12 (Ni-Cd),akkumulyatory/promyshlennye/dlya_ratsiy,https://microchips.by/catalog/akkumulyatory/promyshlennye/dlya_ratsiy/2463/,,,,,,,нет данных в бэкапе,,,
2464,Аккумулятор для радиостанций AT 271-18 (Ni-MH),akkumulyatory/promyshlennye/dlya_ratsiy,https://microchips.by/catalog/akkumulyatory/promyshlennye/dlya_ratsiy/2464/,,,,,,,нет данных в бэкапе,,,
2466,Аккумулятор для радиостанций AT 272-07 (Ni-Cd),akkumulyatory/promyshlennye/dlya_ratsiy,https://microchips.by/catalog/akkumulyatory/promyshlennye/dlya_ratsiy/2466/,,,,,,,нет данных в бэкапе,,,
2467,Аккумулятор для радиостанций AT 272-10 (Ni-MH),akkumulyatory/promyshlennye/dlya_ratsiy,https://microchips.by/catalog/akkumulyatory/promyshlennye/dlya_ratsiy/2467/,,,,,,,нет данных в бэкапе,,,
2468,Аккумулятор для радиостанций AT 28-07 (Ni-Cd),akkumulyatory/promyshlennye/dlya_ratsiy,https://microchips.by/catalog/akkumulyatory/promyshlennye/dlya_ratsiy/2468/,,,,,,,нет данных в бэкапе,,,
2469,Аккумулятор для радиостанций AT 29-10 (Ni-Cd),akkumulyatory/promyshlennye/dlya_ratsiy,https://microchips.by/catalog/akkumulyatory/promyshlennye/dlya_ratsiy/2469/,,,,,,,нет данных в бэкапе,,,
2470,Аккумулятор для радиостанций AT 29-15 (Ni-MH),akkumulyatory/promyshlennye/dlya_ratsiy,https://microchips.by/catalog/akkumulyatory/promyshlennye/dlya_ratsiy/2470/,,,,,,,нет данных в бэкапе,,,
2471,Аккумулятор для радиостанций AT 29-18 (Ni-MH),akkumulyatory/promyshlennye/dlya_ratsiy,https://microchips.by/catalog/akkumulyatory/promyshlennye/dlya_ratsiy/2471/,,,,,,,нет данных в бэкапе,,,
2472,Аккумулятор для радиостанций AT 29-22 (Ni-MH),akkumulyatory/promyshlennye/dlya_ratsiy,https://microchips.by/catalog/akkumulyatory/promyshlennye/dlya_ratsiy/2472/,,,,,,,нет данных в бэкапе,,,
2473,Аккумулятор для радиостанций AT 290-10 (Ni-Cd),akkumulyatory/promyshlennye/dlya_ratsiy,https://microchips.by/catalog/akkumulyatory/promyshlennye/dlya_ratsiy/2473/,,,,,,,нет данных в бэкапе,,,
2474,Аккумулятор для радиостанций AT 292-16,akkumulyatory/promyshlennye/dlya_ratsiy,https://microchips.by/catalog/akkumulyatory/promyshlennye/dlya_ratsiy/2474/,,,,,,,нет данных в бэкапе,,,
2475,Аккумулятор для радиостанций AT 301-16 (Ni-MH),akkumulyatory/promyshlennye/dlya_ratsiy,https://microchips.by/catalog/akkumulyatory/promyshlennye/dlya_ratsiy/2475/,,,,,,,нет данных в бэкапе,,,
2476,Аккумулятор для радиостанций AT 301-18 (Ni-MH),akkumulyatory/promyshlennye/dlya_ratsiy,https://microchips.by/catalog/akkumulyatory/promyshlennye/dlya_ratsiy/2476/,,,,,,,нет данных в бэкапе,,,
2477,Аккумулятор для радиостанций AT 301-22 (Ni-MH),akkumulyatory/promyshlennye/dlya_ratsiy,https://microchips.by/catalog/akkumulyatory/promyshlennye/dlya_ratsiy/2477/,,,,,,,нет данных в бэкапе,,,
2478,Аккумулятор для радиостанций AT 32-06 (Ni-Cd),akkumulyatory/promyshlennye/dlya_ratsiy,https://microchips.by/catalog/akkumulyatory/promyshlennye/dlya_ratsiy/2478/,,,,,,,нет данных в бэкапе,,,
2479,Аккумулятор для радиостанций AT 32-10 (Ni-MH),akkumulyatory/promyshlennye/dlya_ratsiy,https://microchips.by/catalog/akkumulyatory/promyshlennye/dlya_ratsiy/2479/,,,,,,,нет данных в бэкапе,,,
2481,Аккумулятор для радиостанций AT 34-06 (Ni-Cd),akkumulyatory/promyshlennye/dlya_ratsiy,https://microchips.by/catalog/akkumulyatory/promyshlennye/dlya_ratsiy/2481/,,,,,,,нет данных в бэкапе,,,
2482,Аккумулятор для радиостанций AT 34-10 (Ni-MH),akkumulyatory/promyshlennye/dlya_ratsiy,https://microchips.by/catalog/akkumulyatory/promyshlennye/dlya_ratsiy/2482/,,,,,,,нет данных в бэкапе,,,
2483,Аккумулятор для радиостанций AT 3425-16 (Ni-MH),akkumulyatory/promyshlennye/dlya_ratsiy,https://microchips.by/catalog/akkumulyatory/promyshlennye/dlya_ratsiy/2483/,,,,,,,нет данных в бэкапе,,,
2485,Аккумулятор для радиостанций AT 36-08 (Ni-MH),akkumulyatory/promyshlennye/dlya_ratsiy,https://microchips.by/catalog/akkumulyatory/promyshlennye/dlya_ratsiy/2485/,,,,,,,нет данных в бэкапе,,,
2486,Аккумулятор для радиостанций AT 38-07 (Ni-MH),akkumulyatory/promyshlennye/dlya_ratsiy,https://microchips.by/catalog/akkumulyatory/promyshlennye/dlya_ratsiy/2486/,,,,,,,нет данных в бэкапе,,,
2487,Аккумулятор для радиостанций AT 390-09 (Ni-Cd),akkumulyatory/promyshlennye/dlya_ratsiy,https://microchips.by/catalog/akkumulyatory/promyshlennye/dlya_ratsiy/2487/,,,,,,,нет данных в бэкапе,,,
2488,Аккумулятор для радиостанций AT 390-16 (Ni-MH),akkumulyatory/promyshlennye/dlya_ratsiy,https://microchips.by/catalog/akkumulyatory/promyshlennye/dlya_ratsiy/2488/,,,,,,,нет данных в бэкапе,,,
2489,Аккумулятор для радиостанций AT 4000-12 (Ni-Cd),akkumulyatory/promyshlennye/dlya_ratsiy,https://microchips.by/catalog/akkumulyatory/promyshlennye/dlya_ratsiy/2489/,,,,,,,нет данных в бэкапе,,,
2490,Аккумулятор для радиостанций AT 4000-18 (Ni-MH),akkumulyatory/promyshlennye/dlya_ratsiy,https://microchips.by/catalog/akkumulyatory/promyshlennye/dlya_ratsiy/2490/,,,,,,,нет данных в бэкапе,,,
2491,"Аккумулятор AT 4000-21 для радиостанций (NiMH, 1200mAh, 7.5V)",akkumulyatory/promyshlennye/dlya_ratsiy,https://microchips.by/catalog/akkumulyatory/promyshlennye/dlya_ratsiy/2491/,1200mAh,7.5V,NiMH,,,,нет данных в бэкапе,,,
2492,"Аккумулятор AT 4001-10 для радиостанций (NiMH, 1000mAh, 2.4V)",akkumulyatory/promyshlennye/dlya_ratsiy,https://microchips.by/catalog/akkumulyatory/promyshlennye/dlya_ratsiy/2492/,1000mAh,2.4V,NiMH,,,,нет данных в бэкапе,,,
2493,"Аккумулятор для радиостанций AT 4018-12 (NiMH, 1200mAh, 7.5V)",akkumulyatory/promyshlennye/dlya_ratsiy,https://microchips.by/catalog/akkumulyatory/promyshlennye/dlya_ratsiy/2493/,1200mAh,7.5V,NiMH,,,,нет данных в бэкапе,,,
2494,"Аккумулятор AT 4018-16 для радиостанций (NiMH, 1200mAh, 7.5V)",akkumulyatory/promyshlennye/dlya_ratsiy,https://microchips.by/catalog/akkumulyatory/promyshlennye/dlya_ratsiy/2494/,1200mAh,7.5V,NiMH,,,,нет данных в бэкапе,,,
2495,"Аккумулятор AT 4018-18 для радиостанций (NiMH, 1200mAh, 7.5V)",akkumulyatory/promyshlennye/dlya_ratsiy,https://microchips.by/catalog/akkumulyatory/promyshlennye/dlya_ratsiy/2495/,1200mAh,7.5V,NiMH,,,,нет данных в бэкапе,,,
2496,"Аккумулятор AT 4018-22 для радиостанций (NiMH, 1200mAh, 7.5V)",akkumulyatory/promyshlennye/dlya_ratsiy,https://microchips.by/catalog/akkumulyatory/promyshlennye/dlya_ratsiy/2496/,1200mAh,7.5V,NiMH,,,,нет данных в бэкапе,,,
2497,"Аккумулятор AT 4019-16 для радиостанций (NiMH, 1600mAh, 2.4V)",akkumulyatory/promyshlennye/dlya_ratsiy,https://microchips.by/catalog/akkumulyatory/promyshlennye/dlya_ratsiy/2497/,1600mAh,2.4V,NiMH,,,,нет данных в бэкапе,,,
2498,"Аккумулятор AT 4023-17 для радиостанций (Li-ion, 1700mAh, 3.6V)",akkumulyatory/promyshlennye/dlya_ratsiy,https://microchips.by/catalog/akkumulyatory/promyshlennye/dlya_ratsiy/2498/,1700mAh,3.6V,Li-ion,,,,нет данных в бэкапе,,,
2499,"Аккумулятор AT 4046-12 для радиостанций (NiMH, 1200mAh, 2.4V)",akkumulyatory/promyshlennye/dlya_ratsiy,https://microchips.by/catalog/akkumulyatory/promyshlennye/dlya_ratsiy/2499/,1200mAh,2.4V,NiMH,,,,нет данных в бэкапе,,,
2500,"Аккумулятор AT 4046-16 для радиостанций (NiMH, 1200mAh, 2.4V)",akkumulyatory/promyshlennye/dlya_ratsiy,https://microchips.by/catalog/akkumulyatory/promyshlennye/dlya_ratsiy/2500/,1200mAh,2.4V,NiMH,,,,нет данных в бэкапе,,,
2501,"Аккумулятор AT 4046-20 для радиостанций (NiMH, 1200mAh, 2.4V)",akkumulyatory/promyshlennye/dlya_ratsiy,https://microchips.by/catalog/akkumulyatory/promyshlennye/dlya_ratsiy/2501/,1200mAh,2.4V,NiMH,,,,нет данных в бэкапе,,,
25017,Источник бесперебойного питания Hiden Control HS20-3024P,istochniki-pitaniya/ibp,https://microchips.by/catalog/istochniki-pitaniya/ibp/25017/,,,,Hiden Control,HS20-3024P,1600,ok,Y,,
25018,Источник бесперебойного питания Hiden Control HS20-1012P,istochniki-pitaniya/ibp,https://microchips.by/catalog/istochniki-pitaniya/ibp/25018/,,,,Hiden Control,HS20-1012P,1400,ok,Y,,
25019,Источник бесперебойного питания Hiden Control HS20-2024P,istochniki-pitaniya/ibp,https://microchips.by/catalog/istochniki-pitaniya/ibp/25019/,,,,Hiden Control,HS20-2024P,1450,ok,Y,,
2502,"Аккумулятор для радиостанций AT 4071-12 (NiMH, 1200mAh, 7.2V)",akkumulyatory/promyshlennye/dlya_ratsiy,https://microchips.by/catalog/akkumulyatory/promyshlennye/dlya_ratsiy/2502/,1200mAh,7.2V,NiMH,,,,нет данных в бэкапе,,,
25020,Источник бесперебойного питания Hiden Control HS20-4048P,istochniki-pitaniya/ibp,https://microchips.by/catalog/istochniki-pitaniya/ibp/25020/,,,,Hiden Control,HS20-4048P,2400,ok,Y,,
25021,Источник бесперебойного питания Hiden Control HS20-5048P,istochniki-pitaniya/ibp,https://microchips.by/catalog/istochniki-pitaniya/ibp/25021/,,,,Hiden Control,HS20-5048P,3100,ok,Y,,
25022,Источник бесперебойного питания Hiden Control HPS30-1512,istochniki-pitaniya/ibp,https://microchips.by/catalog/istochniki-pitaniya/ibp/25022/,,,,Hiden Control,HPS30-1512,1600,ok,Y,,
25023,Источник бесперебойного питания Hiden Control HPS30-2012,istochniki-pitaniya/ibp,https://microchips.by/catalog/istochniki-pitaniya/ibp/25023/,,,,Hiden Control,HPS30-2012,1850,ok,Y,,
25024,Источник бесперебойного питания Hiden Control HPS30-3024,istochniki-pitaniya/ibp,https://microchips.by/catalog/istochniki-pitaniya/ibp/25024/,,,,Hiden Control,HPS30-3024,2040,ok,Y,,
25025,Источник бесперебойного питания Hiden Control HPS20-0312N,istochniki-pitaniya/ibp,https://microchips.by/catalog/istochniki-pitaniya/ibp/25025/,,,,Hiden Control,HPS20-0312N,800,ok,Y,,
25026,Источник бесперебойного питания Hiden Control HPS20-0612N,istochniki-pitaniya/ibp,https://microchips.by/catalog/istochniki-pitaniya/ibp/25026/,,,,Hiden Control,HPS20-0612N,960,ok,Y,,
25027,Источник бесперебойного питания Hiden Control HPS20-1012N,istochniki-pitaniya/ibp,https://microchips.by/catalog/istochniki-pitaniya/ibp/25027/,,,,Hiden Control,HPS20-1012N,1150,ok,Y,,
25028,Источник бесперебойного питания Hiden Expert UDC9206H,istochniki-pitaniya/ibp,https://microchips.by/catalog/istochniki-pitaniya/ibp/25028/,,,,Hiden Expert,UDC9206H,4300,ok,Y,,
25029,Источник бесперебойного питания Hiden Expert UDC92010H,istochniki-pitaniya/ibp,https://microchips.by/catalog/istochniki-pitaniya/ibp/25029/,,,,Hiden Expert,UDC92010H,5000,ok,Y,,
2503,"Аккумулятор AT 41-07 для радиостанций (NiCd, 700mAh, 1.2V)",akkumulyatory/promyshlennye/dlya_ratsiy,https://microchips.by/catalog/akkumulyatory/promyshlennye/dlya_ratsiy/2503/,700mAh,1.2V,NiCd,,,,нет данных в бэкапе,,,
25030,Источник бесперебойного питания Hiden Control HS20-5548 Pro,istochniki-pitaniya/ibp,https://microchips.by/catalog/istochniki-pitaniya/ibp/25030/,,,,Hiden Control,HS20-5548 Pro,3900,ok,Y,,
25031,Источник бесперебойного питания Hiden Control HPS20-1012,istochniki-pitaniya/ibp,https://microchips.by/catalog/istochniki-pitaniya/ibp/25031/,,,,Hiden Control,HPS20-1012,1100,ok,Y,,
25032,Источник бесперебойного питания Hiden Control HPS20-0612,istochniki-pitaniya/ibp,https://microchips.by/catalog/istochniki-pitaniya/ibp/25032/,,,,Hiden Control,HPS20-0612,900,ok,Y,,
25033,Источник бесперебойного питания Hiden Control HPS20-0312,istochniki-pitaniya/ibp,https://microchips.by/catalog/istochniki-pitaniya/ibp/25033/,,,,Hiden Control,HPS20-0312,730,ok,Y,,
25034,Источник бесперебойного питания Hiden KU9110-RT,istochniki-pitaniya/ibp,https://microchips.by/catalog/istochniki-pitaniya/ibp/25034/,,,,Hiden,KU9110-RT,5400,ok,Y,,
25035,Источник бесперебойного питания Hiden KU9106-RT,istochniki-pitaniya/ibp,https://microchips.by/catalog/istochniki-pitaniya/ibp/25035/,,,,Hiden,KU9106-RT,4600,ok,Y,,
25036,Источник бесперебойного питания Hiden KU910H,istochniki-pitaniya/ibp,https://microchips.by/catalog/istochniki-pitaniya/ibp/25036/,,,,Hiden,KU910H,5300,ok,Y,,
25037,Источник бесперебойного питания APC Easy UPS BV 500 ВА,istochniki-pitaniya/ibp,https://microchips.by/catalog/istochniki-pitaniya/ibp/25037/,,,,APC,Easy UPS BV 500 ВА,360,ok,Y,,
25038,Источник бесперебойного питания APC Easy UPS BV 650 ВА,istochniki-pitaniya/ibp,https://microchips.by/catalog/istochniki-pitaniya/ibp/25038/,,,,APC,Easy UPS BV 650 ВА,340,ok,Y,,
25039,Источник бесперебойного питания APC Easy UPS BV 800 ВА,istochniki-pitaniya/ibp,https://microchips.by/catalog/istochniki-pitaniya/ibp/25039/,,,,APC,Easy UPS BV 800 ВА,,zero_or_invalid,Y,,
2504,"Аккумулятор AT 41-10 для радиостанций (NiMH, 700mAh, 9.6V)",akkumulyatory/promyshlennye/dlya_ratsiy,https://microchips.by/catalog/akkumulyatory/promyshlennye/dlya_ratsiy/2504/,700mAh,9.6V,NiMH,,,,нет данных в бэкапе,,,
25040,Источник бесперебойного питания APC Easy UPS BV 1000 ВА,istochniki-pitaniya/ibp,https://microchips.by/catalog/istochniki-pitaniya/ibp/25040/,,,,APC,Easy UPS BV 1000 ВА,560,ok,Y,,
25041,Источник бесперебойного питания APC Back UPS Pro BR 650VA,istochniki-pitaniya/ibp,https://microchips.by/catalog/istochniki-pitaniya/ibp/25041/,,,,APC,Back UPS Pro BR 650VA,610,ok,Y,,
25042,Источник бесперебойного питания APC Back UPS Pro BR 900VA,istochniki-pitaniya/ibp,https://microchips.by/catalog/istochniki-pitaniya/ibp/25042/,,,,APC,Back UPS Pro BR 900VA,850,ok,Y,,
25043,Источник бесперебойного питания APC Back UPS 650VA,istochniki-pitaniya/ibp,https://microchips.by/catalog/istochniki-pitaniya/ibp/25043/,,,,APC,Back UPS 650VA,1150,ok,Y,,
25044,Источник бесперебойного питания APC Smart UPS 750VA USB,istochniki-pitaniya/ibp,https://microchips.by/catalog/istochniki-pitaniya/ibp/25044/,,,,APC,Smart UPS 750VA USB,3800,ok,Y,,
25045,Источник бесперебойного питания APC Back UPS 950VA,istochniki-pitaniya/ibp,https://microchips.by/catalog/istochniki-pitaniya/ibp/25045/,,,,APC,Back UPS 950VA,570,ok,Y,,
25046,Источник бесперебойного питания APC Smart UPS SRT 3000VA,istochniki-pitaniya/ibp,https://microchips.by/catalog/istochniki-pitaniya/ibp/25046/,,,,APC,Smart UPS SRT 3000VA,12000,ok,Y,,
25047,Источник бесперебойного питания APC Easy UPS BVX 700VA,istochniki-pitaniya/ibp,https://microchips.by/catalog/istochniki-pitaniya/ibp/25047/,,,,APC,Easy UPS BVX 700VA,450,ok,Y,,
25048,Источник бесперебойного питания APC Easy UPS BVX 900VA,istochniki-pitaniya/ibp,https://microchips.by/catalog/istochniki-pitaniya/ibp/25048/,,,,APC,Easy UPS BVX 900VA,550,ok,Y,,
25049,Источник бесперебойного питания APC Easy UPS BVX 1200VA,istochniki-pitaniya/ibp,https://microchips.by/catalog/istochniki-pitaniya/ibp/25049/,,,,APC,Easy UPS BVX 1200VA,870,ok,Y,,
2505,"Аккумулятор AT 417-11 для радиостанций (NiMH, 1100mAh, 12V)",akkumulyatory/promyshlennye/dlya_ratsiy,https://microchips.by/catalog/akkumulyatory/promyshlennye/dlya_ratsiy/2505/,1100mAh,12V,NiMH,,,,нет данных в бэкапе,,,
25050,Источник бесперебойного питания APC Easy UPS BVX 2200VA,istochniki-pitaniya/ibp,https://microchips.by/catalog/istochniki-pitaniya/ibp/25050/,,,,APC,Easy UPS BVX 2200VA,1500,ok,Y,,
25051,Источник бесперебойного питания APC Back UPS 850VA,istochniki-pitaniya/ibp,https://microchips.by/catalog/istochniki-pitaniya/ibp/25051/,,,,APC,Back UPS 850VA,980,ok,Y,,
25052,Источник бесперебойного питания APC Back UPS 750VA,istochniki-pitaniya/ibp,https://microchips.by/catalog/istochniki-pitaniya/ibp/25052/,,,,APC,Back UPS 750VA,680,ok,Y,,
25053,Источник бесперебойного питания APC Smart UPS SC 620VA,istochniki-pitaniya/ibp,https://microchips.by/catalog/istochniki-pitaniya/ibp/25053/,,,,APC,Smart UPS SC 620VA,1400,ok,Y,,
25054,Источник бесперебойного питания APC Smart-UPS C 1000VA,istochniki-pitaniya/ibp,https://microchips.by/catalog/istochniki-pitaniya/ibp/25054/,,,,APC,Smart-UPS C 1000VA,,missing,,,
25055,Источник бесперебойного питания APC Easy UPS On-Line SRV RM 1000ВА,istochniki-pitaniya/ibp,https://microchips.by/catalog/istochniki-pitaniya/ibp/25055/,,,,APC,Easy UPS On-Line SRV RM 1000ВА,,missing,,,
25056,Источник бесперебойного питания APC Smart-UPS 1000VA,istochniki-pitaniya/ibp,https://microchips.by/catalog/istochniki-pitaniya/ibp/25056/,,,,APC,Smart-UPS 1000VA,3300,ok,Y,,
25057,Источник бесперебойного питания APC Smart-UPS 1000VA USB & Serial RM,istochniki-pitaniya/ibp,https://microchips.by/catalog/istochniki-pitaniya/ibp/25057/,,,,APC,Smart-UPS 1000VA USB & Serial RM,,missing,,,
25058,Источник бесперебойного питания APC Easy UPS On-Line SRV 1000ВА,istochniki-pitaniya/ibp,https://microchips.by/catalog/istochniki-pitaniya/ibp/25058/,,,,APC,Easy UPS On-Line SRV 1000ВА,,missing,,,
25059,Источник бесперебойного питания APC Smart-UPS 750VA USB & Serial,istochniki-pitaniya/ibp,https://microchips.by/catalog/istochniki-pitaniya/ibp/25059/,,,,APC,Smart-UPS 750VA USB & Serial,,missing,,,
2506,"Аккумулятор AT 4496-10 для радиостанций (NiCd, 1000mAh, 7.5V)",akkumulyatory/promyshlennye/dlya_ratsiy,https://microchips.by/catalog/akkumulyatory/promyshlennye/dlya_ratsiy/2506/,1000mAh,7.5V,NiCd,,,,нет данных в бэкапе,,,
25060,Источник бесперебойного питания APC Smart-UPS 750ВА,istochniki-pitaniya/ibp,https://microchips.by/catalog/istochniki-pitaniya/ibp/25060/,,,,APC,Smart-UPS 750ВА,,missing,,,
25061,Источник бесперебойного питания APC Smart-UPS 1500VA LCD RM,istochniki-pitaniya/ibp,https://microchips.by/catalog/istochniki-pitaniya/ibp/25061/,,,,APC,Smart-UPS 1500VA LCD RM,,missing,,,
25062,Источник бесперебойного питания APC Smart-UPS 1500VA LCD,istochniki-pitaniya/ibp,https://microchips.by/catalog/istochniki-pitaniya/ibp/25062/,,,,APC,Smart-UPS 1500VA LCD,,missing,,,
25063,Источник бесперебойного питания APC Easy UPS On-Line SRV 2000ВА,istochniki-pitaniya/ibp,https://microchips.by/catalog/istochniki-pitaniya/ibp/25063/,,,,APC,Easy UPS On-Line SRV 2000ВА,,missing,,,
25064,Источник бесперебойного питания APC Smart-UPS X 750VA Rack/Tower LCD,istochniki-pitaniya/ibp,https://microchips.by/catalog/istochniki-pitaniya/ibp/25064/,,,,APC,Smart-UPS X 750VA Rack/Tower LCD,,missing,,,
25065,Источник бесперебойного питания APC Smart-UPS 1000VA LCD,istochniki-pitaniya/ibp,https://microchips.by/catalog/istochniki-pitaniya/ibp/25065/,,,,APC,Smart-UPS 1000VA LCD,,missing,,,
25066,Источник бесперебойного питания APC Smart-UPS RT 1000VA,istochniki-pitaniya/ibp,https://microchips.by/catalog/istochniki-pitaniya/ibp/25066/,,,,APC,Smart-UPS RT 1000VA,,missing,,,
25067,Источник бесперебойного питания APC Smart-UPS C 1500VA,istochniki-pitaniya/ibp,https://microchips.by/catalog/istochniki-pitaniya/ibp/25067/,,,,APC,Smart-UPS C 1500VA,,missing,,,
25068,Источник бесперебойного питания APC Smart-UPS X 1500VA Rack/Tower LCD,istochniki-pitaniya/ibp,https://microchips.by/catalog/istochniki-pitaniya/ibp/25068/,,,,APC,Smart-UPS X 1500VA Rack/Tower LCD,,missing,,,
25069,Источник бесперебойного питания APC Smart-UPS SRT 1500ВА,istochniki-pitaniya/ibp,https://microchips.by/catalog/istochniki-pitaniya/ibp/25069/,,,,APC,Smart-UPS SRT 1500ВА,,missing,,,
25070,Источник бесперебойного питания APC Smart-UPS 1U 1500VA LCD,istochniki-pitaniya/ibp,https://microchips.by/catalog/istochniki-pitaniya/ibp/25070/,,,,APC,Smart-UPS 1U 1500VA LCD,6400,ok,Y,,
25071,Источник бесперебойного питания APC Smart-UPS C 3000VA LCD,istochniki-pitaniya/ibp,https://microchips.by/catalog/istochniki-pitaniya/ibp/25071/,,,,APC,Smart-UPS C 3000VA LCD,,missing,,,
25072,Источник бесперебойного питания APC Smart-UPS C 3000VA RM LCD,istochniki-pitaniya/ibp,https://microchips.by/catalog/istochniki-pitaniya/ibp/25072/,,,,APC,Smart-UPS C 3000VA RM LCD,,missing,,,
25074,Источник бесперебойного питания CyberPower UTC650E,istochniki-pitaniya/ibp,https://microchips.by/catalog/istochniki-pitaniya/ibp/25074/,,,,CyberPower,UTC650E,,missing,,,
25077,Источник бесперебойного питания CyberPower UTC650EI,istochniki-pitaniya/ibp,https://microchips.by/catalog/istochniki-pitaniya/ibp/25077/,,,,CyberPower,UTC650EI,,missing,,,
25078,Источник бесперебойного питания CyberPower UTC675EI,istochniki-pitaniya/ibp,https://microchips.by/catalog/istochniki-pitaniya/ibp/25078/,,,,CyberPower,UTC675EI,,missing,,,
25079,Источник бесперебойного питания CyberPower UTI875EI,istochniki-pitaniya/ibp,https://microchips.by/catalog/istochniki-pitaniya/ibp/25079/,,,,CyberPower,UTI875EI,,missing,,,
25080,Источник бесперебойного питания CyberPower BU600E,istochniki-pitaniya/ibp,https://microchips.by/catalog/istochniki-pitaniya/ibp/25080/,,,,CyberPower,BU600E,170,ok,Y,,
25081,Источник бесперебойного питания CyberPower UTC850EI,istochniki-pitaniya/ibp,https://microchips.by/catalog/istochniki-pitaniya/ibp/25081/,,,,CyberPower,UTC850EI,,missing,,,
25082,Источник бесперебойного питания CyberPower UTC850E,istochniki-pitaniya/ibp,https://microchips.by/catalog/istochniki-pitaniya/ibp/25082/,,,,CyberPower,UTC850E,,missing,,,
25083,Источник бесперебойного питания CyberPower UT650EG,istochniki-pitaniya/ibp,https://microchips.by/catalog/istochniki-pitaniya/ibp/25083/,,,,CyberPower,UT650EG,,missing,,,
25084,Источник бесперебойного питания CyberPower UT650EIG,istochniki-pitaniya/ibp,https://microchips.by/catalog/istochniki-pitaniya/ibp/25084/,,,,CyberPower,UT650EIG,,missing,,,
25085,Источник бесперебойного питания CyberPower UT850E,istochniki-pitaniya/ibp,https://microchips.by/catalog/istochniki-pitaniya/ibp/25085/,,,,CyberPower,UT850E,,missing,,,
25086,Источник бесперебойного питания CyberPower UTI875E,istochniki-pitaniya/ibp,https://microchips.by/catalog/istochniki-pitaniya/ibp/25086/,,,,CyberPower,UTI875E,,missing,,,
25087,Источник бесперебойного питания CyberPower BU725E,istochniki-pitaniya/ibp,https://microchips.by/catalog/istochniki-pitaniya/ibp/25087/,,,,CyberPower,BU725E,,missing,,,
25088,Источник бесперебойного питания CyberPower UT850EG,istochniki-pitaniya/ibp,https://microchips.by/catalog/istochniki-pitaniya/ibp/25088/,,,,CyberPower,UT850EG,,missing,,,
25089,Источник бесперебойного питания CyberPower UT850EIG,istochniki-pitaniya/ibp,https://microchips.by/catalog/istochniki-pitaniya/ibp/25089/,,,,CyberPower,UT850EIG,,missing,,,
2509,"Аккумулятор AT 47-17 для радиостанций (NiMH, 1000mAh, 1.2V)",akkumulyatory/promyshlennye/dlya_ratsiy,https://microchips.by/catalog/akkumulyatory/promyshlennye/dlya_ratsiy/2509/,1000mAh,1.2V,NiMH,,,,нет данных в бэкапе,,,
25090,Источник бесперебойного питания CyberPower BU850E,istochniki-pitaniya/ibp,https://microchips.by/catalog/istochniki-pitaniya/ibp/25090/,,,,CyberPower,BU850E,265,ok,Y,,
25091,Источник бесперебойного питания CyberPower BS450,istochniki-pitaniya/ibp,https://microchips.by/catalog/istochniki-pitaniya/ibp/25091/,,,,CyberPower,BS450,275,ok,Y,,
25092,Источник бесперебойного питания CyberPower BS650E,istochniki-pitaniya/ibp,https://microchips.by/catalog/istochniki-pitaniya/ibp/25092/,,,,CyberPower,BS650E,,missing,,,
25093,Источник бесперебойного питания CyberPower BS850E,istochniki-pitaniya/ibp,https://microchips.by/catalog/istochniki-pitaniya/ibp/25093/,,,,CyberPower,BS850E,,missing,,,
25094,Источник бесперебойного питания CyberPower Professional Rackmount PR2200,istochniki-pitaniya/ibp,https://microchips.by/catalog/istochniki-pitaniya/ibp/25094/,,,,CyberPower,Professional Rackmount PR2200,7400,ok,Y,,
25095,Источник бесперебойного питания CyberPower Professional Rackmount PR1000,istochniki-pitaniya/ibp,https://microchips.by/catalog/istochniki-pitaniya/ibp/25095/,,,,CyberPower,Professional Rackmount PR1000,7000,ok,Y,,
25096,Источник бесперебойного питания CyberPower Online OL1500,istochniki-pitaniya/ibp,https://microchips.by/catalog/istochniki-pitaniya/ibp/25096/,,,,CyberPower,Online OL1500,6700,ok,Y,,
25097,Источник бесперебойного питания CyberPower Online OL2000,istochniki-pitaniya/ibp,https://microchips.by/catalog/istochniki-pitaniya/ibp/25097/,,,,CyberPower,Online OL2000,6500,ok,Y,,
25098,Источник бесперебойного питания CyberPower Online OL1000,istochniki-pitaniya/ibp,https://microchips.by/catalog/istochniki-pitaniya/ibp/25098/,,,,CyberPower,Online OL1000,6100,ok,Y,,
25099,Источник бесперебойного питания CyberPower Professional RM LCD 3000VA,istochniki-pitaniya/ibp,https://microchips.by/catalog/istochniki-pitaniya/ibp/25099/,,,,CyberPower,Professional RM LCD 3000VA,6100,ok,Y,,
2510,"Аккумулятор AT 47-21 для радиостанций (NiMH, 1200mAh, 1.2V)",akkumulyatory/promyshlennye/dlya_ratsiy,https://microchips.by/catalog/akkumulyatory/promyshlennye/dlya_ratsiy/2510/,1200mAh,1.2V,NiMH,,,,нет данных в бэкапе,,,
25100,Источник бесперебойного питания CyberPower Professional PR3000 LCD,istochniki-pitaniya/ibp,https://microchips.by/catalog/istochniki-pitaniya/ibp/25100/,,,,CyberPower,Professional PR3000 LCD,5100,ok,Y,,
25101,Источник бесперебойного питания CyberPower PR3000,istochniki-pitaniya/ibp,https://microchips.by/catalog/istochniki-pitaniya/ibp/25101/,,,,CyberPower,PR3000,4700,ok,Y,,
25102,Источник бесперебойного питания CyberPower PR2200,istochniki-pitaniya/ibp,https://microchips.by/catalog/istochniki-pitaniya/ibp/25102/,,,,CyberPower,PR2200,4500,ok,Y,,
25103,Источник бесперебойного питания CyberPower CPS7500PRO,istochniki-pitaniya/ibp,https://microchips.by/catalog/istochniki-pitaniya/ibp/25103/,,,,CyberPower,CPS7500PRO,8300,ok,Y,,
25104,Источник бесперебойного питания CyberPower CPS3500PRO,istochniki-pitaniya/ibp,https://microchips.by/catalog/istochniki-pitaniya/ibp/25104/,,,,CyberPower,CPS3500PRO,3700,ok,Y,,
25105,Источник бесперебойного питания CyberPower CPS5000PRO,istochniki-pitaniya/ibp,https://microchips.by/catalog/istochniki-pitaniya/ibp/25105/,,,,CyberPower,CPS5000PRO,3400,ok,Y,,
25106,Источник бесперебойного питания CyberPower CPS1500PIE,istochniki-pitaniya/ibp,https://microchips.by/catalog/istochniki-pitaniya/ibp/25106/,,,,CyberPower,CPS1500PIE,2200,ok,Y,,
25107,Источник бесперебойного питания CyberPower CPS1000E,istochniki-pitaniya/ibp,https://microchips.by/catalog/istochniki-pitaniya/ibp/25107/,,,,CyberPower,CPS1000E,1200,ok,Y,,
25109,Источник бесперебойного питания IPPON Back Basic 650,istochniki-pitaniya/ibp,https://microchips.by/catalog/istochniki-pitaniya/ibp/25109/,,,,IPPON,Back Basic 650,145,ok,Y,,
2511,"Аккумулятор AT 4851-16 для радиостанций (NiMH, 1600mAh, 7.5V)",akkumulyatory/promyshlennye/dlya_ratsiy,https://microchips.by/catalog/akkumulyatory/promyshlennye/dlya_ratsiy/2511/,1600mAh,7.5V,NiMH,,,,нет данных в бэкапе,,,
25110,Источник бесперебойного питания IPPON Back Basic 650 Euro,istochniki-pitaniya/ibp,https://microchips.by/catalog/istochniki-pitaniya/ibp/25110/,,,,IPPON,Back Basic 650 Euro,,zero_or_invalid,Y,,
25111,Источник бесперебойного питания IPPON Back Basic 650 S Euro,istochniki-pitaniya/ibp,https://microchips.by/catalog/istochniki-pitaniya/ibp/25111/,,,,IPPON,Back Basic 650 S Euro,,missing,,,
25112,Источник бесперебойного питания IPPON Back Office 400,istochniki-pitaniya/ibp,https://microchips.by/catalog/istochniki-pitaniya/ibp/25112/,,,,IPPON,Back Office 400,,missing,,,
25113,Источник бесперебойного питания IPPON Back Basic 850,istochniki-pitaniya/ibp,https://microchips.by/catalog/istochniki-pitaniya/ibp/25113/,,,,IPPON,Back Basic 850,,missing,,,
25114,Источник бесперебойного питания IPPON Back Office 600,istochniki-pitaniya/ibp,https://microchips.by/catalog/istochniki-pitaniya/ibp/25114/,,,,IPPON,Back Office 600,,missing,,,
25115,Источник бесперебойного питания IPPON Back Basic 850 Euro,istochniki-pitaniya/ibp,https://microchips.by/catalog/istochniki-pitaniya/ibp/25115/,,,,IPPON,Back Basic 850 Euro,,missing,,,
25116,Источник бесперебойного питания IPPON Back Basic 850 S Euro,istochniki-pitaniya/ibp,https://microchips.by/catalog/istochniki-pitaniya/ibp/25116/,,,,IPPON,Back Basic 850 S Euro,,missing,,,
25117,Источник бесперебойного питания IPPON Back Verso New 400,istochniki-pitaniya/ibp,https://microchips.by/catalog/istochniki-pitaniya/ibp/25117/,,,,IPPON,Back Verso New 400,,missing,,,
25118,Источник бесперебойного питания IPPON Back Verso New 600,istochniki-pitaniya/ibp,https://microchips.by/catalog/istochniki-pitaniya/ibp/25118/,,,,IPPON,Back Verso New 600,,missing,,,
25119,Источник бесперебойного питания IPPON Back Power Pro II 500,istochniki-pitaniya/ibp,https://microchips.by/catalog/istochniki-pitaniya/ibp/25119/,,,,IPPON,Back Power Pro II 500,,missing,,,
2512,"Аккумулятор AT 4851-18 для радиостанций (NiMH, 1600mAh, 7.5V)",akkumulyatory/promyshlennye/dlya_ratsiy,https://microchips.by/catalog/akkumulyatory/promyshlennye/dlya_ratsiy/2512/,1600mAh,7.5V,NiMH,,,,нет данных в бэкапе,,,
25120,Источник бесперебойного питания IPPON Back Verso 800,istochniki-pitaniya/ibp,https://microchips.by/catalog/istochniki-pitaniya/ibp/25120/,,,,IPPON,Back Verso 800,,missing,,,
25121,Источник бесперебойного питания IPPON Back Basic 1050,istochniki-pitaniya/ibp,https://microchips.by/catalog/istochniki-pitaniya/ibp/25121/,,,,IPPON,Back Basic 1050,,missing,,,
25122,Источник бесперебойного питания IPPON Back Basic 1050 Euro,istochniki-pitaniya/ibp,https://microchips.by/catalog/istochniki-pitaniya/ibp/25122/,,,,IPPON,Back Basic 1050 Euro,,missing,,,
25123,Источник бесперебойного питания IPPON Back Power Pro II 650 Euro,istochniki-pitaniya/ibp,https://microchips.by/catalog/istochniki-pitaniya/ibp/25123/,,,,IPPON,Back Power Pro II 650 Euro,,missing,,,
25124,Источник бесперебойного питания IPPON Back Power Pro II 600,istochniki-pitaniya/ibp,https://microchips.by/catalog/istochniki-pitaniya/ibp/25124/,,,,IPPON,Back Power Pro II 600,,missing,,,
25125,Источник бесперебойного питания IPPON Back Power Pro II 700,istochniki-pitaniya/ibp,https://microchips.by/catalog/istochniki-pitaniya/ibp/25125/,,,,IPPON,Back Power Pro II 700,,missing,,,
25126,Источник бесперебойного питания IPPON Back Basic 1050 S Euro,istochniki-pitaniya/ibp,https://microchips.by/catalog/istochniki-pitaniya/ibp/25126/,,,,IPPON,Back Basic 1050 S Euro,,missing,,,
25127,Источник бесперебойного питания IPPON Back Comfo Pro II 650,istochniki-pitaniya/ibp,https://microchips.by/catalog/istochniki-pitaniya/ibp/25127/,,,,IPPON,Back Comfo Pro II 650,,missing,,,
25128,Источник бесперебойного питания IPPON Back Comfo Pro II 850,istochniki-pitaniya/ibp,https://microchips.by/catalog/istochniki-pitaniya/ibp/25128/,,,,IPPON,Back Comfo Pro II 850,,missing,,,
25129,Источник бесперебойного питания IPPON Back Power Pro II 800,istochniki-pitaniya/ibp,https://microchips.by/catalog/istochniki-pitaniya/ibp/25129/,,,,IPPON,Back Power Pro II 800,,missing,,,
2513,"Аккумулятор AT 4851-22 для радиостанций (NiMH, 1600mAh, 7.5V)",akkumulyatory/promyshlennye/dlya_ratsiy,https://microchips.by/catalog/akkumulyatory/promyshlennye/dlya_ratsiy/2513/,1600mAh,7.5V,NiMH,,,,нет данных в бэкапе,,,
25130,Источник бесперебойного питания IPPON Back Office 1000,istochniki-pitaniya/ibp,https://microchips.by/catalog/istochniki-pitaniya/ibp/25130/,,,,IPPON,Back Office 1000,,missing,,,
25131,Источник бесперебойного питания IPPON Back Power Pro II 850 Euro,istochniki-pitaniya/ibp,https://microchips.by/catalog/istochniki-pitaniya/ibp/25131/,,,,IPPON,Back Power Pro II 850 Euro,,missing,,,
25132,Источник бесперебойного питания IPPON Back Comfo Pro II 1050,istochniki-pitaniya/ibp,https://microchips.by/catalog/istochniki-pitaniya/ibp/25132/,,,,IPPON,Back Comfo Pro II 1050,,missing,,,
25133,Источник бесперебойного питания IPPON Smart Power Pro II 1200,istochniki-pitaniya/ibp,https://microchips.by/catalog/istochniki-pitaniya/ibp/25133/,,,,IPPON,Smart Power Pro II 1200,,missing,,,
25134,Источник бесперебойного питания IPPON Back Basic 2200 Euro,istochniki-pitaniya/ibp,https://microchips.by/catalog/istochniki-pitaniya/ibp/25134/,,,,IPPON,Back Basic 2200 Euro,,missing,,,
25135,Источник бесперебойного питания IPPON Back Basic 1500,istochniki-pitaniya/ibp,https://microchips.by/catalog/istochniki-pitaniya/ibp/25135/,,,,IPPON,Back Basic 1500,,missing,,,
25136,Источник бесперебойного питания IPPON Back Basic 1500 Euro,istochniki-pitaniya/ibp,https://microchips.by/catalog/istochniki-pitaniya/ibp/25136/,,,,IPPON,Back Basic 1500 Euro,,missing,,,
25137,Источник бесперебойного питания IPPON Back Basic 2200,istochniki-pitaniya/ibp,https://microchips.by/catalog/istochniki-pitaniya/ibp/25137/,,,,IPPON,Back Basic 2200,,missing,,,
25138,Источник бесперебойного питания IPPON Smart Power Pro II 1200 Euro,istochniki-pitaniya/ibp,https://microchips.by/catalog/istochniki-pitaniya/ibp/25138/,,,,IPPON,Smart Power Pro II 1200 Euro,,missing,,,
25139,Источник бесперебойного питания IPPON Smart Power Pro II 1600,istochniki-pitaniya/ibp,https://microchips.by/catalog/istochniki-pitaniya/ibp/25139/,,,,IPPON,Smart Power Pro II 1600,,missing,,,
2514,"Аккумулятор AT 4852-16 для радиостанций (NiMH, 1100mAh, 1.2V)",akkumulyatory/promyshlennye/dlya_ratsiy,https://microchips.by/catalog/akkumulyatory/promyshlennye/dlya_ratsiy/2514/,1100mAh,1.2V,NiMH,,,,нет данных в бэкапе,,,
25140,Источник бесперебойного питания IPPON Smart Power Pro II 1600 Euro,istochniki-pitaniya/ibp,https://microchips.by/catalog/istochniki-pitaniya/ibp/25140/,,,,IPPON,Smart Power Pro II 1600 Euro,,missing,,,
25141,Источник бесперебойного питания IPPON Smart Power Pro II 2200 Euro,istochniki-pitaniya/ibp,https://microchips.by/catalog/istochniki-pitaniya/ibp/25141/,,,,IPPON,Smart Power Pro II 2200 Euro,,missing,,,
25142,Источник бесперебойного питания IPPON Smart Power Pro II 2200,istochniki-pitaniya/ibp,https://microchips.by/catalog/istochniki-pitaniya/ibp/25142/,,,,IPPON,Smart Power Pro II 2200,,missing,,,
25143,Источник бесперебойного питания IPPON Innova G2 1000,istochniki-pitaniya/ibp,https://microchips.by/catalog/istochniki-pitaniya/ibp/25143/,,,,IPPON,Innova G2 1000,,missing,,,
25144,Источник бесперебойного питания IPPON Innova G2 1000 Euro,istochniki-pitaniya/ibp,https://microchips.by/catalog/istochniki-pitaniya/ibp/25144/,,,,IPPON,Innova G2 1000 Euro,,missing,,,
25145,Источник бесперебойного питания IPPON Smart Winner II 1000,istochniki-pitaniya/ibp,https://microchips.by/catalog/istochniki-pitaniya/ibp/25145/,,,,IPPON,Smart Winner II 1000,1200,ok,Y,,
25146,Источник бесперебойного питания IPPON Innova RT 1K 1000VA,istochniki-pitaniya/ibp,https://microchips.by/catalog/istochniki-pitaniya/ibp/25146/,,,,IPPON,Innova RT 1K 1000VA,,missing,,,
25147,Источник бесперебойного питания IPPON Smart Winner II 1150,istochniki-pitaniya/ibp,https://microchips.by/catalog/istochniki-pitaniya/ibp/25147/,,,,IPPON,Smart Winner II 1150,,missing,,,
25148,Источник бесперебойного питания IPPON Smart Winner II 1500,istochniki-pitaniya/ibp,https://microchips.by/catalog/istochniki-pitaniya/ibp/25148/,,,,IPPON,Smart Winner II 1500,,missing,,,
25149,Источник бесперебойного питания IPPON Innova G2 2000L,istochniki-pitaniya/ibp,https://microchips.by/catalog/istochniki-pitaniya/ibp/25149/,,,,IPPON,Innova G2 2000L,,missing,,,
2515,Аккумулятор для радиостанций AT 50-07 (Ni-MH),akkumulyatory/promyshlennye/dlya_ratsiy,https://microchips.by/catalog/akkumulyatory/promyshlennye/dlya_ratsiy/2515/,,,,,,,нет данных в бэкапе,,,
25150,Источник бесперебойного питания IPPON Smart Winner II 1550,istochniki-pitaniya/ibp,https://microchips.by/catalog/istochniki-pitaniya/ibp/25150/,,,,IPPON,Smart Winner II 1550,,missing,,,
25151,Источник бесперебойного питания IPPON Smart Winner II 1500 Euro,istochniki-pitaniya/ibp,https://microchips.by/catalog/istochniki-pitaniya/ibp/25151/,,,,IPPON,Smart Winner II 1500 Euro,,missing,,,
25152,Источник бесперебойного питания IPPON Innova G2 2000 Euro,istochniki-pitaniya/ibp,https://microchips.by/catalog/istochniki-pitaniya/ibp/25152/,,,,IPPON,Innova G2 2000 Euro,,missing,,,
25153,Источник бесперебойного питания IPPON Innova 2000 G2,istochniki-pitaniya/ibp,https://microchips.by/catalog/istochniki-pitaniya/ibp/25153/,,,,IPPON,Innova 2000 G2,,missing,,,
25154,Источник бесперебойного питания IPPON Innova 3000 G2,istochniki-pitaniya/ibp,https://microchips.by/catalog/istochniki-pitaniya/ibp/25154/,,,,IPPON,Innova 3000 G2,,missing,,,
25155,Источник бесперебойного питания IPPON Innova G2 3000 Euro,istochniki-pitaniya/ibp,https://microchips.by/catalog/istochniki-pitaniya/ibp/25155/,,,,IPPON,Innova G2 3000 Euro,,missing,,,
25156,Источник бесперебойного питания IPPON Innova Modular Cabinet 200K,istochniki-pitaniya/ibp,https://microchips.by/catalog/istochniki-pitaniya/ibp/25156/,,,,IPPON,Innova Modular Cabinet 200K,,missing,,,
25157,Источник бесперебойного питания IPPON Innova RT 33 60K Tower,istochniki-pitaniya/ibp,https://microchips.by/catalog/istochniki-pitaniya/ibp/25157/,,,,IPPON,Innova RT 33 60K Tower,,missing,,,
25158,Источник бесперебойного питания IPPON Innova RT 33 40K Tower,istochniki-pitaniya/ibp,https://microchips.by/catalog/istochniki-pitaniya/ibp/25158/,,,,IPPON,Innova RT 33 40K Tower,,missing,,,
25159,Источник бесперебойного питания IPPON Innova RT 33 80K Tower,istochniki-pitaniya/ibp,https://microchips.by/catalog/istochniki-pitaniya/ibp/25159/,,,,IPPON,Innova RT 33 80K Tower,,missing,,,
2516,Аккумулятор для радиостанций AT 53-06 (Ni-MH),akkumulyatory/promyshlennye/dlya_ratsiy,https://microchips.by/catalog/akkumulyatory/promyshlennye/dlya_ratsiy/2516/,,,,,,,нет данных в бэкапе,,,
25160,Источник бесперебойного питания IPPON Innova RT 33 20K Tower,istochniki-pitaniya/ibp,https://microchips.by/catalog/istochniki-pitaniya/ibp/25160/,,,,IPPON,Innova RT 33 20K Tower,,missing,,,
25161,Источник бесперебойного питания IPPON Innova Modular 25K,istochniki-pitaniya/ibp,https://microchips.by/catalog/istochniki-pitaniya/ibp/25161/,,,,IPPON,Innova Modular 25K,,missing,,,
25162,Источник бесперебойного питания IPPON Innova RT Tower 3/1 20 kVA,istochniki-pitaniya/ibp,https://microchips.by/catalog/istochniki-pitaniya/ibp/25162/,,,,IPPON,Innova RT Tower 3/1 20 kVA,,missing,,,
25163,Источник бесперебойного питания IPPON Innova RT Tower 3/1 10 kVA,istochniki-pitaniya/ibp,https://microchips.by/catalog/istochniki-pitaniya/ibp/25163/,,,,IPPON,Innova RT Tower 3/1 10 kVA,,missing,,,
25165,Источник бесперебойного питания Kiper Power Online 1K RM,istochniki-pitaniya/ibp,https://microchips.by/catalog/istochniki-pitaniya/ibp/25165/,,,,Kiper,Power Online 1K RM,,missing,,,
25166,Источник бесперебойного питания Kiper Power A1000 USB,istochniki-pitaniya/ibp,https://microchips.by/catalog/istochniki-pitaniya/ibp/25166/,,,,Kiper,Power A1000 USB,,missing,,,
25167,Источник бесперебойного питания Kiper Power A2000,istochniki-pitaniya/ibp,https://microchips.by/catalog/istochniki-pitaniya/ibp/25167/,,,,Kiper,Power A2000,,missing,,,
25168,Источник бесперебойного питания Kiper Power A850,istochniki-pitaniya/ibp,https://microchips.by/catalog/istochniki-pitaniya/ibp/25168/,,,,Kiper,Power A850,,missing,,,
25169,Источник бесперебойного питания Kiper Power Online ONE 10K RM,istochniki-pitaniya/ibp,https://microchips.by/catalog/istochniki-pitaniya/ibp/25169/,,,,Kiper,Power Online ONE 10K RM,,missing,,,
2517,Аккумулятор для радиостанций AT 53-15 (Ni-MH),akkumulyatory/promyshlennye/dlya_ratsiy,https://microchips.by/catalog/akkumulyatory/promyshlennye/dlya_ratsiy/2517/,,,,,,,нет данных в бэкапе,,,
25170,Источник бесперебойного питания Kiper Power Online 3K+ RM,istochniki-pitaniya/ibp,https://microchips.by/catalog/istochniki-pitaniya/ibp/25170/,,,,Kiper,Power Online 3K+ RM,1100,ok,Y,,
25171,Источник бесперебойного питания Kiper Power Online 3P 100K,istochniki-pitaniya/ibp,https://microchips.by/catalog/istochniki-pitaniya/ibp/25171/,,,,Kiper,Power Online 3P 100K,,missing,,,
25172,Источник бесперебойного питания Kiper Power Compact 1000,istochniki-pitaniya/ibp,https://microchips.by/catalog/istochniki-pitaniya/ibp/25172/,,,,Kiper,Power Compact 1000,,missing,,,
25173,Источник бесперебойного питания Kiper Power Online 2K,istochniki-pitaniya/ibp,https://microchips.by/catalog/istochniki-pitaniya/ibp/25173/,,,,Kiper,Power Online 2K,,missing,,,
25174,Источник бесперебойного питания Kiper Power Online 3K,istochniki-pitaniya/ibp,https://microchips.by/catalog/istochniki-pitaniya/ibp/25174/,,,,Kiper,Power Online 3K,,missing,,,
25176,Источник бесперебойного питания Powercom RPT-2000AP LCD,istochniki-pitaniya/ibp,https://microchips.by/catalog/istochniki-pitaniya/ibp/25176/,,,,Powercom,RPT-2000AP LCD,,missing,,,
25177,Источник бесперебойного питания Powercom Macan MRT-10K,istochniki-pitaniya/ibp,https://microchips.by/catalog/istochniki-pitaniya/ibp/25177/,,,,Powercom,Macan MRT-10K,,missing,,,
25178,Источник бесперебойного питания Powercom Spider SPD-1100U LCD USB,istochniki-pitaniya/ibp,https://microchips.by/catalog/istochniki-pitaniya/ibp/25178/,,,,Powercom,Spider SPD-1100U LCD USB,,missing,,,
25179,Источник бесперебойного питания Powercom RPT-600AP SE2,istochniki-pitaniya/ibp,https://microchips.by/catalog/istochniki-pitaniya/ibp/25179/,,,,Powercom,RPT-600AP SE2,,missing,,,
2518,Аккумулятор для радиостанций AT 54-16 (Ni-MH),akkumulyatory/promyshlennye/dlya_ratsiy,https://microchips.by/catalog/akkumulyatory/promyshlennye/dlya_ratsiy/2518/,,,,,,,нет данных в бэкапе,,,
25180,Источник бесперебойного питания Powercom VGD-II-60K33,istochniki-pitaniya/ibp,https://microchips.by/catalog/istochniki-pitaniya/ibp/25180/,,,,Powercom,VGD-II-60K33,,missing,,,
25181,Источник бесперебойного питания Powercom VGD-II-15K33,istochniki-pitaniya/ibp,https://microchips.by/catalog/istochniki-pitaniya/ibp/25181/,,,,Powercom,VGD-II-15K33,,missing,,,
25182,Источник бесперебойного питания Powercom Sentinel SNT-1000,istochniki-pitaniya/ibp,https://microchips.by/catalog/istochniki-pitaniya/ibp/25182/,,,,Powercom,Sentinel SNT-1000,,missing,,,
25183,Источник бесперебойного питания Powercom Raptor RPT-2000AP SE,istochniki-pitaniya/ibp,https://microchips.by/catalog/istochniki-pitaniya/ibp/25183/,,,,Powercom,Raptor RPT-2000AP SE,,missing,,,
25184,Источник бесперебойного питания Powercom Raptor RPT-800AP Euro,istochniki-pitaniya/ibp,https://microchips.by/catalog/istochniki-pitaniya/ibp/25184/,,,,Powercom,Raptor RPT-800AP Euro,,missing,,,
25185,Источник бесперебойного питания Powercom RPT-600A Euro,istochniki-pitaniya/ibp,https://microchips.by/catalog/istochniki-pitaniya/ibp/25185/,,,,Powercom,RPT-600A Euro,,missing,,,
25186,Источник бесперебойного питания Powercom Smart Rack&Tower SRT-3000A LCD,istochniki-pitaniya/ibp,https://microchips.by/catalog/istochniki-pitaniya/ibp/25186/,,,,Powercom,Smart Rack&Tower SRT-3000A LCD,2350,ok,Y,,
25187,Источник бесперебойного питания Powercom King Pro RM KIN-3000AP LCD,istochniki-pitaniya/ibp,https://microchips.by/catalog/istochniki-pitaniya/ibp/25187/,,,,Powercom,King Pro RM KIN-3000AP LCD,2250,ok,Y,,
25188,Источник бесперебойного питания Powercom SPD-850E Cube,istochniki-pitaniya/ibp,https://microchips.by/catalog/istochniki-pitaniya/ibp/25188/,,,,Powercom,SPD-850E Cube,,missing,,,
25189,Источник бесперебойного питания Powercom Macan Comfort MRT-3000 SE,istochniki-pitaniya/ibp,https://microchips.by/catalog/istochniki-pitaniya/ibp/25189/,,,,Powercom,Macan Comfort MRT-3000 SE,,missing,,,
2519,Аккумулятор для радиостанций AT 5414-12 (Ni-Cd),akkumulyatory/promyshlennye/dlya_ratsiy,https://microchips.by/catalog/akkumulyatory/promyshlennye/dlya_ratsiy/2519/,,,,,,,нет данных в бэкапе,,,
25190,Источник бесперебойного питания Powercom SPIDER SPD-1100U LCD,istochniki-pitaniya/ibp,https://microchips.by/catalog/istochniki-pitaniya/ibp/25190/,,,,Powercom,SPIDER SPD-1100U LCD,,missing,,,
25191,Источник бесперебойного питания Powercom Smart King Pro+ SPT-700-II,istochniki-pitaniya/ibp,https://microchips.by/catalog/istochniki-pitaniya/ibp/25191/,,,,Powercom,Smart King Pro+ SPT-700-II,,missing,,,
25192,Источник бесперебойного питания Powercom Smart King Pro+ SPR-3000 LCD,istochniki-pitaniya/ibp,https://microchips.by/catalog/istochniki-pitaniya/ibp/25192/,,,,Powercom,Smart King Pro+ SPR-3000 LCD,,missing,,,
25193,Источник бесперебойного питания Powercom Smart King Pro+ SPT-3000-II LCD,istochniki-pitaniya/ibp,https://microchips.by/catalog/istochniki-pitaniya/ibp/25193/,,,,Powercom,Smart King Pro+ SPT-3000-II LCD,,missing,,,
25194,Источник бесперебойного питания Powercom Macan MRT-1500 SE,istochniki-pitaniya/ibp,https://microchips.by/catalog/istochniki-pitaniya/ibp/25194/,,,,Powercom,Macan MRT-1500 SE,,missing,,,
25195,Источник бесперебойного питания Powercom RPT-1500AP LCD,istochniki-pitaniya/ibp,https://microchips.by/catalog/istochniki-pitaniya/ibp/25195/,,,,Powercom,RPT-1500AP LCD,,missing,,,
25196,Источник бесперебойного питания Powercom RPT-1025AP LCD,istochniki-pitaniya/ibp,https://microchips.by/catalog/istochniki-pitaniya/ibp/25196/,,,,Powercom,RPT-1025AP LCD,,missing,,,
25197,Источник бесперебойного питания Powercom Macan MRT-6000,istochniki-pitaniya/ibp,https://microchips.by/catalog/istochniki-pitaniya/ibp/25197/,,,,Powercom,Macan MRT-6000,,missing,,,
25198,Источник бесперебойного питания Powercom Macan MAC-6000,istochniki-pitaniya/ibp,https://microchips.by/catalog/istochniki-pitaniya/ibp/25198/,,,,Powercom,Macan MAC-6000,,missing,,,
25199,Источник бесперебойного питания Powercom INF-1100,istochniki-pitaniya/ibp,https://microchips.by/catalog/istochniki-pitaniya/ibp/25199/,,,,Powercom,INF-1100,,missing,,,
25200,Источник бесперебойного питания Powercom INF-1500,istochniki-pitaniya/ibp,https://microchips.by/catalog/istochniki-pitaniya/ibp/25200/,,,,Powercom,INF-1500,,missing,,,
25201,Источник бесперебойного питания Powercom King Pro+ SPT-3000,istochniki-pitaniya/ibp,https://microchips.by/catalog/istochniki-pitaniya/ibp/25201/,,,,Powercom,King Pro+ SPT-3000,,missing,,,
25202,Источник бесперебойного питания Powercom King Pro+ SPR-3000,istochniki-pitaniya/ibp,https://microchips.by/catalog/istochniki-pitaniya/ibp/25202/,,,,Powercom,King Pro+ SPR-3000,,missing,,,
25203,Источник бесперебойного питания Powercom Raptor RPT-2000AP,istochniki-pitaniya/ibp,https://microchips.by/catalog/istochniki-pitaniya/ibp/25203/,,,,Powercom,Raptor RPT-2000AP,,missing,,,
25204,Источник бесперебойного питания Powercom INF-800,istochniki-pitaniya/ibp,https://microchips.by/catalog/istochniki-pitaniya/ibp/25204/,,,,Powercom,INF-800,,missing,,,
25205,Источник бесперебойного питания Powercom Spider SPD-1000N,istochniki-pitaniya/ibp,https://microchips.by/catalog/istochniki-pitaniya/ibp/25205/,,,,Powercom,Spider SPD-1000N,298,ok,Y,,
25206,Источник бесперебойного питания Powercom Raptor RPT-800A,istochniki-pitaniya/ibp,https://microchips.by/catalog/istochniki-pitaniya/ibp/25206/,,,,Powercom,Raptor RPT-800A,,missing,,,
25207,Источник бесперебойного питания Powercom Spider SPD-850E,istochniki-pitaniya/ibp,https://microchips.by/catalog/istochniki-pitaniya/ibp/25207/,,,,Powercom,Spider SPD-850E,,missing,,,
25208,Источник бесперебойного питания Powercom Smart King Pro+ SPT-500,istochniki-pitaniya/ibp,https://microchips.by/catalog/istochniki-pitaniya/ibp/25208/,,,,Powercom,Smart King Pro+ SPT-500,,missing,,,
25209,Источник бесперебойного питания Powercom Infinity INF-500,istochniki-pitaniya/ibp,https://microchips.by/catalog/istochniki-pitaniya/ibp/25209/,,,,Powercom,Infinity INF-500,,missing,,,
25210,Источник бесперебойного питания Powercom Vanguard RM VRT-10K,istochniki-pitaniya/ibp,https://microchips.by/catalog/istochniki-pitaniya/ibp/25210/,,,,Powercom,Vanguard RM VRT-10K,,missing,,,
25211,Источник бесперебойного питания Powercom Macan MAS-1000,istochniki-pitaniya/ibp,https://microchips.by/catalog/istochniki-pitaniya/ibp/25211/,,,,Powercom,Macan MAS-1000,,missing,,,
25212,Источник бесперебойного питания Powercom Raptor RPT-800A Euro,istochniki-pitaniya/ibp,https://microchips.by/catalog/istochniki-pitaniya/ibp/25212/,,,,Powercom,Raptor RPT-800A Euro,,missing,,,
25213,Источник бесперебойного питания Powercom Vanguard VGS-10K 10000VA,istochniki-pitaniya/ibp,https://microchips.by/catalog/istochniki-pitaniya/ibp/25213/,,,,Powercom,Vanguard VGS-10K 10000VA,,missing,,,
25214,Источник бесперебойного питания Powercom Macan MAS-3000,istochniki-pitaniya/ibp,https://microchips.by/catalog/istochniki-pitaniya/ibp/25214/,,,,Powercom,Macan MAS-3000,,missing,,,
25215,Источник бесперебойного питания Powercom Macan MAS-2000,istochniki-pitaniya/ibp,https://microchips.by/catalog/istochniki-pitaniya/ibp/25215/,,,,Powercom,Macan MAS-2000,,missing,,,
25216,Источник бесперебойного питания Powercom Raptor RPT-1500AP,istochniki-pitaniya/ibp,https://microchips.by/catalog/istochniki-pitaniya/ibp/25216/,,,,Powercom,Raptor RPT-1500AP,,missing,,,
25217,Источник бесперебойного питания Powercom Raptor RPT-1025AP,istochniki-pitaniya/ibp,https://microchips.by/catalog/istochniki-pitaniya/ibp/25217/,,,,Powercom,Raptor RPT-1025AP,,missing,,,
25218,Источник бесперебойного питания Powercom Raptor RPT-1000AP,istochniki-pitaniya/ibp,https://microchips.by/catalog/istochniki-pitaniya/ibp/25218/,,,,Powercom,Raptor RPT-1000AP,,missing,,,
25219,Источник бесперебойного питания Powercom Vanguard RM VRT-1000XL,istochniki-pitaniya/ibp,https://microchips.by/catalog/istochniki-pitaniya/ibp/25219/,,,,Powercom,Vanguard RM VRT-1000XL,,missing,,,
2522,"Аккумулятор AT 55-15 для радиостанций (NiMH, 1000mAh, 1.2V)",akkumulyatory/promyshlennye/dlya_ratsiy,https://microchips.by/catalog/akkumulyatory/promyshlennye/dlya_ratsiy/2522/,1000mAh,1.2V,NiMH,,,,нет данных в бэкапе,,,
25220,Источник бесперебойного питания Powercom Vanguard VGS-3000XL,istochniki-pitaniya/ibp,https://microchips.by/catalog/istochniki-pitaniya/ibp/25220/,,,,Powercom,Vanguard VGS-3000XL,,missing,,,
25221,Источник бесперебойного питания Powercom Imperial IMD-3000AP,istochniki-pitaniya/ibp,https://microchips.by/catalog/istochniki-pitaniya/ibp/25221/,,,,Powercom,Imperial IMD-3000AP,,missing,,,
25222,Источник бесперебойного питания Powercom Imperial IMP-3000AP,istochniki-pitaniya/ibp,https://microchips.by/catalog/istochniki-pitaniya/ibp/25222/,,,,Powercom,Imperial IMP-3000AP,,missing,,,
25223,Источник бесперебойного питания Powercom Raptor RPT-1000A,istochniki-pitaniya/ibp,https://microchips.by/catalog/istochniki-pitaniya/ibp/25223/,,,,Powercom,Raptor RPT-1000A,,missing,,,
25224,Источник бесперебойного питания Powercom Raptor RPT-600A,istochniki-pitaniya/ibp,https://microchips.by/catalog/istochniki-pitaniya/ibp/25224/,,,,Powercom,Raptor RPT-600A,,missing,,,
25225,Источник бесперебойного питания Powercom WOW-850U,istochniki-pitaniya/ibp,https://microchips.by/catalog/istochniki-pitaniya/ibp/25225/,,,,Powercom,WOW-850U,340,ok,Y,,
25226,Источник бесперебойного питания Powercom WOW-700U,istochniki-pitaniya/ibp,https://microchips.by/catalog/istochniki-pitaniya/ibp/25226/,,,,Powercom,WOW-700U,,missing,,,
25227,Источник бесперебойного питания Powercom WOW-500U,istochniki-pitaniya/ibp,https://microchips.by/catalog/istochniki-pitaniya/ibp/25227/,,,,Powercom,WOW-500U,,missing,,,
25228,Источник бесперебойного питания Powercom WOW-300,istochniki-pitaniya/ibp,https://microchips.by/catalog/istochniki-pitaniya/ibp/25228/,,,,Powercom,WOW-300,,missing,,,
25229,Источник бесперебойного питания Powercom WOW-1000U,istochniki-pitaniya/ibp,https://microchips.by/catalog/istochniki-pitaniya/ibp/25229/,,,,Powercom,WOW-1000U,,missing,,,
2523,"Аккумулятор AT 56-06 для радиостанций (NiMH, 700mAh, 2.4V)",akkumulyatory/promyshlennye/dlya_ratsiy,https://microchips.by/catalog/akkumulyatory/promyshlennye/dlya_ratsiy/2523/,700mAh,2.4V,NiMH,,,,нет данных в бэкапе,,,
25230,Источник бесперебойного питания Powercom Smart KING RT SRT-3000A,istochniki-pitaniya/ibp,https://microchips.by/catalog/istochniki-pitaniya/ibp/25230/,,,,Powercom,Smart KING RT SRT-3000A,,missing,,,
25231,Источник бесперебойного питания Powercom SMART KING RT SRT-1000A,istochniki-pitaniya/ibp,https://microchips.by/catalog/istochniki-pitaniya/ibp/25231/,,,,Powercom,SMART KING RT SRT-1000A,,missing,,,
25232,Источник бесперебойного питания Powercom Spider SPD-850U,istochniki-pitaniya/ibp,https://microchips.by/catalog/istochniki-pitaniya/ibp/25232/,,,,Powercom,Spider SPD-850U,,missing,,,
25233,Источник бесперебойного питания Powercom Spider SPD-650U,istochniki-pitaniya/ibp,https://microchips.by/catalog/istochniki-pitaniya/ibp/25233/,,,,Powercom,Spider SPD-650U,,missing,,,
25234,Источник бесперебойного питания Powercom Spider SPD-1000U,istochniki-pitaniya/ibp,https://microchips.by/catalog/istochniki-pitaniya/ibp/25234/,,,,Powercom,Spider SPD-1000U,,missing,,,
25236,Источник бесперебойного питания Eaton 5PX 2200i RT3U G2,istochniki-pitaniya/ibp,https://microchips.by/catalog/istochniki-pitaniya/ibp/25236/,,,,Eaton,5PX 2200i RT3U G2,,missing,,,
25237,Источник бесперебойного питания Eaton 5PX 1500i RT2U G2,istochniki-pitaniya/ibp,https://microchips.by/catalog/istochniki-pitaniya/ibp/25237/,,,,Eaton,5PX 1500i RT2U G2,,missing,,,
25238,Источник бесперебойного питания Eaton Powerware 9130 1500RM,istochniki-pitaniya/ibp,https://microchips.by/catalog/istochniki-pitaniya/ibp/25238/,,,,Eaton,Powerware 9130 1500RM,,missing,,,
25239,Источник бесперебойного питания Eaton 9E2000I,istochniki-pitaniya/ibp,https://microchips.by/catalog/istochniki-pitaniya/ibp/25239/,,,,Eaton,9E2000I,,missing,,,
2524,"Аккумулятор AT 57-10 для радиостанций (NiCd, 1000mAh, 7.2V)",akkumulyatory/promyshlennye/dlya_ratsiy,https://microchips.by/catalog/akkumulyatory/promyshlennye/dlya_ratsiy/2524/,1000mAh,7.2V,NiCd,,,,нет данных в бэкапе,,,
25240,Источник бесперебойного питания Eaton 9SX3000IR,istochniki-pitaniya/ibp,https://microchips.by/catalog/istochniki-pitaniya/ibp/25240/,,,,Eaton,9SX3000IR,,missing,,,
25241,Источник бесперебойного питания Eaton 9SX3000I,istochniki-pitaniya/ibp,https://microchips.by/catalog/istochniki-pitaniya/ibp/25241/,,,,Eaton,9SX3000I,,missing,,,
25242,Источник бесперебойного питания Eaton 5SC 3000 RT,istochniki-pitaniya/ibp,https://microchips.by/catalog/istochniki-pitaniya/ibp/25242/,,,,Eaton,5SC 3000 RT,,missing,,,
25243,Источник бесперебойного питания Eaton 5SC 2200 RT,istochniki-pitaniya/ibp,https://microchips.by/catalog/istochniki-pitaniya/ibp/25243/,,,,Eaton,5SC 2200 RT,,missing,,,
25244,Источник бесперебойного питания Eaton 5E DIN 850VA,istochniki-pitaniya/ibp,https://microchips.by/catalog/istochniki-pitaniya/ibp/25244/,,,,Eaton,5E DIN 850VA,,missing,,,
25245,Источник бесперебойного питания Eaton 5E DIN 650VA,istochniki-pitaniya/ibp,https://microchips.by/catalog/istochniki-pitaniya/ibp/25245/,,,,Eaton,5E DIN 650VA,,missing,,,
25246,Источник бесперебойного питания Eaton 5E IEC 1100VA,istochniki-pitaniya/ibp,https://microchips.by/catalog/istochniki-pitaniya/ibp/25246/,,,,Eaton,5E IEC 1100VA,,missing,,,
25247,Источник бесперебойного питания Eaton 9SX 6000VA,istochniki-pitaniya/ibp,https://microchips.by/catalog/istochniki-pitaniya/ibp/25247/,,,,Eaton,9SX 6000VA,,missing,,,
25248,Источник бесперебойного питания Eaton 9SX 5000VA,istochniki-pitaniya/ibp,https://microchips.by/catalog/istochniki-pitaniya/ibp/25248/,,,,Eaton,9SX 5000VA,,missing,,,
25249,Источник бесперебойного питания Eaton 9130 Rackmount 1500VA,istochniki-pitaniya/ibp,https://microchips.by/catalog/istochniki-pitaniya/ibp/25249/,,,,Eaton,9130 Rackmount 1500VA,,missing,,,
25250,Источник бесперебойного питания Eaton 5P 1550VA,istochniki-pitaniya/ibp,https://microchips.by/catalog/istochniki-pitaniya/ibp/25250/,,,,Eaton,5P 1550VA,,missing,,,
25251,Источник бесперебойного питания Eaton 5P 1150VA 1U,istochniki-pitaniya/ibp,https://microchips.by/catalog/istochniki-pitaniya/ibp/25251/,,,,Eaton,5P 1150VA 1U,2100,ok,Y,,
25252,Источник бесперебойного питания Eaton 5P 850VA,istochniki-pitaniya/ibp,https://microchips.by/catalog/istochniki-pitaniya/ibp/25252/,,,,Eaton,5P 850VA,,missing,,,
25255,Источник бесперебойного питания Eaton 5P 1150VA,istochniki-pitaniya/ibp,https://microchips.by/catalog/istochniki-pitaniya/ibp/25255/,,,,Eaton,5P 1150VA,1150,ok,Y,,
25256,Источник бесперебойного питания Eaton 5P 650VA,istochniki-pitaniya/ibp,https://microchips.by/catalog/istochniki-pitaniya/ibp/25256/,,,,Eaton,5P 650VA,,missing,,,
25257,Источник бесперебойного питания Eaton 5SC 1000VA,istochniki-pitaniya/ibp,https://microchips.by/catalog/istochniki-pitaniya/ibp/25257/,,,,Eaton,5SC 1000VA,,missing,,,
25258,Источник бесперебойного питания Eaton 5S 1500VA,istochniki-pitaniya/ibp,https://microchips.by/catalog/istochniki-pitaniya/ibp/25258/,,,,Eaton,5S 1500VA,,missing,,,
25259,Источник бесперебойного питания Eaton 5S 1000VA,istochniki-pitaniya/ibp,https://microchips.by/catalog/istochniki-pitaniya/ibp/25259/,,,,Eaton,5S 1000VA,,missing,,,
2526,"Аккумулятор AT 58-16 для радиостанций (NiMH, 1600mAh, 7.2V)",akkumulyatory/promyshlennye/dlya_ratsiy,https://microchips.by/catalog/akkumulyatory/promyshlennye/dlya_ratsiy/2526/,1600mAh,7.2V,NiMH,,,,нет данных в бэкапе,,,
25260,Источник бесперебойного питания Eaton 5S 700VA,istochniki-pitaniya/ibp,https://microchips.by/catalog/istochniki-pitaniya/ibp/25260/,,,,Eaton,5S 700VA,,missing,,,
25261,Источник бесперебойного питания Eaton 5S 550VA,istochniki-pitaniya/ibp,https://microchips.by/catalog/istochniki-pitaniya/ibp/25261/,,,,Eaton,5S 550VA,,missing,,,
25263,Источник бесперебойного питания CrownMicro CMUS-185 Euro Smart,istochniki-pitaniya/ibp,https://microchips.by/catalog/istochniki-pitaniya/ibp/25263/,,,,CrownMicro,CMUS-185 Euro Smart,,missing,,,
25264,Источник бесперебойного питания CrownMicro CMUS-165 Euro Smart,istochniki-pitaniya/ibp,https://microchips.by/catalog/istochniki-pitaniya/ibp/25264/,,,,CrownMicro,CMUS-165 Euro Smart,,missing,,,
25265,Источник бесперебойного питания CrownMicro CMU-SP2000 Euro USB,istochniki-pitaniya/ibp,https://microchips.by/catalog/istochniki-pitaniya/ibp/25265/,,,,CrownMicro,CMU-SP2000 Euro USB,,missing,,,
25266,Источник бесперебойного питания CrownMicro CMU-SP650 Combo,istochniki-pitaniya/ibp,https://microchips.by/catalog/istochniki-pitaniya/ibp/25266/,,,,CrownMicro,CMU-SP650 Combo,,missing,,,
25267,Источник бесперебойного питания CrownMicro CMUOA-300X-3K,istochniki-pitaniya/ibp,https://microchips.by/catalog/istochniki-pitaniya/ibp/25267/,,,,CrownMicro,CMUOA-300X-3K,,missing,,,
25268,Источник бесперебойного питания CrownMicro Optima II CMUO-900-1.1K,istochniki-pitaniya/ibp,https://microchips.by/catalog/istochniki-pitaniya/ibp/25268/,,,,CrownMicro,Optima II CMUO-900-1.1K,,missing,,,
25269,Источник бесперебойного питания CrownMicro CMU-500X,istochniki-pitaniya/ibp,https://microchips.by/catalog/istochniki-pitaniya/ibp/25269/,,,,CrownMicro,CMU-500X,,zero_or_invalid,Y,,
25270,Источник бесперебойного питания CrownMicro CMU-500X IEC,istochniki-pitaniya/ibp,https://microchips.by/catalog/istochniki-pitaniya/ibp/25270/,,,,CrownMicro,CMU-500X IEC,,missing,,,
25271,Источник бесперебойного питания CrownMicro CMU-650X IEC,istochniki-pitaniya/ibp,https://microchips.by/catalog/istochniki-pitaniya/ibp/25271/,,,,CrownMicro,CMU-650X IEC,,missing,,,
25272,Источник бесперебойного питания CrownMicro CMU-650X,istochniki-pitaniya/ibp,https://microchips.by/catalog/istochniki-pitaniya/ibp/25272/,,,,CrownMicro,CMU-650X,,missing,,,
25274,Источник бесперебойного питания Энергия Гарант-500,istochniki-pitaniya/ibp,https://microchips.by/catalog/istochniki-pitaniya/ibp/25274/,,,,Энергия,Гарант-500,510,ok,Y,,
25275,Источник бесперебойного питания Энергия Гарант-750,istochniki-pitaniya/ibp,https://microchips.by/catalog/istochniki-pitaniya/ibp/25275/,,,,Энергия,Гарант-750,690,ok,Y,,
25276,Источник бесперебойного питания Энергия Гарант-1000,istochniki-pitaniya/ibp,https://microchips.by/catalog/istochniki-pitaniya/ibp/25276/,,,,Энергия,Гарант-1000,,missing,,,
25277,Источник бесперебойного питания Энергия Про-1000,istochniki-pitaniya/ibp,https://microchips.by/catalog/istochniki-pitaniya/ibp/25277/,,,,Энергия,Про-1000,,missing,,,
25278,Источник бесперебойного питания Энергия 600,istochniki-pitaniya/ibp,https://microchips.by/catalog/istochniki-pitaniya/ibp/25278/,,,,Энергия,600,,missing,,,
2528,"Аккумулятор AT 6574-22 для радиостанций (Li-ion, 2200mAh, 3.6V)",akkumulyatory/promyshlennye/dlya_ratsiy,https://microchips.by/catalog/akkumulyatory/promyshlennye/dlya_ratsiy/2528/,2200mAh,3.6V,Li-ion,,,,нет данных в бэкапе,,,
25280,Источник бесперебойного питания SVEN Pro 1500,istochniki-pitaniya/ibp,https://microchips.by/catalog/istochniki-pitaniya/ibp/25280/,,,,SVEN,Pro 1500,,missing,,,
25281,Источник бесперебойного питания SVEN Pro+ 650,istochniki-pitaniya/ibp,https://microchips.by/catalog/istochniki-pitaniya/ibp/25281/,,,,SVEN,Pro+ 650,,missing,,,
25282,Источник бесперебойного питания SVEN Pro 650,istochniki-pitaniya/ibp,https://microchips.by/catalog/istochniki-pitaniya/ibp/25282/,,,,SVEN,Pro 650,,missing,,,
25283,Источник бесперебойного питания SVEN Pro+ 1000,istochniki-pitaniya/ibp,https://microchips.by/catalog/istochniki-pitaniya/ibp/25283/,,,,SVEN,Pro+ 1000,,missing,,,
25284,Источник бесперебойного питания SVEN Pro+ 1500,istochniki-pitaniya/ibp,https://microchips.by/catalog/istochniki-pitaniya/ibp/25284/,,,,SVEN,Pro+ 1500,,missing,,,
25285,Источник бесперебойного питания SVEN RT-1000,istochniki-pitaniya/ibp,https://microchips.by/catalog/istochniki-pitaniya/ibp/25285/,,,,SVEN,RT-1000,,missing,,,
25286,Источник бесперебойного питания SVEN RT-500,istochniki-pitaniya/ibp,https://microchips.by/catalog/istochniki-pitaniya/ibp/25286/,,,,SVEN,RT-500,,missing,,,
25287,Источник бесперебойного питания SVEN Pro 1000,istochniki-pitaniya/ibp,https://microchips.by/catalog/istochniki-pitaniya/ibp/25287/,,,,SVEN,Pro 1000,,missing,,,
25288,Источник бесперебойного питания SVEN Pro 800,istochniki-pitaniya/ibp,https://microchips.by/catalog/istochniki-pitaniya/ibp/25288/,,,,SVEN,Pro 800,,missing,,,
25289,Источник бесперебойного питания SVEN Pro 600,istochniki-pitaniya/ibp,https://microchips.by/catalog/istochniki-pitaniya/ibp/25289/,,,,SVEN,Pro 600,,missing,,,
2529,"Аккумулятор AT 700-16 для радиостанций (NiMH, 1600mAh, 1.2V)",akkumulyatory/promyshlennye/dlya_ratsiy,https://microchips.by/catalog/akkumulyatory/promyshlennye/dlya_ratsiy/2529/,1600mAh,1.2V,NiMH,,,,нет данных в бэкапе,,,
25291,Источник бесперебойного питания ExeGate SpecialPro UNB-900,istochniki-pitaniya/ibp,https://microchips.by/catalog/istochniki-pitaniya/ibp/25291/,,,,ExeGate,SpecialPro UNB-900,,missing,,,
25292,Источник бесперебойного питания ExeGate SpecialPro UNB-650,istochniki-pitaniya/ibp,https://microchips.by/catalog/istochniki-pitaniya/ibp/25292/,,,,ExeGate,SpecialPro UNB-650,,missing,,,
25293,Источник бесперебойного питания ExeGate Power Back BNB-650,istochniki-pitaniya/ibp,https://microchips.by/catalog/istochniki-pitaniya/ibp/25293/,,,,ExeGate,Power Back BNB-650,,missing,,,
25294,Источник бесперебойного питания ExeGate SpecialPro UNB-1000,istochniki-pitaniya/ibp,https://microchips.by/catalog/istochniki-pitaniya/ibp/25294/,,,,ExeGate,SpecialPro UNB-1000,,missing,,,
25295,Источник бесперебойного питания ExeGate PowerExpert ULS-3000,istochniki-pitaniya/ibp,https://microchips.by/catalog/istochniki-pitaniya/ibp/25295/,,,,ExeGate,PowerExpert ULS-3000,,missing,,,
25296,Источник бесперебойного питания ExeGate PowerExpert ULS-2000,istochniki-pitaniya/ibp,https://microchips.by/catalog/istochniki-pitaniya/ibp/25296/,,,,ExeGate,PowerExpert ULS-2000,,missing,,,
25297,Источник бесперебойного питания ExeGate SinePower UHB-3000,istochniki-pitaniya/ibp,https://microchips.by/catalog/istochniki-pitaniya/ibp/25297/,,,,ExeGate,SinePower UHB-3000,1350,ok,Y,,
25298,Источник бесперебойного питания ExeGate SinePower UHB-2000,istochniki-pitaniya/ibp,https://microchips.by/catalog/istochniki-pitaniya/ibp/25298/,,,,ExeGate,SinePower UHB-2000,,missing,,,
25299,Источник бесперебойного питания ExeGate SinePower UHB-1000,istochniki-pitaniya/ibp,https://microchips.by/catalog/istochniki-pitaniya/ibp/25299/,,,,ExeGate,SinePower UHB-1000,,missing,,,
2530,Аккумулятор для радиостанций AT 7143-12 (Ni-Cd),akkumulyatory/promyshlennye/dlya_ratsiy,https://microchips.by/catalog/akkumulyatory/promyshlennye/dlya_ratsiy/2530/,,,,,,,нет данных в бэкапе,,,
25300,Источник бесперебойного питания ExeGate ServerRM UNL-1500,istochniki-pitaniya/ibp,https://microchips.by/catalog/istochniki-pitaniya/ibp/25300/,,,,ExeGate,ServerRM UNL-1500,,missing,,,
25302,Источник бесперебойного питания FSP Custos One+ TW 3K,istochniki-pitaniya/ibp,https://microchips.by/catalog/istochniki-pitaniya/ibp/25302/,,,,FSP,Custos One+ TW 3K,,missing,,,
25303,Источник бесперебойного питания FSP Custos One+ TW 2K,istochniki-pitaniya/ibp,https://microchips.by/catalog/istochniki-pitaniya/ibp/25303/,,,,FSP,Custos One+ TW 2K,,missing,,,
25304,Источник бесперебойного питания FSP Custos One+ TW 1K,istochniki-pitaniya/ibp,https://microchips.by/catalog/istochniki-pitaniya/ibp/25304/,,,,FSP,Custos One+ TW 1K,,missing,,,
25305,Источник бесперебойного питания FSP DP1500,istochniki-pitaniya/ibp,https://microchips.by/catalog/istochniki-pitaniya/ibp/25305/,,,,FSP,DP1500,,missing,,,
25306,Источник бесперебойного питания FSP DPV650,istochniki-pitaniya/ibp,https://microchips.by/catalog/istochniki-pitaniya/ibp/25306/,,,,FSP,DPV650,,missing,,,
25308,Источник бесперебойного питания IНЭЛТ Gamma 10KR IN10000Х9-GA-1,istochniki-pitaniya/ibp,https://microchips.by/catalog/istochniki-pitaniya/ibp/25308/,,,,IНЭЛТ,Gamma 10KR IN10000Х9-GA-1,7200,ok,Y,,
25309,Источник бесперебойного питания IНЭЛТ Gamma 6KR IN6000Х9-GA-1,istochniki-pitaniya/ibp,https://microchips.by/catalog/istochniki-pitaniya/ibp/25309/,,,,IНЭЛТ,Gamma 6KR IN6000Х9-GA-1,5500,ok,Y,,
2531,Аккумулятор для радиостанций AT 7143-16 (Ni-MH),akkumulyatory/promyshlennye/dlya_ratsiy,https://microchips.by/catalog/akkumulyatory/promyshlennye/dlya_ratsiy/2531/,,,,,,,нет данных в бэкапе,,,
25310,Источник бесперебойного питания IНЭЛТ SIGMA 5К 5000VA,istochniki-pitaniya/ibp,https://microchips.by/catalog/istochniki-pitaniya/ibp/25310/,,,,IНЭЛТ,SIGMA 5К 5000VA,,missing,,,
25311,Источник бесперебойного питания IНЭЛТ SIGMA KS 3К,istochniki-pitaniya/ibp,https://microchips.by/catalog/istochniki-pitaniya/ibp/25311/,,,,IНЭЛТ,SIGMA KS 3К,,missing,,,
25312,Источник бесперебойного питания IНЭЛТ Gamma 3K IN3000RM-GA-1,istochniki-pitaniya/ibp,https://microchips.by/catalog/istochniki-pitaniya/ibp/25312/,,,,IНЭЛТ,Gamma 3K IN3000RM-GA-1,,missing,,,
25313,Источник бесперебойного питания IНЭЛТ Gamma 3KR IN3000RM-GA-KR-KS,istochniki-pitaniya/ibp,https://microchips.by/catalog/istochniki-pitaniya/ibp/25313/,,,,IНЭЛТ,Gamma 3KR IN3000RM-GA-KR-KS,,missing,,,
25314,Источник бесперебойного питания IНЭЛТ Gamma 3KR IN3000RM-GA-KR-KS-TW-IEC,istochniki-pitaniya/ibp,https://microchips.by/catalog/istochniki-pitaniya/ibp/25314/,,,,IНЭЛТ,Gamma 3KR IN3000RM-GA-KR-KS-TW-IEC,,missing,,,
25315,Источник бесперебойного питания IНЭЛТ Gamma 3KR IN3000RM-GA-KR-KS-TW-SCH,istochniki-pitaniya/ibp,https://microchips.by/catalog/istochniki-pitaniya/ibp/25315/,,,,IНЭЛТ,Gamma 3KR IN3000RM-GA-KR-KS-TW-SCH,,missing,,,
25316,Источник бесперебойного питания IНЭЛТ GAMMA 3К 3000VA,istochniki-pitaniya/ibp,https://microchips.by/catalog/istochniki-pitaniya/ibp/25316/,,,,IНЭЛТ,GAMMA 3К 3000VA,,missing,,,
25317,Источник бесперебойного питания IНЭЛТ СПИ ИБП-11-003-006-УХЛ4,istochniki-pitaniya/ibp,https://microchips.by/catalog/istochniki-pitaniya/ibp/25317/,,,,IНЭЛТ,СПИ ИБП-11-003-006-УХЛ4,,missing,,,
25318,Источник бесперебойного питания IНЭЛТ Gamma 3KL IN3000RM-GA-KL,istochniki-pitaniya/ibp,https://microchips.by/catalog/istochniki-pitaniya/ibp/25318/,,,,IНЭЛТ,Gamma 3KL IN3000RM-GA-KL,1770,ok,Y,,
25319,Источник бесперебойного питания IНЭЛТ BETA 3К IN3000-ВЕ LCD,istochniki-pitaniya/ibp,https://microchips.by/catalog/istochniki-pitaniya/ibp/25319/,,,,IНЭЛТ,BETA 3К IN3000-ВЕ LCD,,missing,,,
2532,Аккумулятор для радиостанций AT 7144-16 (Ni-Cd),akkumulyatory/promyshlennye/dlya_ratsiy,https://microchips.by/catalog/akkumulyatory/promyshlennye/dlya_ratsiy/2532/,,,,,,,нет данных в бэкапе,,,
25320,Источник бесперебойного питания IНЭЛТ BETA 2К IN2000-ВЕ LCD,istochniki-pitaniya/ibp,https://microchips.by/catalog/istochniki-pitaniya/ibp/25320/,,,,IНЭЛТ,BETA 2К IN2000-ВЕ LCD,,missing,,,
25321,Источник бесперебойного питания IНЭЛТ СПИ ИБП-11-002-006-УХЛ4,istochniki-pitaniya/ibp,https://microchips.by/catalog/istochniki-pitaniya/ibp/25321/,,,,IНЭЛТ,СПИ ИБП-11-002-006-УХЛ4,,missing,,,
25323,Источник бесперебойного питания nJoy Renton 650 USB,istochniki-pitaniya/ibp,https://microchips.by/catalog/istochniki-pitaniya/ibp/25323/,,,,nJoy,Renton 650 USB,,missing,,,
25324,Источник бесперебойного питания nJoy Renton 650,istochniki-pitaniya/ibp,https://microchips.by/catalog/istochniki-pitaniya/ibp/25324/,,,,nJoy,Renton 650,235,ok,Y,,
25325,Источник бесперебойного питания nJoy Soter 600,istochniki-pitaniya/ibp,https://microchips.by/catalog/istochniki-pitaniya/ibp/25325/,,,,nJoy,Soter 600,,missing,,,
25326,Источник бесперебойного питания nJoy Keen 600,istochniki-pitaniya/ibp,https://microchips.by/catalog/istochniki-pitaniya/ibp/25326/,,,,nJoy,Keen 600,,missing,,,
25327,Источник бесперебойного питания nJoy Keen 600 USB,istochniki-pitaniya/ibp,https://microchips.by/catalog/istochniki-pitaniya/ibp/25327/,,,,nJoy,Keen 600 USB,,missing,,,
25328,Источник бесперебойного питания nJoy Keen 800 USB,istochniki-pitaniya/ibp,https://microchips.by/catalog/istochniki-pitaniya/ibp/25328/,,,,nJoy,Keen 800 USB,,missing,,,
25329,Источник бесперебойного питания nJoy Keen 1000,istochniki-pitaniya/ibp,https://microchips.by/catalog/istochniki-pitaniya/ibp/25329/,,,,nJoy,Keen 1000,,missing,,,
2533,Аккумулятор для радиостанций AT 7144-21 (Ni-MH),akkumulyatory/promyshlennye/dlya_ratsiy,https://microchips.by/catalog/akkumulyatory/promyshlennye/dlya_ratsiy/2533/,,,,,,,нет данных в бэкапе,,,
25330,Источник бесперебойного питания nJoy Keen 1000 USB,istochniki-pitaniya/ibp,https://microchips.by/catalog/istochniki-pitaniya/ibp/25330/,,,,nJoy,Keen 1000 USB,,missing,,,
25331,Источник бесперебойного питания nJoy Horus Plus 600,istochniki-pitaniya/ibp,https://microchips.by/catalog/istochniki-pitaniya/ibp/25331/,,,,nJoy,Horus Plus 600,,missing,,,
25332,Источник бесперебойного питания nJoy Horus Plus 1000,istochniki-pitaniya/ibp,https://microchips.by/catalog/istochniki-pitaniya/ibp/25332/,,,,nJoy,Horus Plus 1000,,missing,,,
25333,Источник бесперебойного питания nJoy Cadu 650,istochniki-pitaniya/ibp,https://microchips.by/catalog/istochniki-pitaniya/ibp/25333/,,,,nJoy,Cadu 650,,missing,,,
25334,Источник бесперебойного питания nJoy Aster 1K,istochniki-pitaniya/ibp,https://microchips.by/catalog/istochniki-pitaniya/ibp/25334/,,,,nJoy,Aster 1K,,missing,,,
25335,Источник бесперебойного питания nJoy Aster 2K,istochniki-pitaniya/ibp,https://microchips.by/catalog/istochniki-pitaniya/ibp/25335/,,,,nJoy,Aster 2K,,missing,,,
25336,Источник бесперебойного питания nJoy Aster 3K,istochniki-pitaniya/ibp,https://microchips.by/catalog/istochniki-pitaniya/ibp/25336/,,,,nJoy,Aster 3K,,missing,,,
25337,Источник бесперебойного питания nJoy Argus 1200,istochniki-pitaniya/ibp,https://microchips.by/catalog/istochniki-pitaniya/ibp/25337/,,,,nJoy,Argus 1200,1080,ok,Y,,
25338,Источник бесперебойного питания nJoy Argus 2200,istochniki-pitaniya/ibp,https://microchips.by/catalog/istochniki-pitaniya/ibp/25338/,,,,nJoy,Argus 2200,,missing,,,
25339,Источник бесперебойного питания nJoy Argus 3000,istochniki-pitaniya/ibp,https://microchips.by/catalog/istochniki-pitaniya/ibp/25339/,,,,nJoy,Argus 3000,,missing,,,
25340,Источник бесперебойного питания nJoy Balder 1000,istochniki-pitaniya/ibp,https://microchips.by/catalog/istochniki-pitaniya/ibp/25340/,,,,nJoy,Balder 1000,,missing,,,
25341,Источник бесперебойного питания nJoy Balder 2000,istochniki-pitaniya/ibp,https://microchips.by/catalog/istochniki-pitaniya/ibp/25341/,,,,nJoy,Balder 2000,,missing,,,
25342,Источник бесперебойного питания nJoy Balder 3000,istochniki-pitaniya/ibp,https://microchips.by/catalog/istochniki-pitaniya/ibp/25342/,,,,nJoy,Balder 3000,,missing,,,
25343,Источник бесперебойного питания nJoy Balder 6000,istochniki-pitaniya/ibp,https://microchips.by/catalog/istochniki-pitaniya/ibp/25343/,,,,nJoy,Balder 6000,5400,ok,Y,,
25344,Источник бесперебойного питания nJoy Balder 10000,istochniki-pitaniya/ibp,https://microchips.by/catalog/istochniki-pitaniya/ibp/25344/,,,,nJoy,Balder 10000,,missing,,,
25345,Источник бесперебойного питания nJoy Garun 10KL,istochniki-pitaniya/ibp,https://microchips.by/catalog/istochniki-pitaniya/ibp/25345/,,,,nJoy,Garun 10KL,11190,ok,Y,,
25346,Источник бесперебойного питания nJoy Garun 20KL,istochniki-pitaniya/ibp,https://microchips.by/catalog/istochniki-pitaniya/ibp/25346/,,,,nJoy,Garun 20KL,,missing,,,
25347,Источник бесперебойного питания nJoy Garun 40KL,istochniki-pitaniya/ibp,https://microchips.by/catalog/istochniki-pitaniya/ibp/25347/,,,,nJoy,Garun 40KL,,missing,,,
25348,Источник бесперебойного питания nJoy Garun 60KL,istochniki-pitaniya/ibp,https://microchips.by/catalog/istochniki-pitaniya/ibp/25348/,,,,nJoy,Garun 60KL,31705,ok,Y,,
25350,Источник бесперебойного питания EKF SSW-280,istochniki-pitaniya/ibp,https://microchips.by/catalog/istochniki-pitaniya/ibp/25350/,,,,EKF,SSW-280,,missing,,,
25351,Источник бесперебойного питания EKF E-Power SW910Pro-T,istochniki-pitaniya/ibp,https://microchips.by/catalog/istochniki-pitaniya/ibp/25351/,,,,EKF,E-Power SW910Pro-T,,missing,,,
25352,Источник бесперебойного питания EKF E-Power Proxima SW910Pro-TB,istochniki-pitaniya/ibp,https://microchips.by/catalog/istochniki-pitaniya/ibp/25352/,,,,EKF,E-Power Proxima SW910Pro-TB,,missing,,,
25353,Источник бесперебойного питания EKF E-Power Proxima SW930Pro-TB,istochniki-pitaniya/ibp,https://microchips.by/catalog/istochniki-pitaniya/ibp/25353/,,,,EKF,E-Power Proxima SW930Pro-TB,,missing,,,
25354,Источник бесперебойного питания EKF PSW-H03,istochniki-pitaniya/ibp,https://microchips.by/catalog/istochniki-pitaniya/ibp/25354/,,,,EKF,PSW-H03,,missing,,,
25355,Источник бесперебойного питания EKF E-Power PSW-H16,istochniki-pitaniya/ibp,https://microchips.by/catalog/istochniki-pitaniya/ibp/25355/,,,,EKF,E-Power PSW-H16,,missing,,,
25356,Источник бесперебойного питания EKF PSW-HW25,istochniki-pitaniya/ibp,https://microchips.by/catalog/istochniki-pitaniya/ibp/25356/,,,,EKF,PSW-HW25,,missing,,,
25357,Источник бесперебойного питания EKF E-Power Home 800 ВА Proxima SSW-800,istochniki-pitaniya/ibp,https://microchips.by/catalog/istochniki-pitaniya/ibp/25357/,,,,EKF,E-Power Home 800 ВА Proxima SSW-800,265,ok,Y,,
25359,Источник бесперебойного питания EnerGenie EG-UPS-PS3000-02,istochniki-pitaniya/ibp,https://microchips.by/catalog/istochniki-pitaniya/ibp/25359/,,,,EnerGenie,EG-UPS-PS3000-02,,missing,,,
25360,Источник бесперебойного питания EnerGenie EG-UPS-PS3000-01,istochniki-pitaniya/ibp,https://microchips.by/catalog/istochniki-pitaniya/ibp/25360/,,,,EnerGenie,EG-UPS-PS3000-01,,missing,,,
25361,Источник бесперебойного питания EnerGenie EG-UPS-PS2000-01,istochniki-pitaniya/ibp,https://microchips.by/catalog/istochniki-pitaniya/ibp/25361/,,,,EnerGenie,EG-UPS-PS2000-01,,missing,,,
25362,Источник бесперебойного питания EnerGenie Desktop EG-UPS-3SDT1000-01,istochniki-pitaniya/ibp,https://microchips.by/catalog/istochniki-pitaniya/ibp/25362/,,,,EnerGenie,Desktop EG-UPS-3SDT1000-01,270,ok,Y,,
25363,Источник бесперебойного питания EnerGenie Desktop EG-UPS-3SDT800-01,istochniki-pitaniya/ibp,https://microchips.by/catalog/istochniki-pitaniya/ibp/25363/,,,,EnerGenie,Desktop EG-UPS-3SDT800-01,,missing,,,
25364,Источник бесперебойного питания EnerGenie Desktop EG-UPS-3SDT600-01,istochniki-pitaniya/ibp,https://microchips.by/catalog/istochniki-pitaniya/ibp/25364/,,,,EnerGenie,Desktop EG-UPS-3SDT600-01,,missing,,,
25366,Источник бесперебойного питания Kehua MY60,istochniki-pitaniya/ibp,https://microchips.by/catalog/istochniki-pitaniya/ibp/25366/,,,,Kehua,MY60,51000,ok,Y,,
25367,Источник бесперебойного питания Kehua MY40S,istochniki-pitaniya/ibp,https://microchips.by/catalog/istochniki-pitaniya/ibp/25367/,,,,Kehua,MY40S,,missing,,,
25368,Источник бесперебойного питания Kehua MY20S,istochniki-pitaniya/ibp,https://microchips.by/catalog/istochniki-pitaniya/ibp/25368/,,,,Kehua,MY20S,,missing,,,
25369,Источник бесперебойного питания Kehua MY15S,istochniki-pitaniya/ibp,https://microchips.by/catalog/istochniki-pitaniya/ibp/25369/,,,,Kehua,MY15S,,missing,,,
2537,Аккумулятор для радиостанций AT 7394-18 (Ni-MH),akkumulyatory/promyshlennye/dlya_ratsiy,https://microchips.by/catalog/akkumulyatory/promyshlennye/dlya_ratsiy/2537/,,,,,,,нет данных в бэкапе,,,
25370,Источник бесперебойного питания Kehua KR15KVA-RM,istochniki-pitaniya/ibp,https://microchips.by/catalog/istochniki-pitaniya/ibp/25370/,,,,Kehua,KR15KVA-RM,,missing,,,
2538,Аккумулятор для радиостанций AT 7394-21 (Ni-MH),akkumulyatory/promyshlennye/dlya_ratsiy,https://microchips.by/catalog/akkumulyatory/promyshlennye/dlya_ratsiy/2538/,,,,,,,нет данных в бэкапе,,,
2539,Аккумулятор для радиостанций AT 7395-12 (Ni-Cd),akkumulyatory/promyshlennye/dlya_ratsiy,https://microchips.by/catalog/akkumulyatory/promyshlennye/dlya_ratsiy/2539/,,,,,,,нет данных в бэкапе,,,
2540,Аккумулятор для радиостанций AT 8148-12 (Ni-Cd),akkumulyatory/promyshlennye/dlya_ratsiy,https://microchips.by/catalog/akkumulyatory/promyshlennye/dlya_ratsiy/2540/,,,,,,,нет данных в бэкапе,,,
25406,Аккумулятор для Biolight M800 (LB-03) 1700mAh,akkumulyatory/promyshlennye/dlya-meditsinskoy-tekhniki/biolight,https://microchips.by/catalog/akkumulyatory/promyshlennye/dlya-meditsinskoy-tekhniki/biolight/25406/,1700mAh,,,,,,нет данных в бэкапе,,,
2541,Аккумулятор для радиостанций AT 8148-18 (Ni-MH),akkumulyatory/promyshlennye/dlya_ratsiy,https://microchips.by/catalog/akkumulyatory/promyshlennye/dlya_ratsiy/2541/,,,,,,,нет данных в бэкапе,,,
2543,Аккумулятор для радиостанций AT 9008-12 (Ni-MH),akkumulyatory/promyshlennye/dlya_ratsiy,https://microchips.by/catalog/akkumulyatory/promyshlennye/dlya_ratsiy/2543/,,,,,,,нет данных в бэкапе,,,
2544,Аккумулятор для радиостанций AT 9008-16 (Ni-MH),akkumulyatory/promyshlennye/dlya_ratsiy,https://microchips.by/catalog/akkumulyatory/promyshlennye/dlya_ratsiy/2544/,,,,,,,нет данных в бэкапе,,,
2545,Аккумулятор для радиостанций AT 9008-18 (Ni-MH),akkumulyatory/promyshlennye/dlya_ratsiy,https://microchips.by/catalog/akkumulyatory/promyshlennye/dlya_ratsiy/2545/,,,,,,,нет данных в бэкапе,,,
2546,Аккумулятор для радиостанций AT 9008-20 (Ni-MH),akkumulyatory/promyshlennye/dlya_ratsiy,https://microchips.by/catalog/akkumulyatory/promyshlennye/dlya_ratsiy/2546/,,,,,,,нет данных в бэкапе,,,
2547,Аккумулятор для радиостанций AT 9008-22 (Ni-MH),akkumulyatory/promyshlennye/dlya_ratsiy,https://microchips.by/catalog/akkumulyatory/promyshlennye/dlya_ratsiy/2547/,,,,,,,нет данных в бэкапе,,,
2548,Аккумулятор для радиостанций AT 9010ВБ-16 (Ni-MH),akkumulyatory/promyshlennye/dlya_ratsiy,https://microchips.by/catalog/akkumulyatory/promyshlennye/dlya_ratsiy/2548/,,,,,,,нет данных в бэкапе,,,
2549,Аккумулятор для радиостанций AT 9013-17,akkumulyatory/promyshlennye/dlya_ratsiy,https://microchips.by/catalog/akkumulyatory/promyshlennye/dlya_ratsiy/2549/,,,,,,,нет данных в бэкапе,,,
2550,Аккумулятор для радиостанций AT 9013-20,akkumulyatory/promyshlennye/dlya_ratsiy,https://microchips.by/catalog/akkumulyatory/promyshlennye/dlya_ratsiy/2550/,,,,,,,нет данных в бэкапе,,,
2551,Аккумулятор для радиостанций AT 9018-12 (Ni-Cd),akkumulyatory/promyshlennye/dlya_ratsiy,https://microchips.by/catalog/akkumulyatory/promyshlennye/dlya_ratsiy/2551/,,,,,,,нет данных в бэкапе,,,
2552,Аккумулятор для радиостанций AT 9018-18 (Ni-MH),akkumulyatory/promyshlennye/dlya_ratsiy,https://microchips.by/catalog/akkumulyatory/promyshlennye/dlya_ratsiy/2552/,,,,,,,нет данных в бэкапе,,,
2553,Аккумулятор для радиостанций AT 9018-21 (Ni-MH),akkumulyatory/promyshlennye/dlya_ratsiy,https://microchips.by/catalog/akkumulyatory/promyshlennye/dlya_ratsiy/2553/,,,,,,,нет данных в бэкапе,,,
2554,Аккумулятор для радиостанций AT 9027-06 (Ni-Cd),akkumulyatory/promyshlennye/dlya_ratsiy,https://microchips.by/catalog/akkumulyatory/promyshlennye/dlya_ratsiy/2554/,,,,,,,нет данных в бэкапе,,,
2555,Аккумулятор для радиостанций AT 9027-10 (Ni-MH),akkumulyatory/promyshlennye/dlya_ratsiy,https://microchips.by/catalog/akkumulyatory/promyshlennye/dlya_ratsiy/2555/,,,,,,,нет данных в бэкапе,,,
2556,Аккумулятор для радиостанций AT 9044-06 (Ni-Cd),akkumulyatory/promyshlennye/dlya_ratsiy,https://microchips.by/catalog/akkumulyatory/promyshlennye/dlya_ratsiy/2556/,,,,,,,нет данных в бэкапе,,,
2557,Аккумулятор для радиостанций AT 9044-10 (Ni-MH),akkumulyatory/promyshlennye/dlya_ratsiy,https://microchips.by/catalog/akkumulyatory/promyshlennye/dlya_ratsiy/2557/,,,,,,,нет данных в бэкапе,,,
2558,Аккумулятор для радиостанций AT 9628-12 (Ni-Cd),akkumulyatory/promyshlennye/dlya_ratsiy,https://microchips.by/catalog/akkumulyatory/promyshlennye/dlya_ratsiy/2558/,,,,,,,нет данных в бэкапе,,,
2559,Аккумулятор для радиостанций AT 9628-16 (Ni-MH),akkumulyatory/promyshlennye/dlya_ratsiy,https://microchips.by/catalog/akkumulyatory/promyshlennye/dlya_ratsiy/2559/,,,,,,,нет данных в бэкапе,,,
2560,Аккумулятор для радиостанций AT 9628-18 (Ni-MH),akkumulyatory/promyshlennye/dlya_ratsiy,https://microchips.by/catalog/akkumulyatory/promyshlennye/dlya_ratsiy/2560/,,,,,,,нет данных в бэкапе,,,
2562,Аккумулятор для радиостанций AT BLN-4-18,akkumulyatory/promyshlennye/dlya_ratsiy,https://microchips.by/catalog/akkumulyatory/promyshlennye/dlya_ratsiy/2562/,,,,,,,нет данных в бэкапе,,,
2563,Аккумулятор для радиостанций AT TOPB200-20 (Ni-MH),akkumulyatory/promyshlennye/dlya_ratsiy,https://microchips.by/catalog/akkumulyatory/promyshlennye/dlya_ratsiy/2563/,,,,,,,нет данных в бэкапе,,,
2564,"Аккумулятор AT ИП-1350 для радиостанций (NiMH, 1350mAh, 2.4V)",akkumulyatory/promyshlennye/dlya_ratsiy,https://microchips.by/catalog/akkumulyatory/promyshlennye/dlya_ratsiy/2564/,1350mAh,2.4V,NiMH,,,,нет данных в бэкапе,,,
2565,Аккумулятор для радиостанций AT ИП-1800 (Ni-MH),akkumulyatory/promyshlennye/dlya_ratsiy,https://microchips.by/catalog/akkumulyatory/promyshlennye/dlya_ratsiy/2565/,,,,,,,нет данных в бэкапе,,,
2566,"Аккумулятор Icom BP-196 для радиостанций (NiCd, 1150mAh, 9.6V)",akkumulyatory/promyshlennye/dlya_ratsiy,https://microchips.by/catalog/akkumulyatory/promyshlennye/dlya_ratsiy/2566/,1150mAh,9.6V,NiCd,,,,нет данных в бэкапе,,,
2567,"Аккумулятор Icom BP-202 для радиостанций (NiCd, 700mAh, 7.2V)",akkumulyatory/promyshlennye/dlya_ratsiy,https://microchips.by/catalog/akkumulyatory/promyshlennye/dlya_ratsiy/2567/,700mAh,7.2V,NiCd,,,,нет данных в бэкапе,,,
2568,"Аккумулятор  Icom BP-209N для радиостанций (NiCd, 1100mAh, 7.2V)",akkumulyatory/promyshlennye/dlya_ratsiy,https://microchips.by/catalog/akkumulyatory/promyshlennye/dlya_ratsiy/2568/,1100mAh,7.2V,NiCd,,,,нет данных в бэкапе,,,
25693,"Аккумулятор для кассовых аппаратов Эвотор (Li-ion, 3.7V, 2600mAh)",akkumulyatory/promyshlennye/dlya-kass,https://microchips.by/catalog/akkumulyatory/promyshlennye/dlya-kass/25693/,2600mAh,3.7V,Li-ion,,,,нет данных в бэкапе,,,
25694,"Аккумулятор для кассового аппарата ПТК MSPos-K (Li-ion, 3.6V, 5200mAh)",akkumulyatory/promyshlennye/dlya-kass,https://microchips.by/catalog/akkumulyatory/promyshlennye/dlya-kass/25694/,5200mAh,3.6V,Li-ion,,,,нет данных в бэкапе,,,
25695,"Аккумулятор для кассовых аппаратов Меркурий (Li-ion, 7.4V, 2000mAh)",akkumulyatory/promyshlennye/dlya-kass,https://microchips.by/catalog/akkumulyatory/promyshlennye/dlya-kass/25695/,2000mAh,7.4V,Li-ion,,,,нет данных в бэкапе,,,
25696,"Аккумулятор для кассового аппарата aQsi5-Ф (Li-ion, 7.4V, 2600mAh)",akkumulyatory/promyshlennye/dlya-kass,https://microchips.by/catalog/akkumulyatory/promyshlennye/dlya-kass/25696/,2600mAh,7.4V,Li-ion,,,,нет данных в бэкапе,,,
25697,"Аккумулятор для кассовых аппаратов PAX A930 (Li-ion, 7.4V, 2300mAh)",akkumulyatory/promyshlennye/dlya-kass,https://microchips.by/catalog/akkumulyatory/promyshlennye/dlya-kass/25697/,2300mAh,7.4V,Li-ion,,,,нет данных в бэкапе,,,
25698,"Аккумулятор для кассовых аппаратов АТОЛ (Li-ion, 3.7V, 2000mAh)",akkumulyatory/promyshlennye/dlya-kass,https://microchips.by/catalog/akkumulyatory/promyshlennye/dlya-kass/25698/,2000mAh,3.7V,Li-ion,,,,нет данных в бэкапе,,,
2570,"Аккумулятор Icom BP-210N для радиостанций (NiMH, 1500mAh, 7.2V)",akkumulyatory/promyshlennye/dlya_ratsiy,https://microchips.by/catalog/akkumulyatory/promyshlennye/dlya_ratsiy/2570/,1500mAh,7.2V,NiMH,,,,нет данных в бэкапе,,,
2571,"Аккумулятор Icom BP-217 для радиостанций (Li-ion, 1300mAh, 7.4V)",akkumulyatory/promyshlennye/dlya_ratsiy,https://microchips.by/catalog/akkumulyatory/promyshlennye/dlya_ratsiy/2571/,1300mAh,7.4V,Li-ion,,,,нет данных в бэкапе,,,
25711,"Аккумулятор для кассовых аппаратов (Flatpack, NiCd, 4.8V, 1800mAh)",akkumulyatory/promyshlennye/dlya-kass,https://microchips.by/catalog/akkumulyatory/promyshlennye/dlya-kass/25711/,1800mAh,4.8V,NiCd,,,,нет данных в бэкапе,,,
25712,"Аккумулятор для кассовых аппаратов (NiCd, 7.2V, 700mAh)",akkumulyatory/promyshlennye/dlya-kass,https://microchips.by/catalog/akkumulyatory/promyshlennye/dlya-kass/25712/,700mAh,7.2V,NiCd,,,,нет данных в бэкапе,,,
25713,"Аккумулятор для кассовых аппаратов (NiMH, 7.2V, 2400mAh)",akkumulyatory/promyshlennye/dlya-kass,https://microchips.by/catalog/akkumulyatory/promyshlennye/dlya-kass/25713/,2400mAh,7.2V,NiMH,,,,нет данных в бэкапе,,,
25714,"Аккумулятор для кассовых аппаратов (Row, NiCd, 4.8V, 1800mAh)",akkumulyatory/promyshlennye/dlya-kass,https://microchips.by/catalog/akkumulyatory/promyshlennye/dlya-kass/25714/,1800mAh,4.8V,NiCd,,,,нет данных в бэкапе,,,
25715,"Аккумулятор для кассовых аппаратов (NiCd, 4.8V, 1800mAh, KET-2P)",akkumulyatory/promyshlennye/dlya-kass,https://microchips.by/catalog/akkumulyatory/promyshlennye/dlya-kass/25715/,1800mAh,4.8V,NiCd,,,,нет данных в бэкапе,,,
25716,"Аккумулятор для кассовых аппаратов (NiCd, 4.8V, 1800mAh, mini Tamiya)",akkumulyatory/promyshlennye/dlya-kass,https://microchips.by/catalog/akkumulyatory/promyshlennye/dlya-kass/25716/,1800mAh,4.8V,NiCd,,,,нет данных в бэкапе,,,
25718,"Аккумулятор для кассовых аппаратов (NiCd, 4.8V, 1800mAh, SM)",akkumulyatory/promyshlennye/dlya-kass,https://microchips.by/catalog/akkumulyatory/promyshlennye/dlya-kass/25718/,1800mAh,4.8V,NiCd,,,,нет данных в бэкапе,,,
25719,"Аккумулятор для кассовых аппаратов (NiCd, 7.2V, 1400mAh, mini Tamiya)",akkumulyatory/promyshlennye/dlya-kass,https://microchips.by/catalog/akkumulyatory/promyshlennye/dlya-kass/25719/,1400mAh,7.2V,NiCd,,,,нет данных в бэкапе,,,
25720,"Аккумулятор для кассовых аппаратов (NiCd, 4.8V, 1800mAh, JST)",akkumulyatory/promyshlennye/dlya-kass,https://microchips.by/catalog/akkumulyatory/promyshlennye/dlya-kass/25720/,1800mAh,4.8V,NiCd,,,,нет данных в бэкапе,,,
25721,"Аккумулятор для кассовых аппаратов (NiCd, 4.8V, 2400mAh, SM)",akkumulyatory/promyshlennye/dlya-kass,https://microchips.by/catalog/akkumulyatory/promyshlennye/dlya-kass/25721/,2400mAh,4.8V,NiCd,,,,нет данных в бэкапе,,,
25722,"Аккумулятор для кассовых аппаратов (NiMH, 4.8V, 2400mAh, SM)",akkumulyatory/promyshlennye/dlya-kass,https://microchips.by/catalog/akkumulyatory/promyshlennye/dlya-kass/25722/,2400mAh,4.8V,NiMH,,,,нет данных в бэкапе,,,
25723,"Аккумулятор для кассовых аппаратов (NiMH, 7.2V, 2400mAh, SM)",akkumulyatory/promyshlennye/dlya-kass,https://microchips.by/catalog/akkumulyatory/promyshlennye/dlya-kass/25723/,2400mAh,7.2V,NiMH,,,,нет данных в бэкапе,,,
2573,"Аккумулятор Icom BP-227FM для радиостанций (Li-ion, 1700mAh, 7.2V)",akkumulyatory/promyshlennye/dlya_ratsiy,https://microchips.by/catalog/akkumulyatory/promyshlennye/dlya_ratsiy/2573/,1700mAh,7.2V,Li-ion,,,,нет данных в бэкапе,,,
2575,"Аккумулятор Icom BP-232N для радиостанций (Li-ion, 2000mAh, 7.2V)",akkumulyatory/promyshlennye/dlya_ratsiy,https://microchips.by/catalog/akkumulyatory/promyshlennye/dlya_ratsiy/2575/,2000mAh,7.2V,Li-ion,,,,нет данных в бэкапе,,,
2576,"Аккумулятор Icom BP-234 для радиостанций (Li-ion, 3300mAh, 7.2V)",akkumulyatory/promyshlennye/dlya_ratsiy,https://microchips.by/catalog/akkumulyatory/promyshlennye/dlya_ratsiy/2576/,3300mAh,7.2V,Li-ion,,,,нет данных в бэкапе,,,
2577,"Аккумулятор для радиостанций Icom BP-235 (Li-ion, 1600mAh, 7.2V)",akkumulyatory/promyshlennye/dlya_ratsiy,https://microchips.by/catalog/akkumulyatory/promyshlennye/dlya_ratsiy/2577/,1600mAh,7.2V,Li-ion,,,,нет данных в бэкапе,,,
2578,"Аккумулятор Icom BP-236 для радиостанций (Li-ion, 2400mAh, 7.2V)",akkumulyatory/promyshlennye/dlya_ratsiy,https://microchips.by/catalog/akkumulyatory/promyshlennye/dlya_ratsiy/2578/,2400mAh,7.2V,Li-ion,,,,нет данных в бэкапе,,,
25785,"Аккумулятор Ventura GPL 12-7.5 (AGM, 7.5Ah)",akkumulyatory/dlya_ibp/agm,https://microchips.by/catalog/akkumulyatory/dlya_ibp/agm/25785/,7.5Ah,,AGM,Ventura,GPL 12-7.5,47.55,ok,Y,,
25786,"Аккумулятор Ventura GPL 12-18 (AGM, 18Ah)",akkumulyatory/dlya_ibp/agm,https://microchips.by/catalog/akkumulyatory/dlya_ibp/agm/25786/,18Ah,,AGM,Ventura,GPL 12-18,112.2,ok,Y,,
25787,"Аккумулятор Ventura GPL 12-7.2 (AGM, 7.2Ah)",akkumulyatory/dlya_ibp/agm,https://microchips.by/catalog/akkumulyatory/dlya_ibp/agm/25787/,7.2Ah,,AGM,Ventura,GPL 12-7.2,51.41,ok,Y,,
25788,"Аккумулятор Ventura GPL 12-9 (AGM, 9Ah)",akkumulyatory/dlya_ibp/agm,https://microchips.by/catalog/akkumulyatory/dlya_ibp/agm/25788/,9Ah,,AGM,Ventura,GPL 12-9,45,ok,Y,,
2579,"Аккумулятор Icom BP-245N для радиостанций (NiCd, 1800mAh, 7.2V)",akkumulyatory/promyshlennye/dlya_ratsiy,https://microchips.by/catalog/akkumulyatory/promyshlennye/dlya_ratsiy/2579/,1800mAh,7.2V,NiCd,,,,нет данных в бэкапе,,,
2580,"Аккумулятор Icom BP-252 для радиостанций (Li-ion, 980mAh, 7.2V)",akkumulyatory/promyshlennye/dlya_ratsiy,https://microchips.by/catalog/akkumulyatory/promyshlennye/dlya_ratsiy/2580/,980mAh,7.2V,Li-ion,,,,нет данных в бэкапе,,,
2581,"Аккумулятор Icom BP-256 для радиостанций (Li-ion, 1620mAh, 7.2V)",akkumulyatory/promyshlennye/dlya_ratsiy,https://microchips.by/catalog/akkumulyatory/promyshlennye/dlya_ratsiy/2581/,1620mAh,7.2V,Li-ion,,,,нет данных в бэкапе,,,
2582,"Аккумулятор Icom BP-264 для радиостанций (NiMH, 1400mAh, 7.2V)",akkumulyatory/promyshlennye/dlya_ratsiy,https://microchips.by/catalog/akkumulyatory/promyshlennye/dlya_ratsiy/2582/,1400mAh,7.2V,NiMH,,,,нет данных в бэкапе,,,
25828,"Аккумулятор Leoch FT12-40 (AGM, 40Ah)",akkumulyatory/promyshlennye/dlya-telekommunikatsiy,https://microchips.by/catalog/akkumulyatory/promyshlennye/dlya-telekommunikatsiy/25828/,40Ah,,AGM,Leoch,FT12-40,280.65,ok,Y,,
25829,"Аккумулятор Leoch FT12-55 (AGM, 55Ah)",akkumulyatory/promyshlennye/dlya-telekommunikatsiy,https://microchips.by/catalog/akkumulyatory/promyshlennye/dlya-telekommunikatsiy/25829/,55Ah,,AGM,Leoch,FT12-55,320.55,ok,Y,,
2583,"Аккумулятор Kenwood BP-43 для радиостанций (Li-ion, 1800mAh, 7.4V)",akkumulyatory/promyshlennye/dlya_ratsiy,https://microchips.by/catalog/akkumulyatory/promyshlennye/dlya_ratsiy/2583/,1800mAh,7.4V,Li-ion,,,,нет данных в бэкапе,,,
25830,"Аккумулятор Leoch FT12-40 (AGM, 70Ah)",akkumulyatory/promyshlennye/dlya-telekommunikatsiy,https://microchips.by/catalog/akkumulyatory/promyshlennye/dlya-telekommunikatsiy/25830/,70Ah,,AGM,Leoch,FT12-40,462.12,ok,Y,,
25831,"Аккумулятор Leoch FT12-75 (AGM, 75Ah)",akkumulyatory/promyshlennye/dlya-telekommunikatsiy,https://microchips.by/catalog/akkumulyatory/promyshlennye/dlya-telekommunikatsiy/25831/,75Ah,,AGM,Leoch,FT12-75,474.6,ok,Y,,
25832,"Аккумулятор Leoch FT12-90H (AGM, 90Ah)",akkumulyatory/promyshlennye/dlya-telekommunikatsiy,https://microchips.by/catalog/akkumulyatory/promyshlennye/dlya-telekommunikatsiy/25832/,90Ah,,AGM,Leoch,FT12-90H,581.88,ok,Y,,
25833,"Аккумулятор Leoch FT12-100A (AGM, 12V, 100Ah)",akkumulyatory/promyshlennye/dlya-telekommunikatsiy,https://microchips.by/catalog/akkumulyatory/promyshlennye/dlya-telekommunikatsiy/25833/,100Ah,12V,AGM,Leoch,FT12-100A,624.6,ok,Y,,
25834,"Аккумулятор Leoch FT12-100H (AGM, 12V, 100Ah)",akkumulyatory/promyshlennye/dlya-telekommunikatsiy,https://microchips.by/catalog/akkumulyatory/promyshlennye/dlya-telekommunikatsiy/25834/,100Ah,12V,AGM,Leoch,FT12-100H,618.4,ok,Y,,
25835,"Аккумулятор Leoch FT12-125 (AGM, 12V, 125Ah)",akkumulyatory/promyshlennye/dlya-telekommunikatsiy,https://microchips.by/catalog/akkumulyatory/promyshlennye/dlya-telekommunikatsiy/25835/,125Ah,12V,AGM,Leoch,FT12-125,733.5,ok,Y,,
25836,"Аккумулятор Leoch FT12-150A (AGM, 150Ah)",akkumulyatory/promyshlennye/dlya-telekommunikatsiy,https://microchips.by/catalog/akkumulyatory/promyshlennye/dlya-telekommunikatsiy/25836/,150Ah,,AGM,Leoch,FT12-150A,949.8,ok,Y,,
25837,"Аккумулятор Leoch FT12-180 (AGM, 12V, 180Ah)",akkumulyatory/promyshlennye/dlya-telekommunikatsiy,https://microchips.by/catalog/akkumulyatory/promyshlennye/dlya-telekommunikatsiy/25837/,180Ah,12V,AGM,Leoch,FT12-180,961.5,ok,Y,,
25838,"Аккумулятор Leoch FT12-200 (AGM, 200Ah)",akkumulyatory/promyshlennye/dlya-telekommunikatsiy,https://microchips.by/catalog/akkumulyatory/promyshlennye/dlya-telekommunikatsiy/25838/,200Ah,,AGM,Leoch,FT12-200,1065.9,ok,Y,,
25849,"Аккумулятор SunStone Power SLPO12-200 (LiFePO4, 12.8V, 204Ah)",akkumulyatornye-batareyki/lifepo4,,204Ah,12.8V,LiFePO4,,,,нет данных в бэкапе,,,
2585,"Аккумулятор Kenwood BP-62 LH для радиостанций (Li-ion, 2100mAh, 7.4V)",akkumulyatory/promyshlennye/dlya_ratsiy,https://microchips.by/catalog/akkumulyatory/promyshlennye/dlya_ratsiy/2585/,2100mAh,7.4V,Li-ion,,,,нет данных в бэкапе,,,
25850,"Аккумулятор SunStone Power SLPO12-100 (LiFePO4, 12.8V, 100Ah)",akkumulyatornye-batareyki/lifepo4,,100Ah,12.8V,LiFePO4,,,,нет данных в бэкапе,,,
25851,"Аккумулятор SunStone Power SLPO12-150 (LiFePO4, 12V, 150Ah)",akkumulyatornye-batareyki/lifepo4,,150Ah,12V,LiFePO4,,,,нет данных в бэкапе,,,
25852,"Аккумулятор SunStone Power SLPO24-200 (LiFePO4, 24V, 200Ah)",akkumulyatornye-batareyki/lifepo4,,200Ah,24V,LiFePO4,,,,нет данных в бэкапе,,,
25853,"Аккумулятор SunStone Power SLPO48-200 (LiFePO4, 48V, 204Ah)",akkumulyatornye-batareyki/lifepo4,,204Ah,48V,LiFePO4,,,,нет данных в бэкапе,,,
25855,"Аккумулятор SILA 48-100 (LiFePO4, 48V, 100Ah)",akkumulyatornye-batareyki/lifepo4,,100Ah,48V,LiFePO4,,,,нет данных в бэкапе,,,
25857,"Аккумулятор MeritSun LFP100-48 (LiFePO4, 48V, 100Ah)",akkumulyatornye-batareyki/lifepo4,,100Ah,48V,LiFePO4,,,,нет данных в бэкапе,,,
25858,"Аккумулятор MeritSun LFP150-48 (LiFePO4, 48V, 150Ah)",akkumulyatornye-batareyki/lifepo4,,150Ah,48V,LiFePO4,,,,нет данных в бэкапе,,,
25859,"Аккумулятор MeritSun LFP200-48 (LiFePO4, 48V, 200Ah)",akkumulyatornye-batareyki/lifepo4,,200Ah,48V,LiFePO4,,,,нет данных в бэкапе,,,
2586,"Аккумулятор Kenwood KNB-12A для радиостанций (NiCd, 1100mAh, 7.2V)",akkumulyatory/promyshlennye/dlya_ratsiy,https://microchips.by/catalog/akkumulyatory/promyshlennye/dlya_ratsiy/2586/,1100mAh,7.2V,NiCd,,,,нет данных в бэкапе,,,
25860,"Аккумулятор MeritSun LFP100-51.2 (LiFePO4, 51.2V, 100Ah)",akkumulyatornye-batareyki/lifepo4,,100Ah,51.2V,LiFePO4,,,,нет данных в бэкапе,,,
25861,"Аккумулятор MeritSun LFP150-51.2 (LiFePO4, 51.2V, 150Ah)",akkumulyatornye-batareyki/lifepo4,,150Ah,51.2V,LiFePO4,,,,нет данных в бэкапе,,,
25862,"Аккумулятор MeritSun LFP200-51.2 (LiFePO4, 51.2V, 200Ah)",akkumulyatornye-batareyki/lifepo4,,200Ah,51.2V,LiFePO4,,,,нет данных в бэкапе,,,
25863,"Аккумулятор Deye SE-G5.1PRO (LiFePO4, 51.2V, 100Ah)",akkumulyatornye-batareyki/lifepo4,,100Ah,51.2V,LiFePO4,,,,нет данных в бэкапе,,,
25864,"Аккумулятор Deye RW-M6.1 (LiFePO4, 51.2V, 120Ah)",akkumulyatornye-batareyki/lifepo4,,120Ah,51.2V,LiFePO4,,,,нет данных в бэкапе,,,
25873,"Аккумулятор BatteryCraft LFP10-12 (LiFePO4, 30Ah, 12V)",akkumulyatornye-batareyki/lifepo4,,30Ah,12V,LiFePO4,,,,нет данных в бэкапе,,,
25875,"Аккумулятор BatteryCraft LFP75-24 (LiFePO4, 75Ah, 24V)",akkumulyatornye-batareyki/lifepo4,,75Ah,24V,LiFePO4,,,,нет данных в бэкапе,,,
25876,"Аккумулятор BatteryCraft LFP45-12 (LiFePO4, 45Ah, 12V)",akkumulyatornye-batareyki/lifepo4,,45Ah,12V,LiFePO4,,,,нет данных в бэкапе,,,
25877,"Аккумулятор BatteryCraft LFP18-12 (LiFePO4, 18Ah, 12V)",akkumulyatornye-batareyki/lifepo4,,18Ah,12V,LiFePO4,,,,нет данных в бэкапе,,,
25878,"Аккумулятор BatteryCraft LFP105-12 (LiFePO4, 105Ah, 12V)",akkumulyatornye-batareyki/lifepo4,,105Ah,12V,LiFePO4,,,,нет данных в бэкапе,,,
25879,"Аккумулятор BatteryCraft LFP16-12 (LiFePO4, 16Ah, 12V)",akkumulyatornye-batareyki/lifepo4,,16Ah,12V,LiFePO4,,,,нет данных в бэкапе,,,
2588,"Аккумулятор Kenwood KNB-15A для радиостанций (NiMH, 1500mAh, 7.2V)",akkumulyatory/promyshlennye/dlya_ratsiy,https://microchips.by/catalog/akkumulyatory/promyshlennye/dlya_ratsiy/2588/,1500mAh,7.2V,NiMH,,,,нет данных в бэкапе,,,
25880,"Аккумулятор BatteryCraft LFP28-12 (LiFePO4, 28Ah, 12V)",akkumulyatornye-batareyki/lifepo4,,28Ah,12V,LiFePO4,,,,нет данных в бэкапе,,,
25881,"Аккумулятор BatteryCraft LFP150-36 (LiFePO4, 150Ah, 36V)",akkumulyatornye-batareyki/lifepo4,,150Ah,36V,LiFePO4,,,,нет данных в бэкапе,,,
25882,"Аккумулятор BatteryCraft LFP110-12 (LiFePO4, 110Ah, 12V)",akkumulyatornye-batareyki/lifepo4,,110Ah,12V,LiFePO4,,,,нет данных в бэкапе,,,
2589,"Аккумулятор Kenwood KNB-15H для радиостанций (NiMH, 2100mAh, 7.2V)",akkumulyatory/promyshlennye/dlya_ratsiy,https://microchips.by/catalog/akkumulyatory/promyshlennye/dlya_ratsiy/2589/,2100mAh,7.2V,NiMH,,,,нет данных в бэкапе,,,
2590,"Аккумулятор Kenwood KNB-16A для радиостанций (NiCd, 1100mAh, 7.2V)",akkumulyatory/promyshlennye/dlya_ratsiy,https://microchips.by/catalog/akkumulyatory/promyshlennye/dlya_ratsiy/2590/,1100mAh,7.2V,NiCd,,,,нет данных в бэкапе,,,
2591,"Аккумулятор Kenwood KNB-17B для радиостанций (NiCd, 1500mAh, 7.2V)",akkumulyatory/promyshlennye/dlya_ratsiy,https://microchips.by/catalog/akkumulyatory/promyshlennye/dlya_ratsiy/2591/,1500mAh,7.2V,NiCd,,,,нет данных в бэкапе,,,
2592,"Аккумулятор Kenwood KNB-20N для радиостанций (NiMH, 1600mAh, 7.2V)",akkumulyatory/promyshlennye/dlya_ratsiy,https://microchips.by/catalog/akkumulyatory/promyshlennye/dlya_ratsiy/2592/,1600mAh,7.2V,NiMH,,,,нет данных в бэкапе,,,
2593,"Аккумулятор Kenwood KNB-21N для радиостанций (NiMH, 1600mAh, 7.2V)",akkumulyatory/promyshlennye/dlya_ratsiy,https://microchips.by/catalog/akkumulyatory/promyshlennye/dlya_ratsiy/2593/,1600mAh,7.2V,NiMH,,,,нет данных в бэкапе,,,
25937,"Аккумулятор Atlas Battery (LiFePO4, 480Ah, 48V)",akkumulyatornye-batareyki/lifepo4,,480Ah,48V,LiFePO4,Atlas Battery,,,missing,,,
25938,"Аккумулятор Atlas Battery (LiFePO4, 525Ah, 48V)",akkumulyatornye-batareyki/lifepo4,,525Ah,48V,LiFePO4,Atlas Battery,,,missing,,,
2594,"Аккумулятор Kenwood KNB-22N для радиостанций (NiMH, 2100mAh, 7.2V)",akkumulyatory/promyshlennye/dlya_ratsiy,https://microchips.by/catalog/akkumulyatory/promyshlennye/dlya_ratsiy/2594/,2100mAh,7.2V,NiMH,,,,нет данных в бэкапе,,,
2595,"Аккумулятор Kenwood KNB-25A для радиостанций (NiCd, 1200mAh, 7.4V)",akkumulyatory/promyshlennye/dlya_ratsiy,https://microchips.by/catalog/akkumulyatory/promyshlennye/dlya_ratsiy/2595/,1200mAh,7.4V,NiCd,,,,нет данных в бэкапе,,,
2596,"Аккумулятор Kenwood KNB-26N для радиостанций (NiMH, 2000mAh, 7.2V)",akkumulyatory/promyshlennye/dlya_ratsiy,https://microchips.by/catalog/akkumulyatory/promyshlennye/dlya_ratsiy/2596/,2000mAh,7.2V,NiMH,,,,нет данных в бэкапе,,,
2597,"Аккумулятор Kenwood KNB-29N для радиостанций (NiMH, 1500mAh, 7.2V)",akkumulyatory/promyshlennye/dlya_ratsiy,https://microchips.by/catalog/akkumulyatory/promyshlennye/dlya_ratsiy/2597/,1500mAh,7.2V,NiMH,,,,нет данных в бэкапе,,,
2598,"Аккумулятор Kenwood KNB-30A для радиостанций (NiCd, 1100mAh, 7.2V)",akkumulyatory/promyshlennye/dlya_ratsiy,https://microchips.by/catalog/akkumulyatory/promyshlennye/dlya_ratsiy/2598/,1100mAh,7.2V,NiCd,,,,нет данных в бэкапе,,,
25981,"Аккумулятор Kanavno LFP1224 (LiFePO4, 24Ah, 12.8V)",akkumulyatornye-batareyki/lifepo4,,24Ah,12.8V,LiFePO4,Kanavno,LFP1224,414.81,ok,Y,,
25982,"Аккумулятор Kanavno LFP1206 (LiFePO4, 6Ah, 12.8V)",akkumulyatornye-batareyki/lifepo4,,6Ah,12.8V,LiFePO4,Kanavno,LFP1206,143.86,ok,Y,,
25983,"Аккумулятор Kanavno LFP1208 (LiFePO4, 8Ah, 12.8V)",akkumulyatornye-batareyki/lifepo4,,8Ah,12.8V,LiFePO4,Kanavno,LFP1208,183.14,ok,Y,,
25984,"Аккумулятор Kanavno LFP24100 (LiFePO4, 100Ah, 24V)",akkumulyatornye-batareyki/lifepo4,,100Ah,24V,LiFePO4,Kanavno,LFP24100,2287.97,ok,Y,,
2599,"Аккумулятор Kenwood KNB-31A для радиостанций (NiCd, 1700mAh, 7.2V)",akkumulyatory/promyshlennye/dlya_ratsiy,https://microchips.by/catalog/akkumulyatory/promyshlennye/dlya_ratsiy/2599/,1700mAh,7.2V,NiCd,,,,нет данных в бэкапе,,,
25992,"Аккумулятор LiitoKala LFP12100 (LiFePO4, 100Ah, 12.8V)",akkumulyatornye-batareyki/lifepo4,,100Ah,12.8V,LiFePO4,LiitoKala,LFP12100,1349.7,ok,Y,,
25997,"Аккумулятор LITJET PRO 1207 (LiFePO4, 7Ah, 12V)",akkumulyatornye-batareyki/lifepo4,,7Ah,12V,LiFePO4,LITJET,PRO 1207,126,ok,Y,,
25998,"Аккумулятор LITJET PRO 1212 (LiFePO4, 12Ah, 12V)",akkumulyatornye-batareyki/lifepo4,,12Ah,12V,LiFePO4,LITJET,PRO 1212,198,ok,Y,,
25999,"Аккумулятор LITJET PRO 1218 (LiFePO4, 18Ah, 12V)",akkumulyatornye-batareyki/lifepo4,,18Ah,12V,LiFePO4,LITJET,PRO 1218,297,ok,Y,,
2600,"Аккумулятор Kenwood KNB-32N для радиостанций (NiMH, 2500mAh, 7.2V)",akkumulyatory/promyshlennye/dlya_ratsiy,https://microchips.by/catalog/akkumulyatory/promyshlennye/dlya_ratsiy/2600/,2500mAh,7.2V,NiMH,,,,нет данных в бэкапе,,,
26000,"Аккумулятор LITJET PRO 1225 (LiFePO4, 25Ah, 12V)",akkumulyatornye-batareyki/lifepo4,,25Ah,12V,LiFePO4,LITJET,PRO 1225,417,ok,Y,,
26001,"Аккумулятор LITJET PRO 1240 (LiFePO4, 40Ah, 12V)",akkumulyatornye-batareyki/lifepo4,,40Ah,12V,LiFePO4,LITJET,PRO 1240,667,ok,Y,,
26002,"Аккумулятор LITJET PRO 1275 (LiFePO4, 75Ah, 12V)",akkumulyatornye-batareyki/lifepo4,,75Ah,12V,LiFePO4,LITJET,PRO 1275,978,ok,Y,,
26003,"Аккумулятор LITJET PRO 2460 (LiFePO4, 60Ah, 24V)",akkumulyatornye-batareyki/lifepo4,,60Ah,24V,LiFePO4,LITJET,PRO 2460,1563,ok,Y,,
26004,"Аккумулятор LITJET PRO 12150 (LiFePO4, 150Ah, 12V)",akkumulyatornye-batareyki/lifepo4,,150Ah,12V,LiFePO4,LITJET,PRO 12150,1863,ok,Y,,
26005,"Аккумулятор LITJET PRO 2480 (LiFePO4, 80Ah, 24V)",akkumulyatornye-batareyki/lifepo4,,80Ah,24V,LiFePO4,LITJET,PRO 2480,2085,ok,Y,,
26006,"Аккумулятор LITJET BLACK 1218 (LiFePO4, 18Ah, 12V)",akkumulyatornye-batareyki/lifepo4,,18Ah,12V,LiFePO4,LITJET,BLACK 1218,297,ok,Y,,
26007,"Аккумулятор LITJET BLACK 1275 (LiFePO4, 75Ah, 12V)",akkumulyatornye-batareyki/lifepo4,,75Ah,12V,LiFePO4,LITJET,BLACK 1275,899.7,ok,Y,,
26008,"Аккумулятор LITJET BLACK 2480 (LiFePO4, 80Ah, 24V)",akkumulyatornye-batareyki/lifepo4,,80Ah,24V,LiFePO4,LITJET,BLACK 2480,1848,ok,Y,,
26009,"Аккумулятор LITJET BLACK 12200 (LiFePO4, 200Ah, 12V)",akkumulyatornye-batareyki/lifepo4,,200Ah,12V,LiFePO4,LITJET,BLACK 12200,2367,ok,Y,,
2601,"Аккумулятор Kenwood KNB-33L для радиостанций (Li-ion, 1700mAh, 7.4V)",akkumulyatory/promyshlennye/dlya_ratsiy,https://microchips.by/catalog/akkumulyatory/promyshlennye/dlya_ratsiy/2601/,1700mAh,7.4V,Li-ion,,,,нет данных в бэкапе,,,
26010,"Аккумулятор LITJET SMART 12100 (LiFePO4, 100Ah, 12V)",akkumulyatornye-batareyki/lifepo4,,100Ah,12V,LiFePO4,LITJET,SMART 12100,1377,ok,Y,,
26011,"Аккумулятор LITJET SMART 24100 (LiFePO4, 100Ah, 24V)",akkumulyatornye-batareyki/lifepo4,,100Ah,24V,LiFePO4,LITJET,SMART 24100,2442,ok,Y,,
26012,"Аккумулятор LITJET SMART 12200 (LiFePO4, 200Ah, 12V)",akkumulyatornye-batareyki/lifepo4,,200Ah,12V,LiFePO4,LITJET,SMART 12200,2586,ok,Y,,
26013,"Аккумулятор LITJET SMART 36100 (LiFePO4, 100Ah, 36V)",akkumulyatornye-batareyki/lifepo4,,100Ah,36V,LiFePO4,LITJET,SMART 36100,4080,ok,Y,,
26014,"Аккумулятор LITJET SMART 24150 (LiFePO4, 150Ah, 24V)",akkumulyatornye-batareyki/lifepo4,,150Ah,24V,LiFePO4,LITJET,SMART 24150,4080,ok,Y,,
26015,"Аккумулятор LITJET SMART 24120 (LiFePO4, 120Ah, 24V)",akkumulyatornye-batareyki/lifepo4,,120Ah,24V,LiFePO4,LITJET,SMART 24120,3270,ok,Y,,
26017,"Аккумулятор KEPWORTH 12180 (LiFePO4, 180Ah, 12.8V)",akkumulyatornye-batareyki/lifepo4,,180Ah,12.8V,LiFePO4,KEPWORTH,12180,,missing,Y,,
26018,"Аккумулятор KEPWORTH 12300 (LiFePO4, 300Ah, 12.8V)",akkumulyatornye-batareyki/lifepo4,,300Ah,12.8V,LiFePO4,KEPWORTH,12300,,missing,,,
26019,"Аккумулятор KEPWORTH 12100 (LiFePO4, 100Ah, 12.8V)",akkumulyatornye-batareyki/lifepo4,,100Ah,12.8V,LiFePO4,KEPWORTH,12100,,missing,,,
2602,"Аккумулятор Kenwood KNB-41NC IS для радиостанций (NiMH, 2500mAh, 7.2V)",akkumulyatory/promyshlennye/dlya_ratsiy,https://microchips.by/catalog/akkumulyatory/promyshlennye/dlya_ratsiy/2602/,2500mAh,7.2V,NiMH,,,,нет данных в бэкапе,,,
26020,"Аккумулятор KEPWORTH 12200 (LiFePO4, 200Ah, 12.8V)",akkumulyatornye-batareyki/lifepo4,,200Ah,12.8V,LiFePO4,KEPWORTH,12200,,missing,,,
26021,"Аккумулятор KEPWORTH 1260 (LiFePO4, 60Ah, 12.8V)",akkumulyatornye-batareyki/lifepo4,,60Ah,12.8V,LiFePO4,KEPWORTH,1260,,missing,,,
26022,"Аккумулятор KEPWORTH 12120 (LiFePO4, 120Ah, 12.8V)",akkumulyatornye-batareyki/lifepo4,,120Ah,12.8V,LiFePO4,KEPWORTH,12120,,missing,,,
26023,"Аккумулятор KEPWORTH 2440 (LiFePO4, 40Ah, 24V)",akkumulyatornye-batareyki/lifepo4,,40Ah,24V,LiFePO4,KEPWORTH,2440,,missing,,,
26024,"Аккумулятор KEPWORTH 24100 (LiFePO4, 100Ah, 24V)",akkumulyatornye-batareyki/lifepo4,,100Ah,24V,LiFePO4,KEPWORTH,24100,,missing,,,
26025,"Аккумулятор Delta LFP Plastic 2424 (LiFePO4, 24Ah, 24V)",akkumulyatornye-batareyki/lifepo4,,24Ah,24V,LiFePO4,Delta,LFP Plastic 2424,,missing,,,
26026,"Аккумулятор Delta LFP Plastic 2454 (LiFePO4, 24Ah, 54V)",akkumulyatornye-batareyki/lifepo4,,24Ah,54V,LiFePO4,Delta,LFP Plastic 2454,,missing,Y,,
26027,"Аккумулятор Delta RTL4810 (LiFePO4, 48V, 10Ah)",akkumulyatornye-batareyki/lifepo4,,10Ah,48V,LiFePO4,Delta,RTL4810,,missing,,,
26028,"Аккумулятор Delta RTL4820 (LiFePO4, 48V, 20Ah)",akkumulyatornye-batareyki/lifepo4,,20Ah,48V,LiFePO4,Delta,RTL4820,,missing,Y,,
26029,"Аккумулятор Delta RTL4840 (LiFePO4, 48V, 40Ah)",akkumulyatornye-batareyki/lifepo4,,40Ah,48V,LiFePO4,Delta,RTL4840,,missing,,,
2603,"Аккумулятор Kenwood KNB-45L для радиостанций (Li-ion, 5000mAh, 7.4V)",akkumulyatory/promyshlennye/dlya_ratsiy,https://microchips.by/catalog/akkumulyatory/promyshlennye/dlya_ratsiy/2603/,5000mAh,7.4V,Li-ion,,,,нет данных в бэкапе,,,
26030,"Аккумулятор Delta RTL4850 (LiFePO4, 48V, 50Ah)",akkumulyatornye-batareyki/lifepo4,,50Ah,48V,LiFePO4,Delta,RTL4850,,missing,,,
26031,"Аккумулятор Delta RTL48100 (LiFePO4, 48V, 100Ah)",akkumulyatornye-batareyki/lifepo4,,100Ah,48V,LiFePO4,Delta,RTL48100,,missing,,,
26032,"Аккумулятор Delta RTL48150 (LiFePO4, 48V, 150Ah)",akkumulyatornye-batareyki/lifepo4,,150Ah,48V,LiFePO4,Delta,RTL48150,,missing,,,
26033,"Аккумулятор Delta RTL48200 (LiFePO4, 48V, 200Ah)",akkumulyatornye-batareyki/lifepo4,,200Ah,48V,LiFePO4,Delta,RTL48200,,missing,,,
2604,"Аккумулятор Kenwood KNB-47L для радиостанций (Li-ion, 1950mAh, 7.2V)",akkumulyatory/promyshlennye/dlya_ratsiy,https://microchips.by/catalog/akkumulyatory/promyshlennye/dlya_ratsiy/2604/,1950mAh,7.2V,Li-ion,,,,нет данных в бэкапе,,,
26046,"Аккумулятор Kiper GEL-12360 для ИБП (GEL, 36Ah)",akkumulyatory/dlya_ibp/gelevye,https://microchips.by/catalog/akkumulyatory/dlya_ibp/gelevye/26046/,36Ah,,GEL,Kiper,GEL-12360,336,ok,,,
26047,"Аккумулятор Yuasa REC36-12I для ИБП (AGM, 36Ah)",akkumulyatory/dlya_ibp/agm,https://microchips.by/catalog/akkumulyatory/dlya_ibp/agm/26047/,36Ah,,AGM,Yuasa,REC36-12I,,missing,,,
26048,"Аккумулятор EnerSys Powersafe 12V70 для ИБП (AGM, 68Ah)",akkumulyatory/dlya_ibp/agm,https://microchips.by/catalog/akkumulyatory/dlya_ibp/agm/26048/,68Ah,,AGM,EnerSys,Powersafe 12V70,910,ok,Y,,
26049,"Аккумулятор НЭТЕР LFP4-300-150P13 (LiFePO4, 300Ah, 12V)",akkumulyatory/dlya_ibp,https://microchips.by/catalog/akkumulyatory/dlya_ibp/26049/,300Ah,12V,LiFePO4,НЭТЕР,LFP4-300-150P13,3870,ok,Y,,
2605,"Аккумулятор Kenwood KNB-48L для радиостанций (Li-ion, 2550mAh, 7.2V)",akkumulyatory/promyshlennye/dlya_ratsiy,https://microchips.by/catalog/akkumulyatory/promyshlennye/dlya_ratsiy/2605/,2550mAh,7.2V,Li-ion,,,,нет данных в бэкапе,,,
26050,"Аккумулятор Liitokala LFP12300 (LiFePO4, 300Ah, 12V)",akkumulyatory/dlya_ibp,https://microchips.by/catalog/akkumulyatory/dlya_ibp/26050/,300Ah,12V,LiFePO4,Liitokala,LFP12300,,missing,,,
2606,"Аккумулятор Kenwood KNB-50NC для радиостанций (NiCd, 2000mAh, 7.4V)",akkumulyatory/promyshlennye/dlya_ratsiy,https://microchips.by/catalog/akkumulyatory/promyshlennye/dlya_ratsiy/2606/,2000mAh,7.4V,NiCd,,,,нет данных в бэкапе,,,
2607,"Аккумулятор Kenwood KNB-52N для радиостанций (NiMH, 1400mAh, 7.2V)",akkumulyatory/promyshlennye/dlya_ratsiy,https://microchips.by/catalog/akkumulyatory/promyshlennye/dlya_ratsiy/2607/,1400mAh,7.2V,NiMH,,,,нет данных в бэкапе,,,
2608,"Аккумулятор Kenwood KNB-53N для радиостанций (NiMH, 1400mAh, 7.2V)",akkumulyatory/promyshlennye/dlya_ratsiy,https://microchips.by/catalog/akkumulyatory/promyshlennye/dlya_ratsiy/2608/,1400mAh,7.2V,NiMH,,,,нет данных в бэкапе,,,
2609,"Аккумулятор Kenwood KNB-54N для радиостанций (NiCd, 1700mAh, 7.2V)",akkumulyatory/promyshlennye/dlya_ratsiy,https://microchips.by/catalog/akkumulyatory/promyshlennye/dlya_ratsiy/2609/,1700mAh,7.2V,NiCd,,,,нет данных в бэкапе,,,
2610,"Аккумулятор Kenwood KNB-55L для радиостанций (Li-ion, 1480mAh, 7.4V)",akkumulyatory/promyshlennye/dlya_ratsiy,https://microchips.by/catalog/akkumulyatory/promyshlennye/dlya_ratsiy/2610/,1480mAh,7.4V,Li-ion,,,,нет данных в бэкапе,,,
2611,"Аккумулятор Kenwood KNB-56N для радиостанций (NiMH, 1400mAh, 7.2V)",akkumulyatory/promyshlennye/dlya_ratsiy,https://microchips.by/catalog/akkumulyatory/promyshlennye/dlya_ratsiy/2611/,1400mAh,7.2V,NiMH,,,,нет данных в бэкапе,,,
2612,"Аккумулятор Kenwood KNB-57L для радиостанций (Li-ion, 1950mAh, 7.4V)",akkumulyatory/promyshlennye/dlya_ratsiy,https://microchips.by/catalog/akkumulyatory/promyshlennye/dlya_ratsiy/2612/,1950mAh,7.4V,Li-ion,,,,нет данных в бэкапе,,,
26123,"Аккумулятор Vector BP-44 для радиостанций (Li-ion, 2000mAh, 3.7V)",akkumulyatory/promyshlennye/dlya_ratsiy,https://microchips.by/catalog/akkumulyatory/promyshlennye/dlya_ratsiy/26123/,2000mAh,3.7V,Li-ion,,,,нет данных в бэкапе,,,
26124,"Аккумулятор Vector BP-47 для радиостанций (Li-ion, 1300mAh, 7.2V)",akkumulyatory/promyshlennye/dlya_ratsiy,https://microchips.by/catalog/akkumulyatory/promyshlennye/dlya_ratsiy/26124/,1300mAh,7.2V,Li-ion,,,,нет данных в бэкапе,,,
26125,"Аккумулятор Vector BP-44 L для радиостанций (Li-ion, 1500mAh, 7.4V)",akkumulyatory/promyshlennye/dlya_ratsiy,https://microchips.by/catalog/akkumulyatory/promyshlennye/dlya_ratsiy/26125/,1500mAh,7.4V,Li-ion,,,,нет данных в бэкапе,,,
26126,"Аккумулятор Vector BP-48 GT для радиостанций (Li-ion, 1100mAh, 7.4V)",akkumulyatory/promyshlennye/dlya_ratsiy,https://microchips.by/catalog/akkumulyatory/promyshlennye/dlya_ratsiy/26126/,1100mAh,7.4V,Li-ion,,,,нет данных в бэкапе,,,
26127,"Аккумулятор Vector BP-44 HS для радиостанций (Li-ion, 1500mAh, 3.7V)",akkumulyatory/promyshlennye/dlya_ratsiy,https://microchips.by/catalog/akkumulyatory/promyshlennye/dlya_ratsiy/26127/,1500mAh,3.7V,Li-ion,,,,нет данных в бэкапе,,,
26128,"Аккумулятор Vector BP-50 для радиостанций (Li-ion, 2300mAh, 7.4V)",akkumulyatory/promyshlennye/dlya_ratsiy,https://microchips.by/catalog/akkumulyatory/promyshlennye/dlya_ratsiy/26128/,2300mAh,7.4V,Li-ion,,,,нет данных в бэкапе,,,
26129,"Аккумулятор Vector BP-44 Turbo для радиостанций (Li-ion, 3500mAh, 7.2V)",akkumulyatory/promyshlennye/dlya_ratsiy,https://microchips.by/catalog/akkumulyatory/promyshlennye/dlya_ratsiy/26129/,3500mAh,7.2V,Li-ion,,,,нет данных в бэкапе,,,
2613,"Аккумулятор Kenwood KNB-58L для радиостанций (Li-ion, 1880mAh, 7.2V)",akkumulyatory/promyshlennye/dlya_ratsiy,https://microchips.by/catalog/akkumulyatory/promyshlennye/dlya_ratsiy/2613/,1880mAh,7.2V,Li-ion,,,,нет данных в бэкапе,,,
26130,"Аккумулятор Vector BP-47 M2 для радиостанций (Li-ion, 1100mAh, 3.7V)",akkumulyatory/promyshlennye/dlya_ratsiy,https://microchips.by/catalog/akkumulyatory/promyshlennye/dlya_ratsiy/26130/,1100mAh,3.7V,Li-ion,,,,нет данных в бэкапе,,,
26131,"Аккумулятор Vector BP-44 H для радиостанций (Li-ion, 1500mAh, 3.7V)",akkumulyatory/promyshlennye/dlya_ratsiy,https://microchips.by/catalog/akkumulyatory/promyshlennye/dlya_ratsiy/26131/,1500mAh,3.7V,Li-ion,,,,нет данных в бэкапе,,,
26132,"Аккумулятор Vector BP-80 ST для радиостанций (Li-ion, 4200mAh, 7.4V)",akkumulyatory/promyshlennye/dlya_ratsiy,https://microchips.by/catalog/akkumulyatory/promyshlennye/dlya_ratsiy/26132/,4200mAh,7.4V,Li-ion,,,,нет данных в бэкапе,,,
26133,"Аккумулятор Vector BP-80 F для радиостанций (Li-ion, 2300mAh, 7.4V)",akkumulyatory/promyshlennye/dlya_ratsiy,https://microchips.by/catalog/akkumulyatory/promyshlennye/dlya_ratsiy/26133/,2300mAh,7.4V,Li-ion,,,,нет данных в бэкапе,,,
26134,"Аккумулятор Vector BP-50 L для радиостанций (Li-ion, 2600mAh, 7.4V)",akkumulyatory/promyshlennye/dlya_ratsiy,https://microchips.by/catalog/akkumulyatory/promyshlennye/dlya_ratsiy/26134/,2600mAh,7.4V,Li-ion,,,,нет данных в бэкапе,,,
26135,"Аккумулятор Motorola HNN9008A для радиостанций GP140, GP240, GP280 (Li-ion, 1800mAh, 7.4V)",akkumulyatory/promyshlennye/dlya_ratsiy,https://microchips.by/catalog/akkumulyatory/promyshlennye/dlya_ratsiy/26135/,1800mAh,7.4V,Li-ion,,,,нет данных в бэкапе,,,
26136,"Аккумулятор Motorola HNN9008A для радиостанций GP320, GP328, GP329 (Li-ion, 1800mAh, 7.4V)",akkumulyatory/promyshlennye/dlya_ratsiy,https://microchips.by/catalog/akkumulyatory/promyshlennye/dlya_ratsiy/26136/,1800mAh,7.4V,Li-ion,,,,нет данных в бэкапе,,,
26137,"Аккумулятор Motorola HNN9008A для радиостанций GP338, GP339, GP340 (Li-ion, 1800mAh, 7.4V)",akkumulyatory/promyshlennye/dlya_ratsiy,https://microchips.by/catalog/akkumulyatory/promyshlennye/dlya_ratsiy/26137/,1800mAh,7.4V,Li-ion,,,,нет данных в бэкапе,,,
26138,"Аккумулятор Motorola IXNN4002A для радиостанций TLKR T5, XTR446 (NiMH, 600mAh, 4.8V)",akkumulyatory/promyshlennye/dlya_ratsiy,https://microchips.by/catalog/akkumulyatory/promyshlennye/dlya_ratsiy/26138/,600mAh,4.8V,NiMH,,,,нет данных в бэкапе,,,
26139,"Аккумулятор Motorola HNN9628A для радиостанций CT150, CT250, CT450 (NiMH, 1800mAh, 7.4V)",akkumulyatory/promyshlennye/dlya_ratsiy,https://microchips.by/catalog/akkumulyatory/promyshlennye/dlya_ratsiy/26139/,1800mAh,7.4V,NiMH,,,,нет данных в бэкапе,,,
2614,"Аккумулятор Kenwood KNB-63L для радиостанций (Li-ion, 1500mAh, 7.4V)",akkumulyatory/promyshlennye/dlya_ratsiy,https://microchips.by/catalog/akkumulyatory/promyshlennye/dlya_ratsiy/2614/,1500mAh,7.4V,Li-ion,,,,нет данных в бэкапе,,,
26140,"Аккумулятор Motorola HNN9628A для радиостанций GP88, GP30 (NiMH, 1800mAh, 7.4V)",akkumulyatory/promyshlennye/dlya_ratsiy,https://microchips.by/catalog/akkumulyatory/promyshlennye/dlya_ratsiy/26140/,1800mAh,7.4V,NiMH,,,,нет данных в бэкапе,,,
26141,"Аккумулятор Motorola HNN9628A для радиостанций P040, P060 (NiMH, 1800mAh, 7.4V)",akkumulyatory/promyshlennye/dlya_ratsiy,https://microchips.by/catalog/akkumulyatory/promyshlennye/dlya_ratsiy/26141/,1800mAh,7.4V,NiMH,,,,нет данных в бэкапе,,,
2615,"Аккумулятор Kenwood KNB-64L для радиостанций (Li-ion, 1520mAh, 8.4V)",akkumulyatory/promyshlennye/dlya_ratsiy,https://microchips.by/catalog/akkumulyatory/promyshlennye/dlya_ratsiy/2615/,1520mAh,8.4V,Li-ion,,,,нет данных в бэкапе,,,
2617,"Аккумулятор Motorola CP-140-PP302CB NNTN4851 для радиостанций (NiCd, 1800mAh, 7.5V)",akkumulyatory/promyshlennye/dlya_ratsiy,https://microchips.by/catalog/akkumulyatory/promyshlennye/dlya_ratsiy/2617/,1800mAh,7.5V,NiCd,,,,нет данных в бэкапе,,,
2618,"Аккумулятор Motorola DP1400 PMNN 4251 для радиостанций (NiMH, 1800mAh, 7.2V)",akkumulyatory/promyshlennye/dlya_ratsiy,https://microchips.by/catalog/akkumulyatory/promyshlennye/dlya_ratsiy/2618/,1800mAh,7.2V,NiMH,,,,нет данных в бэкапе,,,
2619,"Аккумулятор Motorola FTN6574B для радиостанций (NiMH, 1600mAh, 2.4V)",akkumulyatory/promyshlennye/dlya_ratsiy,https://microchips.by/catalog/akkumulyatory/promyshlennye/dlya_ratsiy/2619/,1600mAh,2.4V,NiMH,,,,нет данных в бэкапе,,,
2620,"Аккумулятор Motorola GP-340 HNN9008 для радиостанций (NiMH, 1500mAh, 7.4V)",akkumulyatory/promyshlennye/dlya_ratsiy,https://microchips.by/catalog/akkumulyatory/promyshlennye/dlya_ratsiy/2620/,1500mAh,7.4V,NiMH,,,,нет данных в бэкапе,,,
2621,"Аккумулятор Motorola GP300 HNN9628 для радиостанций (NiCd, 1800mAh, 7.5V)",akkumulyatory/promyshlennye/dlya_ratsiy,https://microchips.by/catalog/akkumulyatory/promyshlennye/dlya_ratsiy/2621/,1800mAh,7.5V,NiCd,,,,нет данных в бэкапе,,,
2623,"Аккумулятор Motorola HNN 4003 для радиостанций (Li-ion, 2000mAh, 7.5V)",akkumulyatory/promyshlennye/dlya_ratsiy,https://microchips.by/catalog/akkumulyatory/promyshlennye/dlya_ratsiy/2623/,2000mAh,7.5V,Li-ion,,,,нет данных в бэкапе,,,
2624,"Аккумулятор Motorola HNN 9013 для радиостанций (Li-ion, 1800mAh, 7.2V)",akkumulyatory/promyshlennye/dlya_ratsiy,https://microchips.by/catalog/akkumulyatory/promyshlennye/dlya_ratsiy/2624/,1800mAh,7.2V,Li-ion,,,,нет данных в бэкапе,,,
2625,"Аккумулятор Motorola HNN4001 для радиостанций (NiMH, 1900mAh, 2.4V)",akkumulyatory/promyshlennye/dlya_ratsiy,https://microchips.by/catalog/akkumulyatory/promyshlennye/dlya_ratsiy/2625/,1900mAh,2.4V,NiMH,,,,нет данных в бэкапе,,,
2626,"Аккумулятор Motorola HNN4002 для радиостанций (NiMH, 1800mAh, 2.4V)",akkumulyatory/promyshlennye/dlya_ratsiy,https://microchips.by/catalog/akkumulyatory/promyshlennye/dlya_ratsiy/2626/,1800mAh,2.4V,NiMH,,,,нет данных в бэкапе,,,
2627,"Аккумулятор Motorola HNN9008 для радиостанций (NiMH, 1800mAh, 7.2V)",akkumulyatory/promyshlennye/dlya_ratsiy,https://microchips.by/catalog/akkumulyatory/promyshlennye/dlya_ratsiy/2627/,1800mAh,7.2V,NiMH,,,,нет данных в бэкапе,,,
26286,"Аккумулятор Motorola HNN4002 для радиостанций GP340, HT750, HT1200 (NiMH, 2100mAh, 7.2V)",akkumulyatory/promyshlennye/dlya_ratsiy,https://microchips.by/catalog/akkumulyatory/promyshlennye/dlya_ratsiy/26286/,2100mAh,7.2V,NiMH,,,,нет данных в бэкапе,,,
26287,"Аккумулятор Motorola NNTN8129 для радиостанций DP4000, XPR3000 (Li-ion, 2200mAh, 7.4V)",akkumulyatory/promyshlennye/dlya_ratsiy,https://microchips.by/catalog/akkumulyatory/promyshlennye/dlya_ratsiy/26287/,2200mAh,7.4V,Li-ion,,,,нет данных в бэкапе,,,
26288,"Аккумулятор Motorola PMNN4021 для радиостанций CT150, CT250, CT450 (Li-ion, 1800mAh, 7.4V)",akkumulyatory/promyshlennye/dlya_ratsiy,https://microchips.by/catalog/akkumulyatory/promyshlennye/dlya_ratsiy/26288/,1800mAh,7.4V,Li-ion,,,,нет данных в бэкапе,,,
26289,"Аккумулятор Motorola HNN8133C для радиостанций CP250, CP450 (NiCd, 1800mAh, 7.4V)",akkumulyatory/promyshlennye/dlya_ratsiy,https://microchips.by/catalog/akkumulyatory/promyshlennye/dlya_ratsiy/26289/,1800mAh,7.4V,NiCd,,,,нет данных в бэкапе,,,
2629,"Аккумулятор Motorola HNN9010 для радиостанций (NiMH, 1600mAh, 2.4V)",akkumulyatory/promyshlennye/dlya_ratsiy,https://microchips.by/catalog/akkumulyatory/promyshlennye/dlya_ratsiy/2629/,1600mAh,2.4V,NiMH,,,,нет данных в бэкапе,,,
26290,"Аккумулятор Motorola HNN9628A для радиостанций GP88, GP300, GP600 (NiCd, 1800mAh, 7.4V)",akkumulyatory/promyshlennye/dlya_ratsiy,https://microchips.by/catalog/akkumulyatory/promyshlennye/dlya_ratsiy/26290/,1800mAh,7.4V,NiCd,,,,нет данных в бэкапе,,,
26294,"Аккумулятор для радиостанций Baofeng BF-U9, UV-R8 (Li-ion, 1500mAh, 3.6V)",akkumulyatory/promyshlennye/dlya_ratsiy,https://microchips.by/catalog/akkumulyatory/promyshlennye/dlya_ratsiy/26294/,1500mAh,3.6V,Li-ion,,,,нет данных в бэкапе,,,
26295,"Аккумулятор для радиостанций Baofeng BF-666S, BF-777S, BF-888S (Li-ion, 1500mAh, 3.7V)",akkumulyatory/promyshlennye/dlya_ratsiy,https://microchips.by/catalog/akkumulyatory/promyshlennye/dlya_ratsiy/26295/,1500mAh,3.7V,Li-ion,,,,нет данных в бэкапе,,,
26296,"Аккумулятор для радиостанций Baofeng UV-5R (Li-ion, 1200mAh, 7.4V)",akkumulyatory/promyshlennye/dlya_ratsiy,https://microchips.by/catalog/akkumulyatory/promyshlennye/dlya_ratsiy/26296/,1200mAh,7.4V,Li-ion,,,,нет данных в бэкапе,,,
26297,"Аккумулятор для радиостанций Baofeng BF-A58, BF-9700, UV-XR, BF-S56 Max (Li-ion, 2800mAh, 7.4V)",akkumulyatory/promyshlennye/dlya_ratsiy,https://microchips.by/catalog/akkumulyatory/promyshlennye/dlya_ratsiy/26297/,2800mAh,7.4V,Li-ion,,,,нет данных в бэкапе,,,
26298,"Аккумулятор для радиостанций Baofeng UV-82 (Li-ion, 2800mAh, 7.4V)",akkumulyatory/promyshlennye/dlya_ratsiy,https://microchips.by/catalog/akkumulyatory/promyshlennye/dlya_ratsiy/26298/,2800mAh,7.4V,Li-ion,,,,нет данных в бэкапе,,,
26299,"Аккумулятор BL-970 для радиостанций Baofeng BF-A58, BF-9700, UV-XR, BF-S56 Max (Li-ion, 2800mAh, 7.4V)",akkumulyatory/promyshlennye/dlya_ratsiy,https://microchips.by/catalog/akkumulyatory/promyshlennye/dlya_ratsiy/26299/,2800mAh,7.4V,Li-ion,,,,нет данных в бэкапе,,,
2630,"Аккумулятор Motorola HNN9011 для радиостанций (NiCd, 1550mAh, 1.2V)",akkumulyatory/promyshlennye/dlya_ratsiy,https://microchips.by/catalog/akkumulyatory/promyshlennye/dlya_ratsiy/2630/,1550mAh,1.2V,NiCd,,,,нет данных в бэкапе,,,
26300,"Аккумулятор для радиостанций Baofeng UV-5R (Li-ion, 1800mAh, 7.4V)",akkumulyatory/promyshlennye/dlya_ratsiy,https://microchips.by/catalog/akkumulyatory/promyshlennye/dlya_ratsiy/26300/,1800mAh,7.4V,Li-ion,,,,нет данных в бэкапе,,,
26301,"Аккумулятор для радиостанций Baofeng UV-6R (Li-ion, 1800mAh, 7.4V)",akkumulyatory/promyshlennye/dlya_ratsiy,https://microchips.by/catalog/akkumulyatory/promyshlennye/dlya_ratsiy/26301/,1800mAh,7.4V,Li-ion,,,,нет данных в бэкапе,,,
26302,"Аккумулятор для радиостанций Baofeng DM-1701 (Li-ion, 2200mAh, 7.4V)",akkumulyatory/promyshlennye/dlya_ratsiy,https://microchips.by/catalog/akkumulyatory/promyshlennye/dlya_ratsiy/26302/,2200mAh,7.4V,Li-ion,,,,нет данных в бэкапе,,,
26303,"Аккумулятор для радиостанций Baofeng DM-1801, BF-H6 (Li-ion, 2200mAh, 7.4V)",akkumulyatory/promyshlennye/dlya_ratsiy,https://microchips.by/catalog/akkumulyatory/promyshlennye/dlya_ratsiy/26303/,2200mAh,7.4V,Li-ion,,,,нет данных в бэкапе,,,
26304,"Аккумулятор для радиостанций Baofeng UV-82 (Li-ion, 3800mAh, 7.4V)",akkumulyatory/promyshlennye/dlya_ratsiy,https://microchips.by/catalog/akkumulyatory/promyshlennye/dlya_ratsiy/26304/,3800mAh,7.4V,Li-ion,,,,нет данных в бэкапе,,,
26305,"Аккумулятор для радиостанций Baofeng BF-888S Plus, BF-T99 Plus (Li-ion, 3800mAh, 3.6V)",akkumulyatory/promyshlennye/dlya_ratsiy,https://microchips.by/catalog/akkumulyatory/promyshlennye/dlya_ratsiy/26305/,3800mAh,3.6V,Li-ion,,,,нет данных в бэкапе,,,
2631,"Аккумулятор Motorola HNN9628 для радиостанций (NiCd, 1200mAh, 7.5V)",akkumulyatory/promyshlennye/dlya_ratsiy,https://microchips.by/catalog/akkumulyatory/promyshlennye/dlya_ratsiy/2631/,1200mAh,7.5V,NiCd,,,,нет данных в бэкапе,,,
2632,"Аккумулятор Motorola IXNN4002B для радиостанций (NiMH, 600mAh, 2.4V)",akkumulyatory/promyshlennye/dlya_ratsiy,https://microchips.by/catalog/akkumulyatory/promyshlennye/dlya_ratsiy/2632/,600mAh,2.4V,NiMH,,,,нет данных в бэкапе,,,
2633,"Аккумулятор Motorola JMNN 4023 для радиостанций (Li-ion, 1000mAh, 7.2V)",akkumulyatory/promyshlennye/dlya_ratsiy,https://microchips.by/catalog/akkumulyatory/promyshlennye/dlya_ratsiy/2633/,1000mAh,7.2V,Li-ion,,,,нет данных в бэкапе,,,
2634,"Аккумулятор Motorola JMNN 4024 для радиостанций (Li-ion, 1500mAh, 10V)",akkumulyatory/promyshlennye/dlya_ratsiy,https://microchips.by/catalog/akkumulyatory/promyshlennye/dlya_ratsiy/2634/,1500mAh,10V,Li-ion,,,,нет данных в бэкапе,,,
2635,"Аккумулятор Motorola NNTN 4497 для радиостанций (Li-ion, 1800mAh, 7.2V)",akkumulyatory/promyshlennye/dlya_ratsiy,https://microchips.by/catalog/akkumulyatory/promyshlennye/dlya_ratsiy/2635/,1800mAh,7.2V,Li-ion,,,,нет данных в бэкапе,,,
2636,"Аккумулятор Motorola NNTN 4970 для радиостанций (Li-ion, 1600mAh, 7.2V)",akkumulyatory/promyshlennye/dlya_ratsiy,https://microchips.by/catalog/akkumulyatory/promyshlennye/dlya_ratsiy/2636/,1600mAh,7.2V,Li-ion,,,,нет данных в бэкапе,,,
2637,"Аккумулятор Motorola NNTN 5510 для радиостанций (Li-ion, 1650mAh, 7.5V)",akkumulyatory/promyshlennye/dlya_ratsiy,https://microchips.by/catalog/akkumulyatory/promyshlennye/dlya_ratsiy/2637/,1650mAh,7.5V,Li-ion,,,,нет данных в бэкапе,,,
2638,"Аккумулятор Motorola NNTN4496 для радиостанций (NiCd, 1100mAh, 7.2V)",akkumulyatory/promyshlennye/dlya_ratsiy,https://microchips.by/catalog/akkumulyatory/promyshlennye/dlya_ratsiy/2638/,1100mAh,7.2V,NiCd,,,,нет данных в бэкапе,,,
2639,"Аккумулятор Motorola NNTN4851 для радиостанций (NiMH, 1400mAh, 7.2V)",akkumulyatory/promyshlennye/dlya_ratsiy,https://microchips.by/catalog/akkumulyatory/promyshlennye/dlya_ratsiy/2639/,1400mAh,7.2V,NiMH,,,,нет данных в бэкапе,,,
2640,"Аккумулятор Motorola NNTN4852 для радиостанций (NiMH, 1300mAh, 2.4V)",akkumulyatory/promyshlennye/dlya_ratsiy,https://microchips.by/catalog/akkumulyatory/promyshlennye/dlya_ratsiy/2640/,1300mAh,2.4V,NiMH,,,,нет данных в бэкапе,,,
2641,"Аккумулятор Motorola NTN7144 для радиостанций (NiCd, 1500mAh, 2.4V)",akkumulyatory/promyshlennye/dlya_ratsiy,https://microchips.by/catalog/akkumulyatory/promyshlennye/dlya_ratsiy/2641/,1500mAh,2.4V,NiCd,,,,нет данных в бэкапе,,,
2642,"Аккумулятор Motorola PMNN 4000D для радиостанций (NiCd, 1200mAh, 2.4V))",akkumulyatory/promyshlennye/dlya_ratsiy,https://microchips.by/catalog/akkumulyatory/promyshlennye/dlya_ratsiy/2642/,1200mAh,2.4V,NiCd,,,,нет данных в бэкапе,,,
2643,"Аккумулятор Motorola PMNN 4005B для радиостанций (NiCd, 1300mAh, 7.5V)",akkumulyatory/promyshlennye/dlya_ratsiy,https://microchips.by/catalog/akkumulyatory/promyshlennye/dlya_ratsiy/2643/,1300mAh,7.5V,NiCd,,,,нет данных в бэкапе,,,
2644,"Аккумулятор Motorola PMNN 4018 для радиостанций (NiMH, 1150mAh, 7.5V)",akkumulyatory/promyshlennye/dlya_ratsiy,https://microchips.by/catalog/akkumulyatory/promyshlennye/dlya_ratsiy/2644/,1150mAh,7.5V,NiMH,,,,нет данных в бэкапе,,,
2645,"Аккумулятор Motorola PMNN 4065 для радиостанций (NiMH, 1300mAh, 2.4V)",akkumulyatory/promyshlennye/dlya_ratsiy,https://microchips.by/catalog/akkumulyatory/promyshlennye/dlya_ratsiy/2645/,1300mAh,2.4V,NiMH,,,,нет данных в бэкапе,,,
2646,"Аккумулятор Motorola PMNN 4073 для радиостанций (Li-ion, 1350mAh, 7.2V)",akkumulyatory/promyshlennye/dlya_ratsiy,https://microchips.by/catalog/akkumulyatory/promyshlennye/dlya_ratsiy/2646/,1350mAh,7.2V,Li-ion,,,,нет данных в бэкапе,,,
2647,"Аккумулятор Motorola PMNN 4074 для радиостанций (Li-ion, 1400mAh, 7.2V)",akkumulyatory/promyshlennye/dlya_ratsiy,https://microchips.by/catalog/akkumulyatory/promyshlennye/dlya_ratsiy/2647/,1400mAh,7.2V,Li-ion,,,,нет данных в бэкапе,,,
2648,"Аккумулятор Motorola PMNN 4075AR для радиостанций (Li-ion, 1500mAh, 7.2V)",akkumulyatory/promyshlennye/dlya_ratsiy,https://microchips.by/catalog/akkumulyatory/promyshlennye/dlya_ratsiy/2648/,1500mAh,7.2V,Li-ion,,,,нет данных в бэкапе,,,
2649,"Аккумулятор Motorola PMNN 4077 для радиостанций (li-ion, 2200mAh, 7.2V)",akkumulyatory/promyshlennye/dlya_ratsiy,https://microchips.by/catalog/akkumulyatory/promyshlennye/dlya_ratsiy/2649/,2200mAh,7.2V,li-ion,,,,нет данных в бэкапе,,,
2650,"Аккумулятор Motorola PMNN 4080 для радиостанций (Li-ion, 2150mAh, 7.5V)",akkumulyatory/promyshlennye/dlya_ratsiy,https://microchips.by/catalog/akkumulyatory/promyshlennye/dlya_ratsiy/2650/,2150mAh,7.5V,Li-ion,,,,нет данных в бэкапе,,,
2651,"Аккумулятор Motorola PMNN 4081 для радиостанций (Li-ion, 1500mAh, 7.5V)",akkumulyatory/promyshlennye/dlya_ratsiy,https://microchips.by/catalog/akkumulyatory/promyshlennye/dlya_ratsiy/2651/,1500mAh,7.5V,Li-ion,,,,нет данных в бэкапе,,,
2652,"Аккумулятор Motorola PMNN 4094 для радиостанций (Li-ion, 2000mAh, 7.2V)",akkumulyatory/promyshlennye/dlya_ratsiy,https://microchips.by/catalog/akkumulyatory/promyshlennye/dlya_ratsiy/2652/,2000mAh,7.2V,Li-ion,,,,нет данных в бэкапе,,,
2653,"Аккумулятор Motorola PMNN 4101 для радиостанций (Li-ion, 1550mAh, 7.5V)",akkumulyatory/promyshlennye/dlya_ratsiy,https://microchips.by/catalog/akkumulyatory/promyshlennye/dlya_ratsiy/2653/,1550mAh,7.5V,Li-ion,,,,нет данных в бэкапе,,,
2654,"Аккумулятор Motorola PMNN 4102 для радиостанций (Li-ion, 1500mAh, 7.5V)",akkumulyatory/promyshlennye/dlya_ratsiy,https://microchips.by/catalog/akkumulyatory/promyshlennye/dlya_ratsiy/2654/,1500mAh,7.5V,Li-ion,,,,нет данных в бэкапе,,,
2655,"Аккумулятор Motorola PMNN 4103 для радиостанций (Li-ion, 2200mAh, 7.5V)",akkumulyatory/promyshlennye/dlya_ratsiy,https://microchips.by/catalog/akkumulyatory/promyshlennye/dlya_ratsiy/2655/,2200mAh,7.5V,Li-ion,,,,нет данных в бэкапе,,,
2656,"Аккумулятор Motorola PMNN 4104 для радиостанций (NiMH, 1300mAh, 7.2V)",akkumulyatory/promyshlennye/dlya_ratsiy,https://microchips.by/catalog/akkumulyatory/promyshlennye/dlya_ratsiy/2656/,1300mAh,7.2V,NiMH,,,,нет данных в бэкапе,,,
2657,"Аккумулятор Motorola PMNN 4157 для радиостанций (NiMH, 2000mAh, 2.4V)",akkumulyatory/promyshlennye/dlya_ratsiy,https://microchips.by/catalog/akkumulyatory/promyshlennye/dlya_ratsiy/2657/,2000mAh,2.4V,NiMH,,,,нет данных в бэкапе,,,
2658,"Аккумулятор Motorola PMNN 4158 для радиостанций (Li-ion, 1800mAh, 7.2V)",akkumulyatory/promyshlennye/dlya_ratsiy,https://microchips.by/catalog/akkumulyatory/promyshlennye/dlya_ratsiy/2658/,1800mAh,7.2V,Li-ion,,,,нет данных в бэкапе,,,
2659,"Аккумулятор Motorola PMNN 4159 для радиостанций (Li-ion, 2600mAh, 7.2V)",akkumulyatory/promyshlennye/dlya_ratsiy,https://microchips.by/catalog/akkumulyatory/promyshlennye/dlya_ratsiy/2659/,2600mAh,7.2V,Li-ion,,,,нет данных в бэкапе,,,
2660,"Аккумулятор Motorola PMNN 4201 для радиостанций (Li-ion, 1050mAh, 7.2V)",akkumulyatory/promyshlennye/dlya_ratsiy,https://microchips.by/catalog/akkumulyatory/promyshlennye/dlya_ratsiy/2660/,1050mAh,7.2V,Li-ion,,,,нет данных в бэкапе,,,
2661,"Аккумулятор Motorola PMNN 4202 для радиостанций (Li-ion, 1600mAh, 7.2V)",akkumulyatory/promyshlennye/dlya_ratsiy,https://microchips.by/catalog/akkumulyatory/promyshlennye/dlya_ratsiy/2661/,1600mAh,7.2V,Li-ion,,,,нет данных в бэкапе,,,
2662,"Аккумулятор Motorola PMNN 4253 для радиостанций (Li-ion, 2300mAh, 7.2V)",akkumulyatory/promyshlennye/dlya_ratsiy,https://microchips.by/catalog/akkumulyatory/promyshlennye/dlya_ratsiy/2662/,2300mAh,7.2V,Li-ion,,,,нет данных в бэкапе,,,
2663,"Аккумулятор Motorola PMNN 4254 для радиостанций (Li-ion, 2250mAh, 2.4V)",akkumulyatory/promyshlennye/dlya_ratsiy,https://microchips.by/catalog/akkumulyatory/promyshlennye/dlya_ratsiy/2663/,2250mAh,2.4V,Li-ion,,,,нет данных в бэкапе,,,
2664,"Аккумулятор Motorola PMNN 4351A для радиостанций (Li-ion, 1850mAh, 3.7V)",akkumulyatory/promyshlennye/dlya_ratsiy,https://microchips.by/catalog/akkumulyatory/promyshlennye/dlya_ratsiy/2664/,1850mAh,3.7V,Li-ion,,,,нет данных в бэкапе,,,
2665,"Аккумулятор Motorola PMNN4016 для радиостанций (NiMH, 1200mAh, 7.5V)",akkumulyatory/promyshlennye/dlya_ratsiy,https://microchips.by/catalog/akkumulyatory/promyshlennye/dlya_ratsiy/2665/,1200mAh,7.5V,NiMH,,,,нет данных в бэкапе,,,
2666,"Аккумулятор Motorola PMNN4019 для радиостанций (NiMH, 1100mAh, 2.4V)",akkumulyatory/promyshlennye/dlya_ratsiy,https://microchips.by/catalog/akkumulyatory/promyshlennye/dlya_ratsiy/2666/,1100mAh,2.4V,NiMH,,,,нет данных в бэкапе,,,
2667,"Аккумулятор Motorola PMNN4021 для радиостанций (NiCd, 1100mAh, 2.4V)",akkumulyatory/promyshlennye/dlya_ratsiy,https://microchips.by/catalog/akkumulyatory/promyshlennye/dlya_ratsiy/2667/,1100mAh,2.4V,NiCd,,,,нет данных в бэкапе,,,
2668,"Аккумулятор Motorola PMNN4063 для радиостанций (NiMH, 1300mAh, 2.4V)",akkumulyatory/promyshlennye/dlya_ratsiy,https://microchips.by/catalog/akkumulyatory/promyshlennye/dlya_ratsiy/2668/,1300mAh,2.4V,NiMH,,,,нет данных в бэкапе,,,
2669,"Аккумулятор Motorola PMNN4066 для радиостанций (Li-ion, 1800mAh, 7.5V)",akkumulyatory/promyshlennye/dlya_ratsiy,https://microchips.by/catalog/akkumulyatory/promyshlennye/dlya_ratsiy/2669/,1800mAh,7.5V,Li-ion,,,,нет данных в бэкапе,,,
2670,"Аккумулятор Motorola PMNN4071AR для радиостанций (NiMH, 1200mAh, 2.4V)",akkumulyatory/promyshlennye/dlya_ratsiy,https://microchips.by/catalog/akkumulyatory/promyshlennye/dlya_ratsiy/2670/,1200mAh,2.4V,NiMH,,,,нет данных в бэкапе,,,
2671,"Аккумулятор Motorola PMNN4077 для радиостанций (Li-ion, 2200mAh, 7.5V)",akkumulyatory/promyshlennye/dlya_ratsiy,https://microchips.by/catalog/akkumulyatory/promyshlennye/dlya_ratsiy/2671/,2200mAh,7.5V,Li-ion,,,,нет данных в бэкапе,,,
2672,"Аккумулятор Motorola PMNN4082 для радиостанций (NiMH, 1300mAh, 2.4V)",akkumulyatory/promyshlennye/dlya_ratsiy,https://microchips.by/catalog/akkumulyatory/promyshlennye/dlya_ratsiy/2672/,1300mAh,2.4V,NiMH,,,,нет данных в бэкапе,,,
2673,"Аккумулятор Motorola PMNN4092 для радиостанций (NiMH, 1300mAh, 2.4V)",akkumulyatory/promyshlennye/dlya_ratsiy,https://microchips.by/catalog/akkumulyatory/promyshlennye/dlya_ratsiy/2673/,1300mAh,2.4V,NiMH,,,,нет данных в бэкапе,,,
2674,"Аккумулятор Motorola PMNN4151 для радиостанций (NiMH, 1400mAh, 2.4V)",akkumulyatory/promyshlennye/dlya_ratsiy,https://microchips.by/catalog/akkumulyatory/promyshlennye/dlya_ratsiy/2674/,1400mAh,2.4V,NiMH,,,,нет данных в бэкапе,,,
2675,"Аккумулятор Motorola PMNN4154 для радиостанций (NiMH, 1000mAh, 7.5V)",akkumulyatory/promyshlennye/dlya_ratsiy,https://microchips.by/catalog/akkumulyatory/promyshlennye/dlya_ratsiy/2675/,1000mAh,7.5V,NiMH,,,,нет данных в бэкапе,,,
2676,"Аккумулятор Motorola PMNN4156 для радиостанций (NiMH, 2100mAh, 7.5V)",akkumulyatory/promyshlennye/dlya_ratsiy,https://microchips.by/catalog/akkumulyatory/promyshlennye/dlya_ratsiy/2676/,2100mAh,7.5V,NiMH,,,,нет данных в бэкапе,,,
2677,"Аккумулятор Motorola PMNN4251 для радиостанций (NiMH, 1800mAh, 7.2V)",akkumulyatory/promyshlennye/dlya_ratsiy,https://microchips.by/catalog/akkumulyatory/promyshlennye/dlya_ratsiy/2677/,1800mAh,7.2V,NiMH,,,,нет данных в бэкапе,,,
2678,"Аккумулятор Motorola PMNN4252 для радиостанций (NiMH, 1600mAh, 2.4V)",akkumulyatory/promyshlennye/dlya_ratsiy,https://microchips.by/catalog/akkumulyatory/promyshlennye/dlya_ratsiy/2678/,1600mAh,2.4V,NiMH,,,,нет данных в бэкапе,,,
2679,"Аккумулятор Motorola PMNN4256 для радиостанций (NiCd, 1100mAh, 2.4V)",akkumulyatory/promyshlennye/dlya_ratsiy,https://microchips.by/catalog/akkumulyatory/promyshlennye/dlya_ratsiy/2679/,1100mAh,2.4V,NiCd,,,,нет данных в бэкапе,,,
2680,"Аккумулятор Motorola RLN 6305B для радиостанций (Li-ion, 2200mAh, 7.2V)",akkumulyatory/promyshlennye/dlya_ratsiy,https://microchips.by/catalog/akkumulyatory/promyshlennye/dlya_ratsiy/2680/,2200mAh,7.2V,Li-ion,,,,нет данных в бэкапе,,,
2686,"Аккумулятор Vertex FNB-29 для радиостанций (NiCd, 1700mAh, 7.2V)",akkumulyatory/promyshlennye/dlya_ratsiy,https://microchips.by/catalog/akkumulyatory/promyshlennye/dlya_ratsiy/2686/,1700mAh,7.2V,NiCd,,,,нет данных в бэкапе,,,
2687,"Аккумулятор Vertex FNB-83 для радиостанций (NiMH, 1400mAh, 7.2V)",akkumulyatory/promyshlennye/dlya_ratsiy,https://microchips.by/catalog/akkumulyatory/promyshlennye/dlya_ratsiy/2687/,1400mAh,7.2V,NiMH,,,,нет данных в бэкапе,,,
2688,"Аккумулятор Vertex FNB-106 для радиостанций (NiMH, 1200mAh, 7.2V)",akkumulyatory/promyshlennye/dlya_ratsiy,https://microchips.by/catalog/akkumulyatory/promyshlennye/dlya_ratsiy/2688/,1200mAh,7.2V,NiMH,,,,нет данных в бэкапе,,,
2689,"Аккумулятор Vertex FNB-V57IS  для радиостанций (NiCd, 1100mAh, 7.2V)",akkumulyatory/promyshlennye/dlya_ratsiy,https://microchips.by/catalog/akkumulyatory/promyshlennye/dlya_ratsiy/2689/,1100mAh,7.2V,NiCd,,,,нет данных в бэкапе,,,
2690,"Аккумулятор Vertex FNB-V 67 для радиостанций (Li-ion, 2300mAh, 7.2V)",akkumulyatory/promyshlennye/dlya_ratsiy,https://microchips.by/catalog/akkumulyatory/promyshlennye/dlya_ratsiy/2690/,2300mAh,7.2V,Li-ion,,,,нет данных в бэкапе,,,
2691,"Аккумулятор Vertex FNB-V86 для радиостанций (Li-ion, 1150mAh, 7.4V)",akkumulyatory/promyshlennye/dlya_ratsiy,https://microchips.by/catalog/akkumulyatory/promyshlennye/dlya_ratsiy/2691/,1150mAh,7.4V,Li-ion,,,,нет данных в бэкапе,,,
2692,"Аккумулятор Vertex FNB-V92 для радиостанций (Li-ion, 3000mAh, 7.4V)",akkumulyatory/promyshlennye/dlya_ratsiy,https://microchips.by/catalog/akkumulyatory/promyshlennye/dlya_ratsiy/2692/,3000mAh,7.4V,Li-ion,,,,нет данных в бэкапе,,,
2694,"Аккумулятор Vertex FNB-V95 для радиостанций (Li-ion, 1800mAh, 7.4V)",akkumulyatory/promyshlennye/dlya_ratsiy,https://microchips.by/catalog/akkumulyatory/promyshlennye/dlya_ratsiy/2694/,1800mAh,7.4V,Li-ion,,,,нет данных в бэкапе,,,
2695,"Аккумулятор Vertex FNB-V96 для радиостанций (Li-ion, 2000mAh, 7.4V)",akkumulyatory/promyshlennye/dlya_ratsiy,https://microchips.by/catalog/akkumulyatory/promyshlennye/dlya_ratsiy/2695/,2000mAh,7.4V,Li-ion,,,,нет данных в бэкапе,,,
2696,"Аккумулятор Vertex FNB-V103 для радиостанций (Li-ion, 1150mAh, 7.4V)",akkumulyatory/promyshlennye/dlya_ratsiy,https://microchips.by/catalog/akkumulyatory/promyshlennye/dlya_ratsiy/2696/,1150mAh,7.4V,Li-ion,,,,нет данных в бэкапе,,,
2697,"Аккумулятор Vertex FNB-V104 для радиостанций (Li-ion, 2000mAh, 7.4V)",akkumulyatory/promyshlennye/dlya_ratsiy,https://microchips.by/catalog/akkumulyatory/promyshlennye/dlya_ratsiy/2697/,2000mAh,7.4V,Li-ion,,,,нет данных в бэкапе,,,
2698,"Аккумулятор Vertex FNBZ-109 для радиостанций (NiMH, 900mAh, 7.2V)",akkumulyatory/promyshlennye/dlya_ratsiy,https://microchips.by/catalog/akkumulyatory/promyshlennye/dlya_ratsiy/2698/,900mAh,7.2V,NiMH,,,,нет данных в бэкапе,,,
2699,"Аккумулятор Vertex FNB V94 для радиостанций (NiCd, 1300mAh, 7.2V)",akkumulyatory/promyshlennye/dlya_ratsiy,https://microchips.by/catalog/akkumulyatory/promyshlennye/dlya_ratsiy/2699/,1300mAh,7.2V,NiCd,,,,нет данных в бэкапе,,,
2701,Аккумулятор для радиостанций Yaesu FNB-V88,akkumulyatory/promyshlennye/dlya_ratsiy,https://microchips.by/catalog/akkumulyatory/promyshlennye/dlya_ratsiy/2701/,,,,,,,нет данных в бэкапе,,,
2708,"Аккумулятор для радиостанций Vertex C305, Baofeng UV-5R, Kenwood TK-UVF8, TK-F8, Связь Р-57, Р-52 UHF (Li-ion, 1600mAh, 7.4V)",akkumulyatory/promyshlennye/dlya_ratsiy,https://microchips.by/catalog/akkumulyatory/promyshlennye/dlya_ratsiy/2708/,1600mAh,7.4V,Li-ion,,,,нет данных в бэкапе,,,
2715,"Аккумулятор Leoch DJW 12-0.8 (AGM, 0.8Ah)",akkumulyatory/dlya_ibp/agm,https://microchips.by/catalog/akkumulyatory/dlya_ibp/agm/2715/,0.8Ah,,AGM,Leoch,DJW 12-0.8,15.5,ok,Y,,
2716,"Аккумулятор Yuasa NP 0.8-12 (AGM, 0.8Ah)",akkumulyatory/dlya_ibp/agm,https://microchips.by/catalog/akkumulyatory/dlya_ibp/agm/2716/,0.8Ah,,AGM,Yuasa,NP 0.8-12,40,ok,Y,,
2719,"Аккумулятор Alarm Force FB 1.2-12 (AGM, 1.2Ah)",akkumulyatory/dlya_ibp/agm,https://microchips.by/catalog/akkumulyatory/dlya_ibp/agm/2719/,1.2Ah,,AGM,Alarm Force,FB 1.2-12,20.12,ok,Y,,
2720,"Аккумулятор General Security GS 1.2-12 (AGM, 1.2Ah)",akkumulyatory/dlya_ibp/agm,https://microchips.by/catalog/akkumulyatory/dlya_ibp/agm/2720/,1.2Ah,,AGM,General Security,GS 1.2-12,11,ok,Y,,
2721,"Аккумулятор General Security GSL 1.2-12 (AGM, 1.2Ah)",akkumulyatory/dlya_ibp/agm,https://microchips.by/catalog/akkumulyatory/dlya_ibp/agm/2721/,1.2Ah,,AGM,General Security,GSL 1.2-12,13,ok,Y,,
2722,"Аккумулятор Security Force SF 12012 (AGM, 1.2Ah)",akkumulyatory/dlya_ibp/agm,https://microchips.by/catalog/akkumulyatory/dlya_ibp/agm/2722/,1.2Ah,,AGM,Security Force,SF 12012,13,ok,Y,,
2725,"Аккумулятор Yuasa NP 1.2-6 (AGM, 1.2Ah)",akkumulyatory/dlya_ibp/agm,https://microchips.by/catalog/akkumulyatory/dlya_ibp/agm/2725/,1.2Ah,,AGM,Yuasa,NP 1.2-6,38.5,ok,Y,,
2726,"Аккумулятор Yuasa NP 1.2-12 (AGM, 1.2Ah)",akkumulyatory/dlya_ibp/agm,https://microchips.by/catalog/akkumulyatory/dlya_ibp/agm/2726/,1.2Ah,,AGM,Yuasa,NP 1.2-12,42,ok,Y,,
2727,"Аккумулятор General Security GS 1.3-6 (AGM, 1.3Ah)",akkumulyatory/dlya_ibp/agm,https://microchips.by/catalog/akkumulyatory/dlya_ibp/agm/2727/,1.3Ah,,AGM,General Security,GS 1.3-6,7,ok,Y,,
2728,"Аккумулятор General Security GSL 1.3-6 (AGM, 1.3Ah)",akkumulyatory/dlya_ibp/agm,https://microchips.by/catalog/akkumulyatory/dlya_ibp/agm/2728/,1.3Ah,,AGM,General Security,GSL 1.3-6,10,ok,Y,,
2729,"Аккумулятор Leoch DJW 12-1.3 (AGM, 1.3Ah)",akkumulyatory/dlya_ibp/agm,https://microchips.by/catalog/akkumulyatory/dlya_ibp/agm/2729/,1.3Ah,,AGM,Leoch,DJW 12-1.3,17,ok,Y,,
2730,"Аккумулятор Leoch DJW 6-1.3 (AGM, 1.3Ah)",akkumulyatory/dlya_ibp/agm,https://microchips.by/catalog/akkumulyatory/dlya_ibp/agm/2730/,1.3Ah,,AGM,Leoch,DJW 6-1.3,10,ok,Y,,
2731,"Аккумулятор WBR GP 613 (AGM, 1.3Ah)",akkumulyatory/dlya_ibp/agm,https://microchips.by/catalog/akkumulyatory/dlya_ibp/agm/2731/,1.3Ah,,AGM,WBR,GP 613,7.5,ok,Y,,
2732,"Аккумулятор CSB GP121000 (AGM, 100Ah)",akkumulyatory/dlya_ibp/agm,https://microchips.by/catalog/akkumulyatory/dlya_ibp/agm/2732/,100Ah,,AGM,CSB,GP121000,570,ok,Y,,
2733,"Аккумулятор CSB GPL121000 (AGM, 100Ah)",akkumulyatory/dlya_ibp/agm,https://microchips.by/catalog/akkumulyatory/dlya_ibp/agm/2733/,100Ah,,AGM,CSB,GPL121000,1024,ok,Y,,
2734,"Аккумулятор CSB TPL121000 (AGM, 100Ah)",akkumulyatory/dlya_ibp/agm,https://microchips.by/catalog/akkumulyatory/dlya_ibp/agm/2734/,100Ah,,AGM,CSB,TPL121000,1090,ok,Y,,
2735,"Аккумулятор General Security GS 100-12 (AGM, 100Ah)",akkumulyatory/dlya_ibp/agm,https://microchips.by/catalog/akkumulyatory/dlya_ibp/agm/2735/,100Ah,,AGM,General Security,GS 100-12,550,ok,Y,,
2736,"Аккумулятор Leoch DJM 12100 (100Ah, 12V)",akkumulyatory/dlya_ibp/agm,https://microchips.by/catalog/akkumulyatory/dlya_ibp/agm/2736/,100Ah,12V,,Leoch,DJM 12100,493.5,ok,Y,,
2737,"Аккумулятор Leoch DJM 6100 (AGM, 100Ah)",akkumulyatory/dlya_ibp/agm,https://microchips.by/catalog/akkumulyatory/dlya_ibp/agm/2737/,100Ah,,AGM,Leoch,DJM 6100,255,ok,Y,,
2738,"Аккумулятор Marathon M12V105FT (AGM, 100Ah)",akkumulyatory/dlya_ibp/agm,https://microchips.by/catalog/akkumulyatory/dlya_ibp/agm/2738/,100Ah,,AGM,Marathon,M12V105FT,950,ok,Y,,
2739,"Аккумулятор Marathon M12V105FT V0 (AGM, 100Ah)",akkumulyatory/dlya_ibp/agm,https://microchips.by/catalog/akkumulyatory/dlya_ibp/agm/2739/,100Ah,,AGM,Marathon,M12V105FT V0,836,ok,Y,,
2740,"Аккумулятор Security Force SF 12100 (AGM, 100Ah)",akkumulyatory/dlya_ibp/agm,https://microchips.by/catalog/akkumulyatory/dlya_ibp/agm/2740/,100Ah,,AGM,Security Force,SF 12100,406.5,ok,Y,,
2741,"Аккумулятор Sonnenschein A412/100 A для ИБП (GEL, 100Ah)",akkumulyatory/dlya_ibp/gelevye,https://microchips.by/catalog/akkumulyatory/dlya_ibp/gelevye/2741/,100Ah,,GEL,Sonnenschein,A412/100 A,1237.2,ok,Y,,
2742,"Аккумулятор Sonnenschein A412/100 F10 для ИБП (GEL, 100Ah)",akkumulyatory/dlya_ibp/gelevye,https://microchips.by/catalog/akkumulyatory/dlya_ibp/gelevye/2742/,100Ah,,GEL,Sonnenschein,A412/100 F10,1284,ok,Y,,
2743,"Аккумулятор Sonnenschein Dryfit Solar Block SB 12/100 для ИБП (GEL, 100Ah)",akkumulyatory/dlya_ibp/gelevye,https://microchips.by/catalog/akkumulyatory/dlya_ibp/gelevye/2743/,100Ah,,GEL,Sonnenschein,Dryfit Solar Block SB 12/100,1036.5,ok,Y,,
2744,"Аккумулятор WBR GPL 121000 (AGM, 100Ah)",akkumulyatory/dlya_ibp/agm,https://microchips.by/catalog/akkumulyatory/dlya_ibp/agm/2744/,100Ah,,AGM,WBR,GPL 121000,437.5,ok,Y,,
2745,"Аккумулятор WBR TPL 121000 (AGM, 100Ah)",akkumulyatory/dlya_ibp/agm,https://microchips.by/catalog/akkumulyatory/dlya_ibp/agm/2745/,100Ah,,AGM,WBR,TPL 121000,511,ok,Y,,
2746,"Аккумулятор Yuasa NPL 100-12 (AGM, 100Ah)",akkumulyatory/dlya_ibp/agm,https://microchips.by/catalog/akkumulyatory/dlya_ibp/agm/2746/,100Ah,,AGM,Yuasa,NPL 100-12,1021,ok,Y,,
2747,"Аккумулятор Восток PRO TC-12100 (AGM, 100Ah)",akkumulyatory/dlya_ibp/agm,https://microchips.by/catalog/akkumulyatory/dlya_ibp/agm/2747/,100Ah,,AGM,Восток,PRO TC-12100,652,ok,Y,,
2748,"Аккумулятор Восток PRO СX-12100 (AGM, 100Ah)",akkumulyatory/dlya_ibp/agm,https://microchips.by/catalog/akkumulyatory/dlya_ibp/agm/2748/,100Ah,,AGM,Восток,PRO СX-12100,620,ok,Y,,
2749,"Аккумулятор Восток PRO СК-12100 (AGM, 100Ah)",akkumulyatory/dlya_ibp/agm,https://microchips.by/catalog/akkumulyatory/dlya_ibp/agm/2749/,100Ah,,AGM,Восток,PRO СК-12100,513,ok,Y,,
2751,"Аккумулятор Sonnenschein A706/105 для ИБП (GEL, 105Ah)",akkumulyatory/dlya_ibp/gelevye,https://microchips.by/catalog/akkumulyatory/dlya_ibp/gelevye/2751/,105Ah,,GEL,Sonnenschein,A706/105,1060,ok,Y,,
2752,"Аккумулятор Sprinter XP12V3400 (AGM, 105Ah)",akkumulyatory/dlya_ibp/agm,https://microchips.by/catalog/akkumulyatory/dlya_ibp/agm/2752/,105Ah,,AGM,Sprinter,XP12V3400,1388,ok,Y,,
2754,"Аккумулятор Восток PRO TC-12105 (AGM, 105Ah)",akkumulyatory/dlya_ibp/agm,https://microchips.by/catalog/akkumulyatory/dlya_ibp/agm/2754/,105Ah,,AGM,Восток,PRO TC-12105,654,ok,Y,,
2755,"Аккумулятор Sonnenschein A506/10 S для ИБП (GEL, 10Ah)",akkumulyatory/dlya_ibp/gelevye,https://microchips.by/catalog/akkumulyatory/dlya_ibp/gelevye/2755/,10Ah,,GEL,Sonnenschein,A506/10 S,144,ok,Y,,
2756,"Аккумулятор Sonnenschein A512/10 S для ИБП (GEL, 10Ah)",akkumulyatory/dlya_ibp/gelevye,https://microchips.by/catalog/akkumulyatory/dlya_ibp/gelevye/2756/,10Ah,,GEL,Sonnenschein,A512/10 S,212,ok,Y,,
2757,"Аккумулятор Yuasa SWL3300 (AGM, 110Ah)",akkumulyatory/dlya_ibp/agm,https://microchips.by/catalog/akkumulyatory/dlya_ibp/agm/2757/,110Ah,,AGM,Yuasa,SWL3300,847,ok,Y,,
2758,"Аккумулятор Sonnenschein A512/115 A для ИБП (GEL, 115Ah)",akkumulyatory/dlya_ibp/gelevye,https://microchips.by/catalog/akkumulyatory/dlya_ibp/gelevye/2758/,115Ah,,GEL,Sonnenschein,A512/115 A,1130,ok,Y,,
2759,"Аккумулятор Marathon L6V110 (AGM, 110Ah)",akkumulyatory/dlya_ibp/agm,https://microchips.by/catalog/akkumulyatory/dlya_ibp/agm/2759/,110Ah,,AGM,Marathon,L6V110,571.5,ok,Y,,
2760,"Аккумулятор Marathon L6V110 V0 (AGM, 112Ah)",akkumulyatory/dlya_ibp/agm,https://microchips.by/catalog/akkumulyatory/dlya_ibp/agm/2760/,112Ah,,AGM,Marathon,L6V110 V0,561,ok,Y,,
2761,"Аккумулятор Leoch DJM 12120 (AGM, 120Ah)",akkumulyatory/dlya_ibp/agm,https://microchips.by/catalog/akkumulyatory/dlya_ibp/agm/2761/,120Ah,,AGM,Leoch,DJM 12120,581,ok,Y,,
2762,"Аккумулятор Security Force SF 12120 (AGM, 120Ah)",akkumulyatory/dlya_ibp/agm,https://microchips.by/catalog/akkumulyatory/dlya_ibp/agm/2762/,120Ah,,AGM,Security Force,SF 12120,456,ok,Y,,
2763,"Аккумулятор Sonnenschein A412/120 A для ИБП (GEL, 120Ah)",akkumulyatory/dlya_ibp/gelevye,https://microchips.by/catalog/akkumulyatory/dlya_ibp/gelevye/2763/,120Ah,,GEL,Sonnenschein,A412/120 A,1205,ok,Y,,
2766,"Аккумулятор Sonnenschein A412/120FT для ИБП (GEL, 120Ah)",akkumulyatory/dlya_ibp/gelevye,https://microchips.by/catalog/akkumulyatory/dlya_ibp/gelevye/2766/,120Ah,,GEL,Sonnenschein,A412/120FT,1200,ok,Y,,
2767,"Аккумулятор Sonnenschein A512/120 A для ИБП (GEL, 120Ah)",akkumulyatory/dlya_ibp/gelevye,https://microchips.by/catalog/akkumulyatory/dlya_ibp/gelevye/2767/,120Ah,,GEL,Sonnenschein,A512/120 A,1295,ok,Y,,
2768,"Аккумулятор Восток PRO СК-12120 (AGM, 120Ah)",akkumulyatory/dlya_ibp/agm,https://microchips.by/catalog/akkumulyatory/dlya_ibp/agm/2768/,120Ah,,AGM,Восток,PRO СК-12120,605.5,ok,Y,,
2769,"Аккумулятор Marathon M12V125FT (AGM, 125Ah)",akkumulyatory/dlya_ibp/agm,https://microchips.by/catalog/akkumulyatory/dlya_ibp/agm/2769/,125Ah,,AGM,Marathon,M12V125FT,1163.5,ok,Y,,
2770,"Аккумулятор Marathon M12V125FT V0 (AGM, 125Ah)",akkumulyatory/dlya_ibp/agm,https://microchips.by/catalog/akkumulyatory/dlya_ibp/agm/2770/,125Ah,,AGM,Marathon,M12V125FT V0,1047.5,ok,Y,,
2771,"Аккумулятор Sprinter P6V1700 (AGM, 122Ah)",akkumulyatory/dlya_ibp/agm,https://microchips.by/catalog/akkumulyatory/dlya_ibp/agm/2771/,122Ah,,AGM,Sprinter,P6V1700,1040,ok,Y,,
2773,"Аккумулятор CSB TPL121250 (AGM, 125Ah)",akkumulyatory/dlya_ibp/agm,https://microchips.by/catalog/akkumulyatory/dlya_ibp/agm/2773/,125Ah,,AGM,CSB,TPL121250,1350,ok,Y,,
2774,"Аккумулятор Восток PRO TC-12125 (AGM, 125Ah)",akkumulyatory/dlya_ibp/agm,https://microchips.by/catalog/akkumulyatory/dlya_ibp/agm/2774/,125Ah,,AGM,Восток,PRO TC-12125,808.5,ok,Y,,
2775,"Аккумулятор Sonnenschein A706/126 для ИБП (GEL, 126Ah)",akkumulyatory/dlya_ibp/gelevye,https://microchips.by/catalog/akkumulyatory/dlya_ibp/gelevye/2775/,126Ah,,GEL,Sonnenschein,A706/126,1365,ok,Y,,
2776,"Аккумулятор Alarm Force FB 12-12 (AGM, 12Ah)",akkumulyatory/dlya_ibp/agm,https://microchips.by/catalog/akkumulyatory/dlya_ibp/agm/2776/,12Ah,,AGM,Alarm Force,FB 12-12,78.5,ok,Y,,
2777,"Аккумулятор CSB GP12120 F2 (AGM, 12Ah)",akkumulyatory/dlya_ibp/agm,https://microchips.by/catalog/akkumulyatory/dlya_ibp/agm/2777/,12Ah,,AGM,CSB,GP12120 F2,98,ok,Y,,
2778,"Аккумулятор CSB GP6120 F2 (AGM, 12Ah)",akkumulyatory/dlya_ibp/agm,https://microchips.by/catalog/akkumulyatory/dlya_ibp/agm/2778/,12Ah,,AGM,CSB,GP6120 F2,55,ok,Y,,
2779,"Аккумулятор CSB GPL12120 F2 (AGM, 12Ah)",akkumulyatory/dlya_ibp/agm,https://microchips.by/catalog/akkumulyatory/dlya_ibp/agm/2779/,12Ah,,AGM,CSB,GPL12120 F2,200,ok,Y,,
2780,"Аккумулятор General Security GS 12-6 (AGM, 12Ah)",akkumulyatory/dlya_ibp/agm,https://microchips.by/catalog/akkumulyatory/dlya_ibp/agm/2780/,12Ah,,AGM,General Security,GS 12-6,46,ok,Y,,
2781,"Аккумулятор General Security GSL 12-12 (AGM, 12Ah)",akkumulyatory/dlya_ibp/agm,https://microchips.by/catalog/akkumulyatory/dlya_ibp/agm/2781/,12Ah,,AGM,General Security,GSL 12-12,64,ok,Y,,
2782,"Аккумулятор General Security GSL 12-6 (AGM, 12Ah)",akkumulyatory/dlya_ibp/agm,https://microchips.by/catalog/akkumulyatory/dlya_ibp/agm/2782/,12Ah,,AGM,General Security,GSL 12-6,43,ok,Y,,
2783,"Аккумулятор Leoch DJW 12-12 (AGM, 12Ah)",akkumulyatory/dlya_ibp/agm,https://microchips.by/catalog/akkumulyatory/dlya_ibp/agm/2783/,12Ah,,AGM,Leoch,DJW 12-12,65,ok,Y,,
2784,"Аккумулятор Leoch DJW 6-12 (AGM, 12Ah)",akkumulyatory/dlya_ibp/agm,https://microchips.by/catalog/akkumulyatory/dlya_ibp/agm/2784/,12Ah,,AGM,Leoch,DJW 6-12,31.5,ok,Y,,
2785,"Аккумулятор Optimus OP 1212 (AGM, 12Ah)",akkumulyatory/dlya_ibp/agm,https://microchips.by/catalog/akkumulyatory/dlya_ibp/agm/2785/,12Ah,,AGM,Optimus,OP 1212,40,ok,Y,,
2786,"Аккумулятор Security Force SF 1212 (AGM, 12Ah)",akkumulyatory/dlya_ibp/agm,https://microchips.by/catalog/akkumulyatory/dlya_ibp/agm/2786/,12Ah,,AGM,Security Force,SF 1212,42.5,ok,Y,,
2787,"Аккумулятор Sonnenschein A412/12 SR для ИБП (GEL, 12Ah)",akkumulyatory/dlya_ibp/gelevye,https://microchips.by/catalog/akkumulyatory/dlya_ibp/gelevye/2787/,12Ah,,GEL,Sonnenschein,A412/12 SR,253,ok,Y,,
2788,"Аккумулятор WBR GP 12120 F2 (AGM, 12Ah)",akkumulyatory/dlya_ibp/agm,https://microchips.by/catalog/akkumulyatory/dlya_ibp/agm/2788/,12Ah,,AGM,WBR,GP 12120 F2,59,ok,Y,,
2789,"Аккумулятор WBR GP 6120 (AGM, 12Ah)",akkumulyatory/dlya_ibp/agm,https://microchips.by/catalog/akkumulyatory/dlya_ibp/agm/2789/,12Ah,,AGM,WBR,GP 6120,28,ok,Y,,
2790,"Аккумулятор WBR HR 1251W (AGM, 12Ah)",akkumulyatory/dlya_ibp/agm,https://microchips.by/catalog/akkumulyatory/dlya_ibp/agm/2790/,12Ah,,AGM,WBR,HR 1251W,66,ok,Y,,
2791,"Аккумулятор Yuasa NP 12-6 (AGM, 12Ah)",akkumulyatory/dlya_ibp/agm,https://microchips.by/catalog/akkumulyatory/dlya_ibp/agm/2791/,12Ah,,AGM,Yuasa,NP 12-6,44,ok,Y,,
2792,"Аккумулятор Yuasa NP 12-12 (AGM, 12Ah)",akkumulyatory/dlya_ibp/agm,https://microchips.by/catalog/akkumulyatory/dlya_ibp/agm/2792/,12Ah,,AGM,Yuasa,NP 12-12,97.5,ok,Y,,
2794,"Аккумулятор Sonnenschein Dryfit Solar Block SB 12/130 A для ИБП (GEL, 130Ah)",akkumulyatory/dlya_ibp/gelevye,https://microchips.by/catalog/akkumulyatory/dlya_ibp/gelevye/2794/,130Ah,,GEL,Sonnenschein,Dryfit Solar Block SB 12/130 A,1045,ok,Y,,
2795,"Аккумулятор Sonnenschein Dryfit Solar S 12/130 A для ИБП (GEL, 130Ah)",akkumulyatory/dlya_ibp/gelevye,https://microchips.by/catalog/akkumulyatory/dlya_ibp/gelevye/2795/,130Ah,,GEL,Sonnenschein,Dryfit Solar S 12/130 A,1039,ok,Y,,
2796,"Аккумулятор WBR GPL 121300 (AGM, 130Ah)",akkumulyatory/dlya_ibp/agm,https://microchips.by/catalog/akkumulyatory/dlya_ibp/agm/2796/,130Ah,,AGM,WBR,GPL 121300,656.5,ok,Y,,
2797,"Аккумулятор Yuasa NPL 130-6lFR (AGM, 130Ah)",akkumulyatory/dlya_ibp/agm,https://microchips.by/catalog/akkumulyatory/dlya_ibp/agm/2797/,130Ah,,AGM,Yuasa,NPL 130-6lFR,781,ok,Y,,
2798,"Аккумулятор Sprinter S12V500 (AGM, 131Ah)",akkumulyatory/dlya_ibp/agm,https://microchips.by/catalog/akkumulyatory/dlya_ibp/agm/2798/,131Ah,,AGM,Sprinter,S12V500,931,ok,Y,,
2800,"Аккумулятор Sonnenschein A612/150 для ИБП (GEL, 150Ah)",akkumulyatory/dlya_ibp/gelevye,https://microchips.by/catalog/akkumulyatory/dlya_ibp/gelevye/2800/,150Ah,,GEL,Sonnenschein,A612/150,1540,ok,Y,,
2802,"Аккумулятор Sprinter S12V550NGF V0 (AGM, 139Ah)",akkumulyatory/dlya_ibp/agm,https://microchips.by/catalog/akkumulyatory/dlya_ibp/agm/2802/,139Ah,,AGM,Sprinter,S12V550NGF V0,957,ok,Y,,
2803,"Аккумулятор CSB HR1251W F2 (AGM, 13Ah)",akkumulyatory/dlya_ibp/agm,https://microchips.by/catalog/akkumulyatory/dlya_ibp/agm/2803/,13Ah,,AGM,CSB,HR1251W F2,225,ok,Y,,
2804,"Аккумулятор Marathon L12V15 (AGM, 15Ah)",akkumulyatory/dlya_ibp/agm,https://microchips.by/catalog/akkumulyatory/dlya_ibp/agm/2804/,15Ah,,AGM,Marathon,L12V15,327.5,ok,Y,,
2806,"Аккумулятор Leoch DJM 12140 (AGM, 140Ah)",akkumulyatory/dlya_ibp/agm,https://microchips.by/catalog/akkumulyatory/dlya_ibp/agm/2806/,140Ah,,AGM,Leoch,DJM 12140,704,ok,Y,,
2807,"Аккумулятор Sonnenschein A512/140 A для ИБП (GEL, 140Ah)",akkumulyatory/dlya_ibp/gelevye,https://microchips.by/catalog/akkumulyatory/dlya_ibp/gelevye/2807/,140Ah,,GEL,Sonnenschein,A512/140 A,1530,ok,Y,,
2808,"Аккумулятор Sonnenschein A706/140 для ИБП (GEL, 140Ah)",akkumulyatory/dlya_ibp/gelevye,https://microchips.by/catalog/akkumulyatory/dlya_ibp/gelevye/2808/,140Ah,,GEL,Sonnenschein,A706/140,1149,ok,Y,,
2809,"Аккумулятор Yuasa SWL1850-6FR (AGM, 150Ah)",akkumulyatory/dlya_ibp/agm,https://microchips.by/catalog/akkumulyatory/dlya_ibp/agm/2809/,150Ah,,AGM,Yuasa,SWL1850-6FR,1203,ok,Y,,
2810,"Аккумулятор CSB TPL121500 (AGM, 150Ah)",akkumulyatory/dlya_ibp/agm,https://microchips.by/catalog/akkumulyatory/dlya_ibp/agm/2810/,150Ah,,AGM,CSB,TPL121500,1800,ok,Y,,
2811,"Аккумулятор Leoch DJM 12150 (AGM, 150Ah)",akkumulyatory/dlya_ibp/agm,https://microchips.by/catalog/akkumulyatory/dlya_ibp/agm/2811/,150Ah,,AGM,Leoch,DJM 12150,744,ok,Y,,
2812,"Аккумулятор Leoch DJM 6150 (AGM, 150Ah)",akkumulyatory/dlya_ibp/agm,https://microchips.by/catalog/akkumulyatory/dlya_ibp/agm/2812/,150Ah,,AGM,Leoch,DJM 6150,346.5,ok,Y,,
2813,"Аккумулятор Marathon M12V155FT (AGM, 155Ah)",akkumulyatory/dlya_ibp/agm,https://microchips.by/catalog/akkumulyatory/dlya_ibp/agm/2813/,155Ah,,AGM,Marathon,M12V155FT,1234.5,ok,Y,,
2814,"Аккумулятор Marathon M12V155FT V0 (AGM, 150Ah)",akkumulyatory/dlya_ibp/agm,https://microchips.by/catalog/akkumulyatory/dlya_ibp/agm/2814/,150Ah,,AGM,Marathon,M12V155FT V0,1954,ok,Y,,
2815,"Аккумулятор Sprinter S6V740 (AGM, 150Ah)",akkumulyatory/dlya_ibp/agm,https://microchips.by/catalog/akkumulyatory/dlya_ibp/agm/2815/,150Ah,,AGM,Sprinter,S6V740,786,ok,Y,,
2816,"Аккумулятор WBR GPL 121500 (AGM, 150Ah)",akkumulyatory/dlya_ibp/agm,https://microchips.by/catalog/akkumulyatory/dlya_ibp/agm/2816/,150Ah,,AGM,WBR,GPL 121500,637,ok,Y,,
2817,"Аккумулятор WBR TPL 121500 (AGM, 150Ah)",akkumulyatory/dlya_ibp/agm,https://microchips.by/catalog/akkumulyatory/dlya_ibp/agm/2817/,150Ah,,AGM,WBR,TPL 121500,672,ok,Y,,
2818,"Аккумулятор Восток PRO TC-12150 (AGM, 150Ah)",akkumulyatory/dlya_ibp/agm,https://microchips.by/catalog/akkumulyatory/dlya_ibp/agm/2818/,150Ah,,AGM,Восток,PRO TC-12150,910,ok,Y,,
2819,"Аккумулятор Восток PRO СК-12150 (AGM, 150Ah)",akkumulyatory/dlya_ibp/agm,https://microchips.by/catalog/akkumulyatory/dlya_ibp/agm/2819/,150Ah,,AGM,Восток,PRO СК-12150,810,ok,Y,,
2820,"Аккумулятор Sprinter XP12V4400FT (AGM, 155Ah)",akkumulyatory/dlya_ibp/agm,https://microchips.by/catalog/akkumulyatory/dlya_ibp/agm/2820/,155Ah,,AGM,Sprinter,XP12V4400FT,1407,ok,Y,,
2822,"Аккумулятор WBR TPL 121550 (AGM, 155Ah)",akkumulyatory/dlya_ibp/agm,https://microchips.by/catalog/akkumulyatory/dlya_ibp/agm/2822/,155Ah,,AGM,WBR,TPL 121550,746,ok,Y,,
2823,"Аккумулятор Sonnenschein A406/165 A для ИБП (GEL, 165Ah)",akkumulyatory/dlya_ibp/gelevye,https://microchips.by/catalog/akkumulyatory/dlya_ibp/gelevye/2823/,165Ah,,GEL,Sonnenschein,A406/165 A,1687,ok,Y,,
2825,"Аккумулятор Sonnenschein A512/16 G5 для ИБП (GEL, 16Ah)",akkumulyatory/dlya_ibp/gelevye,https://microchips.by/catalog/akkumulyatory/dlya_ibp/gelevye/2825/,16Ah,,GEL,Sonnenschein,A512/16 G5,294,ok,Y,,
2826,"Аккумулятор Sonnenschein A412/170FT для ИБП (GEL, 170Ah)",akkumulyatory/dlya_ibp/gelevye,https://microchips.by/catalog/akkumulyatory/dlya_ibp/gelevye/2826/,170Ah,,GEL,Sonnenschein,A412/170FT,1705,ok,Y,,
2827,"Аккумулятор Marathon M12V180FT V0 (AGM, 180Ah)",akkumulyatory/dlya_ibp/agm,https://microchips.by/catalog/akkumulyatory/dlya_ibp/agm/2827/,180Ah,,AGM,Marathon,M12V180FT V0,2491,ok,Y,,
2828,"Аккумулятор Sonnenschein A706/175 для ИБП (GEL, 175Ah)",akkumulyatory/dlya_ibp/gelevye,https://microchips.by/catalog/akkumulyatory/dlya_ibp/gelevye/2828/,175Ah,,GEL,Sonnenschein,A706/175,1855,ok,Y,,
2829,"Аккумулятор CSB GP12170 (AGM, 17Ah)",akkumulyatory/dlya_ibp/agm,https://microchips.by/catalog/akkumulyatory/dlya_ibp/agm/2829/,17Ah,,AGM,CSB,GP12170,141,ok,Y,,
2830,"Аккумулятор Security Force SF 1217 (AGM, 17Ah)",akkumulyatory/dlya_ibp/agm,https://microchips.by/catalog/akkumulyatory/dlya_ibp/agm/2830/,17Ah,,AGM,Security Force,SF 1217,68,ok,Y,,
2831,"Аккумулятор Sonnenschein Dryfit Solar S 12/17 G5 для ИБП (GEL, 17Ah)",akkumulyatory/dlya_ibp/gelevye,https://microchips.by/catalog/akkumulyatory/dlya_ibp/gelevye/2831/,17Ah,,GEL,Sonnenschein,Dryfit Solar S 12/17 G5,610,ok,Y,,
2832,"Аккумулятор WBR GP 12170 (AGM, 17Ah)",akkumulyatory/dlya_ibp/agm,https://microchips.by/catalog/akkumulyatory/dlya_ibp/agm/2832/,17Ah,,AGM,WBR,GP 12170,85.5,ok,Y,,
2833,"Аккумулятор Yuasa NP 17-12I (AGM, 17Ah)",akkumulyatory/dlya_ibp/agm,https://microchips.by/catalog/akkumulyatory/dlya_ibp/agm/2833/,17Ah,,AGM,Yuasa,NP 17-12I,140.5,ok,Y,,
2834,"Аккумулятор Leoch DJM 12180 (AGM, 180Ah)",akkumulyatory/dlya_ibp/agm,https://microchips.by/catalog/akkumulyatory/dlya_ibp/agm/2834/,180Ah,,AGM,Leoch,DJM 12180,829,ok,Y,,
2835,"Аккумулятор Sonnenschein A412/180 A для ИБП (GEL, 180Ah)",akkumulyatory/dlya_ibp/gelevye,https://microchips.by/catalog/akkumulyatory/dlya_ibp/gelevye/2835/,180Ah,,GEL,Sonnenschein,A412/180 A,1913,ok,Y,,
2837,"Аккумулятор Sonnenschein A412/180 F10 для ИБП (GEL, 180Ah)",akkumulyatory/dlya_ibp/gelevye,https://microchips.by/catalog/akkumulyatory/dlya_ibp/gelevye/2837/,180Ah,,GEL,Sonnenschein,A412/180 F10,2170,ok,Y,,
2839,"Аккумулятор Yuasa SWL2500-6 (AGM, 180Ah)",akkumulyatory/dlya_ibp/agm,https://microchips.by/catalog/akkumulyatory/dlya_ibp/agm/2839/,180Ah,,AGM,Yuasa,SWL2500-6,810,ok,Y,,
2840,"Аккумулятор Восток PRO TC-12180 (AGM, 180Ah)",akkumulyatory/dlya_ibp/agm,https://microchips.by/catalog/akkumulyatory/dlya_ibp/agm/2840/,180Ah,,AGM,Восток,PRO TC-12180,1011.5,ok,Y,,
2842,"Аккумулятор Sonnenschein A606/200 V0 для ИБП (GEL, 185Ah)",akkumulyatory/dlya_ibp/gelevye,https://microchips.by/catalog/akkumulyatory/dlya_ibp/gelevye/2842/,185Ah,,GEL,Sonnenschein,A606/200 V0,2160,ok,Y,,
2843,"Аккумулятор Sonnenschein Dryfit Solar Block SB 12/185 A для ИБП (GEL, 185Ah)",akkumulyatory/dlya_ibp/gelevye,https://microchips.by/catalog/akkumulyatory/dlya_ibp/gelevye/2843/,185Ah,,GEL,Sonnenschein,Dryfit Solar Block SB 12/185 A,1590,ok,Y,,
2844,"Аккумулятор Sprinter XP12V5300FT (AGM, 186Ah)",akkumulyatory/dlya_ibp/agm,https://microchips.by/catalog/akkumulyatory/dlya_ibp/agm/2844/,186Ah,,AGM,Sprinter,XP12V5300FT,1654,ok,Y,,
2846,"Аккумулятор Marathon XL6V180 (AGM, 187Ah)",akkumulyatory/dlya_ibp/agm,https://microchips.by/catalog/akkumulyatory/dlya_ibp/agm/2846/,187Ah,,AGM,Marathon,XL6V180,752,ok,Y,,
2847,"Аккумулятор Marathon XL6V180 V0 (AGM, 187Ah)",akkumulyatory/dlya_ibp/agm,https://microchips.by/catalog/akkumulyatory/dlya_ibp/agm/2847/,187Ah,,AGM,Marathon,XL6V180 V0,759,ok,Y,,
2848,"Аккумулятор Alarm Force FB 18-12 (AGM, 18Ah)",akkumulyatory/dlya_ibp/agm,https://microchips.by/catalog/akkumulyatory/dlya_ibp/agm/2848/,18Ah,,AGM,Alarm Force,FB 18-12,114.25,ok,Y,,
2849,"Аккумулятор General Security GS 18-12 для ИБП (AGM, 18Ah)",akkumulyatory/dlya_ibp/agm,https://microchips.by/catalog/akkumulyatory/dlya_ibp/agm/2849/,18Ah,,AGM,General Security,GS 18-12,81,ok,Y,,
2850,"Аккумулятор General Security GSL 18-12 (AGM, 18Ah)",akkumulyatory/dlya_ibp/agm,https://microchips.by/catalog/akkumulyatory/dlya_ibp/agm/2850/,18Ah,,AGM,General Security,GSL 18-12,96,ok,Y,,
2851,"Аккумулятор Leoch DJW 12-18 (AGM, 18Ah)",akkumulyatory/dlya_ibp/agm,https://microchips.by/catalog/akkumulyatory/dlya_ibp/agm/2851/,18Ah,,AGM,Leoch,DJW 12-18,65,ok,Y,,
2852,"Аккумулятор Optimus OP 1218 (AGM, 18Ah)",akkumulyatory/dlya_ibp/agm,https://microchips.by/catalog/akkumulyatory/dlya_ibp/agm/2852/,18Ah,,AGM,Optimus,OP 1218,59,ok,Y,,
2853,"Аккумулятор Security Force SF 1218 (AGM, 18Ah)",akkumulyatory/dlya_ibp/agm,https://microchips.by/catalog/akkumulyatory/dlya_ibp/agm/2853/,18Ah,,AGM,Security Force,SF 1218,69,ok,Y,,
2854,"Аккумулятор Восток PRO СК-1218 (AGM, 18Ah)",akkumulyatory/dlya_ibp/agm,https://microchips.by/catalog/akkumulyatory/dlya_ibp/agm/2854/,18Ah,,AGM,Восток,PRO СК-1218,88,ok,Y,,
2855,"Аккумулятор Sprinter XP6V2800 (AGM, 195Ah)",akkumulyatory/dlya_ibp/agm,https://microchips.by/catalog/akkumulyatory/dlya_ibp/agm/2855/,195Ah,,AGM,Sprinter,XP6V2800,1139,ok,Y,,
2857,"Аккумулятор Yuasa NP 2.1-12 (AGM, 2.1Ah)",akkumulyatory/dlya_ibp/agm,https://microchips.by/catalog/akkumulyatory/dlya_ibp/agm/2857/,2.1Ah,,AGM,Yuasa,NP 2.1-12,44.5,ok,Y,,
2858,"Аккумулятор Optimus OP 12022 (AGM, 2.2Ah)",akkumulyatory/dlya_ibp/agm,https://microchips.by/catalog/akkumulyatory/dlya_ibp/agm/2858/,2.2Ah,,AGM,Optimus,OP 12022,15,ok,Y,,
2859,"Аккумулятор Security Force SF 12022 (AGM, 2.2Ah)",akkumulyatory/dlya_ibp/agm,https://microchips.by/catalog/akkumulyatory/dlya_ibp/agm/2859/,2.2Ah,,AGM,Security Force,SF 12022,18,ok,Y,,
2860,"Аккумулятор General Security GS 2.3-12 (AGM, 2.3Ah)",akkumulyatory/dlya_ibp/agm,https://microchips.by/catalog/akkumulyatory/dlya_ibp/agm/2860/,2.3Ah,,AGM,General Security,GS 2.3-12,25,ok,Y,,
2861,"Аккумулятор General Security GSL 2.3-12 (AGM, 2.3Ah)",akkumulyatory/dlya_ibp/agm,https://microchips.by/catalog/akkumulyatory/dlya_ibp/agm/2861/,2.3Ah,,AGM,General Security,GSL 2.3-12,24,ok,Y,,
2862,"Аккумулятор Leoch DJW 12-2.3 (AGM, 2.3Ah)",akkumulyatory/dlya_ibp/agm,https://microchips.by/catalog/akkumulyatory/dlya_ibp/agm/2862/,2.3Ah,,AGM,Leoch,DJW 12-2.3,21.5,ok,Y,,
2865,"Аккумулятор CSB HRL1210W F2FR (AGM, 2.6Ah)",akkumulyatory/dlya_ibp/agm,https://microchips.by/catalog/akkumulyatory/dlya_ibp/agm/2865/,2.6Ah,,AGM,CSB,HRL1210W F2FR,99,ok,Y,,
2866,"Аккумулятор Fiamm FG20271 (AGM, 2.7Ah)",akkumulyatory/dlya_ibp/agm,https://microchips.by/catalog/akkumulyatory/dlya_ibp/agm/2866/,2.7Ah,,AGM,Fiamm,FG20271,42.5,ok,Y,,
2867,"Аккумулятор General Security GS 2.8-6 (AGM, 2.8Ah)",akkumulyatory/dlya_ibp/agm,https://microchips.by/catalog/akkumulyatory/dlya_ibp/agm/2867/,2.8Ah,,AGM,General Security,GS 2.8-6,24,ok,Y,,
2868,"Аккумулятор General Security GSL 2.8-6 (AGM, 2.8Ah)",akkumulyatory/dlya_ibp/agm,https://microchips.by/catalog/akkumulyatory/dlya_ibp/agm/2868/,2.8Ah,,AGM,General Security,GSL 2.8-6,21,ok,Y,,
2869,"Аккумулятор Leoch DJW 6-2.8 (AGM, 2.8Ah)",akkumulyatory/dlya_ibp/agm,https://microchips.by/catalog/akkumulyatory/dlya_ibp/agm/2869/,2.8Ah,,AGM,Leoch,DJW 6-2.8,13,ok,Y,,
2870,"Аккумулятор Fiamm 12FLB800 P (AGM, 200Ah)",akkumulyatory/dlya_ibp/agm,https://microchips.by/catalog/akkumulyatory/dlya_ibp/agm/2870/,200Ah,,AGM,Fiamm,12FLB800 P,1365,ok,Y,,
2871,"Аккумулятор Fiamm 12FGL205 (AGM, 205Ah)",akkumulyatory/dlya_ibp/agm,https://microchips.by/catalog/akkumulyatory/dlya_ibp/agm/2871/,205Ah,,AGM,Fiamm,12FGL205,2160,ok,Y,,
2872,"Аккумулятор Fiamm 4SLA200 (AGM, 200Ah)",akkumulyatory/dlya_ibp/agm,https://microchips.by/catalog/akkumulyatory/dlya_ibp/agm/2872/,200Ah,,AGM,Fiamm,4SLA200,642.5,ok,Y,,
2873,"Аккумулятор Fiamm 6FLB800 (AGM, 200Ah)",akkumulyatory/dlya_ibp/agm,https://microchips.by/catalog/akkumulyatory/dlya_ibp/agm/2873/,200Ah,,AGM,Fiamm,6FLB800,1034.5,ok,Y,,
2874,"Аккумулятор Fiamm 6SLA200 (AGM, 200Ah)",akkumulyatory/dlya_ibp/agm,https://microchips.by/catalog/akkumulyatory/dlya_ibp/agm/2874/,200Ah,,AGM,Fiamm,6SLA200,903,ok,Y,,
2875,"Аккумулятор Fiamm FG2M009 (AGM, 200Ah)",akkumulyatory/dlya_ibp/agm,https://microchips.by/catalog/akkumulyatory/dlya_ibp/agm/2875/,200Ah,,AGM,Fiamm,FG2M009,68,ok,Y,,
2876,"Аккумулятор General Security GSL 200-12 (AGM, 200Ah)",akkumulyatory/dlya_ibp/agm,https://microchips.by/catalog/akkumulyatory/dlya_ibp/agm/2876/,200Ah,,AGM,General Security,GSL 200-12,1057,ok,Y,,
2877,"Аккумулятор Leoch DJM 12200 (AGM, 200Ah)",akkumulyatory/dlya_ibp/agm,https://microchips.by/catalog/akkumulyatory/dlya_ibp/agm/2877/,200Ah,,AGM,Leoch,DJM 12200,991,ok,Y,,
2878,"Аккумулятор Leoch DJM 6200 (AGM, 200Ah)",akkumulyatory/dlya_ibp/agm,https://microchips.by/catalog/akkumulyatory/dlya_ibp/agm/2878/,200Ah,,AGM,Leoch,DJM 6200,454,ok,Y,,
2879,"Аккумулятор Marathon M6V200FT (AGM, 200Ah)",akkumulyatory/dlya_ibp/agm,https://microchips.by/catalog/akkumulyatory/dlya_ibp/agm/2879/,200Ah,,AGM,Marathon,M6V200FT,892,ok,Y,,
2880,"Аккумулятор Marathon M6V200FT V0 (AGM, 200Ah)",akkumulyatory/dlya_ibp/agm,https://microchips.by/catalog/akkumulyatory/dlya_ibp/agm/2880/,200Ah,,AGM,Marathon,M6V200FT V0,1034,ok,Y,,
2881,"Аккумулятор Sonnenschein A512/200 A для ИБП (GEL, 200Ah)",akkumulyatory/dlya_ibp/gelevye,https://microchips.by/catalog/akkumulyatory/dlya_ibp/gelevye/2881/,200Ah,,GEL,Sonnenschein,A512/200 A,2413,ok,Y,,
2882,"Аккумулятор Sonnenschein Dryfit Solar Block SB 6/200 A для ИБП (GEL, 200Ah)",akkumulyatory/dlya_ibp/gelevye,https://microchips.by/catalog/akkumulyatory/dlya_ibp/gelevye/2882/,200Ah,,GEL,Sonnenschein,Dryfit Solar Block SB 6/200 A,1802,ok,Y,,
2883,"Аккумулятор WBR GPL 122000 (AGM, 200Ah)",akkumulyatory/dlya_ibp/agm,https://microchips.by/catalog/akkumulyatory/dlya_ibp/agm/2883/,200Ah,,AGM,WBR,GPL 122000,929,ok,Y,,
2884,"Аккумулятор Yuasa NPL200-6 (AGM, 200Ah)",akkumulyatory/dlya_ibp/agm,https://microchips.by/catalog/akkumulyatory/dlya_ibp/agm/2884/,200Ah,,AGM,Yuasa,NPL200-6,1367,ok,Y,,
2885,"Аккумулятор Восток PRO СX-12200 (AGM, 200Ah)",akkumulyatory/dlya_ibp/agm,https://microchips.by/catalog/akkumulyatory/dlya_ibp/agm/2885/,200Ah,,AGM,Восток,PRO СX-12200,980,ok,Y,,
2886,"Аккумулятор Восток PRO СК-12200 (AGM, 200Ah)",akkumulyatory/dlya_ibp/agm,https://microchips.by/catalog/akkumulyatory/dlya_ibp/agm/2886/,200Ah,,AGM,Восток,PRO СК-12200,907.5,ok,Y,,
2888,"Аккумулятор CSB GP12200 (AGM, 20Ah)",akkumulyatory/dlya_ibp/agm,https://microchips.by/catalog/akkumulyatory/dlya_ibp/agm/2888/,20Ah,,AGM,CSB,GP12200,200,ok,Y,,
2889,"Аккумулятор CSB HRL1280W FR (AGM, 20Ah)",akkumulyatory/dlya_ibp/agm,https://microchips.by/catalog/akkumulyatory/dlya_ibp/agm/2889/,20Ah,,AGM,CSB,HRL1280W FR,355,ok,Y,,
2890,"Аккумулятор Delta CT 1220 (AGM, 20Ah)",akkumulyatory/dlya_ibp/agm,https://microchips.by/catalog/akkumulyatory/dlya_ibp/agm/2890/,20Ah,,AGM,Delta,CT 1220,195,ok,Y,,
2891,"Аккумулятор Delta HR 12-80W (AGM, 20Ah)",akkumulyatory/dlya_ibp/agm,https://microchips.by/catalog/akkumulyatory/dlya_ibp/agm/2891/,20Ah,,AGM,Delta,HR 12-80W,149,ok,Y,,
2892,"Аккумулятор Sonnenschein A412/20 G5 для ИБП (GEL, 20Ah)",akkumulyatory/dlya_ibp/gelevye,https://microchips.by/catalog/akkumulyatory/dlya_ibp/gelevye/2892/,20Ah,,GEL,Sonnenschein,A412/20 G5,313,ok,Y,,
2893,"Аккумулятор Sonnenschein A706/210 для ИБП (GEL, 210Ah)",akkumulyatory/dlya_ibp/gelevye,https://microchips.by/catalog/akkumulyatory/dlya_ibp/gelevye/2893/,210Ah,,GEL,Sonnenschein,A706/210,2143,ok,Y,,
2894,"Аккумулятор Sonnenschein A706/21 для ИБП (GEL, 21Ah)",akkumulyatory/dlya_ibp/gelevye,https://microchips.by/catalog/akkumulyatory/dlya_ibp/gelevye/2894/,21Ah,,GEL,Sonnenschein,A706/21,342,ok,Y,,
2895,"Аккумулятор Yuasa SWL750 (AGM, 23Ah)",akkumulyatory/dlya_ibp/agm,https://microchips.by/catalog/akkumulyatory/dlya_ibp/agm/2895/,23Ah,,AGM,Yuasa,SWL750,639,ok,Y,,
2896,"Аккумулятор Delta DTM 12230 L (AGM, 230Ah)",akkumulyatory/dlya_ibp/agm,https://microchips.by/catalog/akkumulyatory/dlya_ibp/agm/2896/,230Ah,,AGM,Delta,DTM 12230 L,1386,ok,Y,,
2897,"Аккумулятор Sonnenschein Dryfit Solar S 12/230 A для ИБП (GEL, 230Ah)",akkumulyatory/dlya_ibp/gelevye,https://microchips.by/catalog/akkumulyatory/dlya_ibp/gelevye/2897/,230Ah,,GEL,Sonnenschein,Dryfit Solar S 12/230 A,1730,ok,Y,,
2898,"Аккумулятор Sonnenschein A704/245 для ИБП (GEL, 245Ah)",akkumulyatory/dlya_ibp/gelevye,https://microchips.by/catalog/akkumulyatory/dlya_ibp/gelevye/2898/,245Ah,,GEL,Sonnenschein,A704/245,2350,ok,Y,,
2899,"Аккумулятор Fiamm 12SLA26 (AGM, 24Ah)",akkumulyatory/dlya_ibp/agm,https://microchips.by/catalog/akkumulyatory/dlya_ibp/agm/2899/,24Ah,,AGM,Fiamm,12SLA26,317,ok,Y,,
2900,"Аккумулятор Leoch DJW 12-24 (AGM, 24Ah)",akkumulyatory/dlya_ibp/agm,https://microchips.by/catalog/akkumulyatory/dlya_ibp/agm/2900/,24Ah,,AGM,Leoch,DJW 12-24,119,ok,Y,,
2901,"Аккумулятор Marathon L12V24 (AGM, 24Ah)",akkumulyatory/dlya_ibp/agm,https://microchips.by/catalog/akkumulyatory/dlya_ibp/agm/2901/,24Ah,,AGM,Marathon,L12V24,317.5,ok,Y,,
2905,"Аккумулятор Yuasa NP 24-12I (AGM, 24Ah)",akkumulyatory/dlya_ibp/agm,https://microchips.by/catalog/akkumulyatory/dlya_ibp/agm/2905/,24Ah,,AGM,Yuasa,NP 24-12I,245.5,ok,Y,,
2906,"Аккумулятор Yuasa NPL 24-12l (AGM, 24Ah)",akkumulyatory/dlya_ibp/agm,https://microchips.by/catalog/akkumulyatory/dlya_ibp/agm/2906/,24Ah,,AGM,Yuasa,NPL 24-12l,274,ok,Y,,
2907,"Аккумулятор Delta DTM 12250 L (AGM, 250Ah)",akkumulyatory/dlya_ibp/agm,https://microchips.by/catalog/akkumulyatory/dlya_ibp/agm/2907/,250Ah,,AGM,Delta,DTM 12250 L,2025,ok,Y,,
2908,"Аккумулятор Leoch DJM 12250 (AGM, 250Ah)",akkumulyatory/dlya_ibp/agm,https://microchips.by/catalog/akkumulyatory/dlya_ibp/agm/2908/,250Ah,,AGM,Leoch,DJM 12250,1120.5,ok,Y,,
2909,"Аккумулятор MNB MNG 250-12 для ИБП (GEL, 250Ah)",akkumulyatory/dlya_ibp/gelevye,https://microchips.by/catalog/akkumulyatory/dlya_ibp/gelevye/2909/,250Ah,,GEL,MNB,MNG 250-12,1416,ok,Y,,
2910,"Аккумулятор Восток PRO СК-12250 (AGM, 250Ah)",akkumulyatory/dlya_ibp/agm,https://microchips.by/catalog/akkumulyatory/dlya_ibp/agm/2910/,250Ah,,AGM,Восток,PRO СК-12250,1098,ok,Y,,
2911,"Аккумулятор Sonnenschein A512/25 G5 для ИБП (GEL, 25Ah)",akkumulyatory/dlya_ibp/gelevye,https://microchips.by/catalog/akkumulyatory/dlya_ibp/gelevye/2911/,25Ah,,GEL,Sonnenschein,A512/25 G5,377,ok,Y,,
2912,"Аккумулятор CSB GP12260 (AGM, 26Ah)",akkumulyatory/dlya_ibp/agm,https://microchips.by/catalog/akkumulyatory/dlya_ibp/agm/2912/,26Ah,,AGM,CSB,GP12260,199,ok,Y,,
2913,"Аккумулятор CSB GPL12260 (AGM, 26Ah)",akkumulyatory/dlya_ibp/agm,https://microchips.by/catalog/akkumulyatory/dlya_ibp/agm/2913/,26Ah,,AGM,CSB,GPL12260,404,ok,Y,,
2914,"Аккумулятор Delta DT 1226 (AGM, 26Ah)",akkumulyatory/dlya_ibp/agm,https://microchips.by/catalog/akkumulyatory/dlya_ibp/agm/2914/,26Ah,,AGM,Delta,DT 1226,152,ok,Y,,
2915,"Аккумулятор Delta DTM 1226 (AGM, 26Ah)",akkumulyatory/dlya_ibp/agm,https://microchips.by/catalog/akkumulyatory/dlya_ibp/agm/2915/,26Ah,,AGM,Delta,DTM 1226,181,ok,Y,,
2916,"Аккумулятор Delta HRL 12-155W (AGM, 26Ah)",akkumulyatory/dlya_ibp/agm,https://microchips.by/catalog/akkumulyatory/dlya_ibp/agm/2916/,26Ah,,AGM,Delta,HRL 12-155W,172,ok,Y,,
2917,"Аккумулятор Fiamm 12FLB100 P (AGM, 26Ah)",akkumulyatory/dlya_ibp/agm,https://microchips.by/catalog/akkumulyatory/dlya_ibp/agm/2917/,26Ah,,AGM,Fiamm,12FLB100 P,249,ok,Y,,
2918,"Аккумулятор General Security GS 26-12 (AGM, 26Ah)",akkumulyatory/dlya_ibp/agm,https://microchips.by/catalog/akkumulyatory/dlya_ibp/agm/2918/,26Ah,,AGM,General Security,GS 26-12,148,ok,Y,,
2919,"Аккумулятор General Security GSL 26-12 (AGM, 26Ah)",akkumulyatory/dlya_ibp/agm,https://microchips.by/catalog/akkumulyatory/dlya_ibp/agm/2919/,26Ah,,AGM,General Security,GSL 26-12,,zero_or_invalid,Y,,
2920,"Аккумулятор Leoch DJW 12-26 (AGM, 26Ah)",akkumulyatory/dlya_ibp/agm,https://microchips.by/catalog/akkumulyatory/dlya_ibp/agm/2920/,26Ah,,AGM,Leoch,DJW 12-26,130.5,ok,Y,,
2921,"Аккумулятор MNB MS 26-12 (AGM, 26Ah)",akkumulyatory/dlya_ibp/agm,https://microchips.by/catalog/akkumulyatory/dlya_ibp/agm/2921/,26Ah,,AGM,MNB,MS 26-12,170,ok,Y,,
2922,"Аккумулятор Optimus OP 1226 (AGM, 26Ah)",akkumulyatory/dlya_ibp/agm,https://microchips.by/catalog/akkumulyatory/dlya_ibp/agm/2922/,26Ah,,AGM,Optimus,OP 1226,88,ok,Y,,
2923,"Аккумулятор Security Force SF 1226 (AGM, 26Ah)",akkumulyatory/dlya_ibp/agm,https://microchips.by/catalog/akkumulyatory/dlya_ibp/agm/2923/,26Ah,,AGM,Security Force,SF 1226,65.5,ok,Y,,
2924,"Аккумулятор Sprinter P12V600 (AGM, 26Ah)",akkumulyatory/dlya_ibp/agm,https://microchips.by/catalog/akkumulyatory/dlya_ibp/agm/2924/,26Ah,,AGM,Sprinter,P12V600,512,ok,Y,,
2926,"Аккумулятор WBR GP 12260 (AGM, 26Ah)",akkumulyatory/dlya_ibp/agm,https://microchips.by/catalog/akkumulyatory/dlya_ibp/agm/2926/,26Ah,,AGM,WBR,GP 12260,142.5,ok,Y,,
2927,"Аккумулятор Восток PRO СК-1226 (AGM, 26Ah)",akkumulyatory/dlya_ibp/agm,https://microchips.by/catalog/akkumulyatory/dlya_ibp/agm/2927/,26Ah,,AGM,Восток,PRO СК-1226,65.5,ok,Y,,
2929,"Аккумулятор Sonnenschein A606/300 V0 для ИБП (GEL, 300Ah)",akkumulyatory/dlya_ibp/gelevye,https://microchips.by/catalog/akkumulyatory/dlya_ibp/gelevye/2929/,300Ah,,GEL,Sonnenschein,A606/300 V0,2765,ok,Y,,
2930,"Аккумулятор Fiamm 12FGL27 (AGM, 27Ah)",akkumulyatory/dlya_ibp/agm,https://microchips.by/catalog/akkumulyatory/dlya_ibp/agm/2930/,27Ah,,AGM,Fiamm,12FGL27,215,ok,Y,,
2931,"Аккумулятор Fiamm FG22703 (AGM, 27Ah)",akkumulyatory/dlya_ibp/agm,https://microchips.by/catalog/akkumulyatory/dlya_ibp/agm/2931/,27Ah,,AGM,Fiamm,FG22703,188.5,ok,Y,,
2932,"Аккумулятор Sonnenschein Dryfit Solar S 12/27 G5 для ИБП (GEL, 27Ah)",akkumulyatory/dlya_ibp/gelevye,https://microchips.by/catalog/akkumulyatory/dlya_ibp/gelevye/2932/,27Ah,,GEL,Sonnenschein,Dryfit Solar S 12/27 G5,635,ok,Y,,
2933,"Аккумулятор Sonnenschein A704/280 для ИБП (GEL, 280Ah)",akkumulyatory/dlya_ibp/gelevye,https://microchips.by/catalog/akkumulyatory/dlya_ibp/gelevye/2933/,280Ah,,GEL,Sonnenschein,A704/280,2814,ok,Y,,
2934,"Аккумулятор CSB HRL12110W FR (AGM, 28Ah)",akkumulyatory/dlya_ibp/agm,https://microchips.by/catalog/akkumulyatory/dlya_ibp/agm/2934/,28Ah,,AGM,CSB,HRL12110W FR,195,ok,Y,,
2935,"Аккумулятор Delta HRL 12-26 (AGM, 28Ah)",akkumulyatory/dlya_ibp/agm,https://microchips.by/catalog/akkumulyatory/dlya_ibp/agm/2935/,28Ah,,AGM,Delta,HRL 12-26,150,ok,Y,,
2936,"Аккумулятор Leoch DJW 12-28 (AGM, 28Ah)",akkumulyatory/dlya_ibp/agm,https://microchips.by/catalog/akkumulyatory/dlya_ibp/agm/2936/,28Ah,,AGM,Leoch,DJW 12-28,138,ok,Y,,
2937,"Аккумулятор Leoch DJW 12-28H (AGM, 28Ah)",akkumulyatory/dlya_ibp/agm,https://microchips.by/catalog/akkumulyatory/dlya_ibp/agm/2937/,28Ah,,AGM,Leoch,DJW 12-28H,,zero_or_invalid,Y,,
2938,"Аккумулятор MNB MМ 28-12 (AGM, 28Ah)",akkumulyatory/dlya_ibp/agm,https://microchips.by/catalog/akkumulyatory/dlya_ibp/agm/2938/,28Ah,,AGM,MNB,MМ 28-12,179.5,ok,Y,,
2939,"Аккумулятор Fiamm FG10301 (AGM, 3Ah)",akkumulyatory/dlya_ibp/agm,https://microchips.by/catalog/akkumulyatory/dlya_ibp/agm/2939/,3Ah,,AGM,Fiamm,FG10301,26,ok,Y,,
2940,"Аккумулятор Delta DTM 12032 (AGM, 3.2Ah)",akkumulyatory/dlya_ibp/agm,https://microchips.by/catalog/akkumulyatory/dlya_ibp/agm/2940/,3.2Ah,,AGM,Delta,DTM 12032,43,ok,Y,,
2941,"Аккумулятор Delta DTM 6032 (AGM, 3.2Ah)",akkumulyatory/dlya_ibp/agm,https://microchips.by/catalog/akkumulyatory/dlya_ibp/agm/2941/,3.2Ah,,AGM,Delta,DTM 6032,22,ok,Y,,
2942,"Аккумулятор General Security GS 3.2-12 (AGM, 3.2Ah)",akkumulyatory/dlya_ibp/agm,https://microchips.by/catalog/akkumulyatory/dlya_ibp/agm/2942/,3.2Ah,,AGM,General Security,GS 3.2-12,26,ok,Y,,
2943,"Аккумулятор General Security GS 3.2-6 (AGM, 3.2Ah)",akkumulyatory/dlya_ibp/agm,https://microchips.by/catalog/akkumulyatory/dlya_ibp/agm/2943/,3.2Ah,,AGM,General Security,GS 3.2-6,30,ok,Y,,
2945,"Аккумулятор General Security GSL 3.2-12 (AGM, 3.2Ah)",akkumulyatory/dlya_ibp/agm,https://microchips.by/catalog/akkumulyatory/dlya_ibp/agm/2945/,3.2Ah,,AGM,General Security,GSL 3.2-12,29,ok,Y,,
2946,"Аккумулятор General Security GSL 3.2-6 (AGM, 3.2Ah)",akkumulyatory/dlya_ibp/agm,https://microchips.by/catalog/akkumulyatory/dlya_ibp/agm/2946/,3.2Ah,,AGM,General Security,GSL 3.2-6,23,ok,Y,,
2947,"Аккумулятор Leoch DJW 12-3.2 (AGM, 3.2Ah)",akkumulyatory/dlya_ibp/agm,https://microchips.by/catalog/akkumulyatory/dlya_ibp/agm/2947/,3.2Ah,,AGM,Leoch,DJW 12-3.2,25,ok,Y,,
2948,"Аккумулятор Leoch DJW 6-3.2 (AGM, 3.2Ah)",akkumulyatory/dlya_ibp/agm,https://microchips.by/catalog/akkumulyatory/dlya_ibp/agm/2948/,3.2Ah,,AGM,Leoch,DJW 6-3.2,14,ok,Y,,
2949,"Аккумулятор MNB MS 3.2-6 F1 (AGM, 3.2Ah)",akkumulyatory/dlya_ibp/agm,https://microchips.by/catalog/akkumulyatory/dlya_ibp/agm/2949/,3.2Ah,,AGM,MNB,MS 3.2-6 F1,14.5,ok,Y,,
2950,"Аккумулятор WBR GP 632 (AGM, 3.2Ah)",akkumulyatory/dlya_ibp/agm,https://microchips.by/catalog/akkumulyatory/dlya_ibp/agm/2950/,3.2Ah,,AGM,WBR,GP 632,14.5,ok,Y,,
2951,"Аккумулятор Delta DT 12032 (AGM, 3.3Ah)",akkumulyatory/dlya_ibp/agm,https://microchips.by/catalog/akkumulyatory/dlya_ibp/agm/2951/,3.3Ah,,AGM,Delta,DT 12032,32,ok,Y,,
2952,"Аккумулятор Delta DT 6033 (AGM, 3.3Ah)",akkumulyatory/dlya_ibp/agm,https://microchips.by/catalog/akkumulyatory/dlya_ibp/agm/2952/,3.3Ah,,AGM,Delta,DT 6033,20,ok,Y,,
2953,"Аккумулятор MNB MS 3.3-12 F1 (AGM, 3.3Ah)",akkumulyatory/dlya_ibp/agm,https://microchips.by/catalog/akkumulyatory/dlya_ibp/agm/2953/,3.3Ah,,AGM,MNB,MS 3.3-12 F1,22,ok,Y,,
2954,"Аккумулятор Fiamm FG20341(AGM, 3.4Ah)",akkumulyatory/dlya_ibp/agm,https://microchips.by/catalog/akkumulyatory/dlya_ibp/agm/2954/,3.4Ah,,AGM,Fiamm,FG20341,43.5,ok,Y,,
2955,"Аккумулятор Delta DT 4035 (AGM, 3.5Ah)",akkumulyatory/dlya_ibp/agm,https://microchips.by/catalog/akkumulyatory/dlya_ibp/agm/2955/,3.5Ah,,AGM,Delta,DT 4035,18,ok,Y,,
2960,"Аккумулятор Fiamm FG10381 (AGM, 3.8Ah)",akkumulyatory/dlya_ibp/agm,https://microchips.by/catalog/akkumulyatory/dlya_ibp/agm/2960/,3.8Ah,,AGM,Fiamm,FG10381,30.5,ok,Y,,
2962,"Аккумулятор CSB HR12120W (AGM, 30Ah)",akkumulyatory/dlya_ibp/agm,https://microchips.by/catalog/akkumulyatory/dlya_ibp/agm/2962/,30Ah,,AGM,CSB,HR12120W,410,ok,Y,,
2963,"Аккумулятор Delta CT 1230 (AGM, 30Ah)",akkumulyatory/dlya_ibp/agm,https://microchips.by/catalog/akkumulyatory/dlya_ibp/agm/2963/,30Ah,,AGM,Delta,CT 1230,255,ok,Y,,
2964,"Аккумулятор Fiamm 12SLA30 (AGM, 30Ah)",akkumulyatory/dlya_ibp/agm,https://microchips.by/catalog/akkumulyatory/dlya_ibp/agm/2964/,30Ah,,AGM,Fiamm,12SLA30,14,ok,Y,,
2965,"Аккумулятор Sonnenschein A512/30 G6 для ИБП (GEL, 30Ah)",akkumulyatory/dlya_ibp/gelevye,https://microchips.by/catalog/akkumulyatory/dlya_ibp/gelevye/2965/,30Ah,,GEL,Sonnenschein,A512/30 G6,398,ok,Y,,
2966,"Аккумулятор Sonnenschein A412/32 F10 для ИБП (GEL, 32Ah)",akkumulyatory/dlya_ibp/gelevye,https://microchips.by/catalog/akkumulyatory/dlya_ibp/gelevye/2966/,32Ah,,GEL,Sonnenschein,A412/32 F10,405,ok,Y,,
2967,"Аккумулятор Sonnenschein A412/32 G6 для ИБП (GEL, 32Ah)",akkumulyatory/dlya_ibp/gelevye,https://microchips.by/catalog/akkumulyatory/dlya_ibp/gelevye/2967/,32Ah,,GEL,Sonnenschein,A412/32 G6,392,ok,Y,,
2969,"Аккумулятор Sonnenschein Dryfit Solar S 12/32 G6 для ИБП (GEL, 32Ah)",akkumulyatory/dlya_ibp/gelevye,https://microchips.by/catalog/akkumulyatory/dlya_ibp/gelevye/2969/,32Ah,,GEL,Sonnenschein,Dryfit Solar S 12/32 G6,420,ok,Y,,
2970,"Аккумулятор Sonnenschein Dryfit Solar Block SB 6/330 A для ИБП (GEL, 330Ah)",akkumulyatory/dlya_ibp/gelevye,https://microchips.by/catalog/akkumulyatory/dlya_ibp/gelevye/2970/,330Ah,,GEL,Sonnenschein,Dryfit Solar Block SB 6/330 A,47,ok,Y,,
2971,"Аккумулятор Delta DT 1233 (AGM, 33Ah)",akkumulyatory/dlya_ibp/agm,https://microchips.by/catalog/akkumulyatory/dlya_ibp/agm/2971/,33Ah,,AGM,Delta,DT 1233,228,ok,Y,,
2972,"Аккумулятор Delta DTM 1233 L (AGM, 33Ah)",akkumulyatory/dlya_ibp/agm,https://microchips.by/catalog/akkumulyatory/dlya_ibp/agm/2972/,33Ah,,AGM,Delta,DTM 1233 L,250,ok,Y,,
2973,"Аккумулятор Delta HRL 12-33 (AGM, 33Ah)",akkumulyatory/dlya_ibp/agm,https://microchips.by/catalog/akkumulyatory/dlya_ibp/agm/2973/,33Ah,,AGM,Delta,HRL 12-33,273,ok,Y,,
2975,"Аккумулятор General Security GS 33-12 (AGM, 33Ah)",akkumulyatory/dlya_ibp/agm,https://microchips.by/catalog/akkumulyatory/dlya_ibp/agm/2975/,33Ah,,AGM,General Security,GS 33-12,199,ok,Y,,
2976,"Аккумулятор General Security GSL 33-12 (AGM, 33Ah)",akkumulyatory/dlya_ibp/agm,https://microchips.by/catalog/akkumulyatory/dlya_ibp/agm/2976/,33Ah,,AGM,General Security,GSL 33-12,219,ok,Y,,
2977,"Аккумулятор Leoch DJW 12-33 (AGM, 33Ah)",akkumulyatory/dlya_ibp/agm,https://microchips.by/catalog/akkumulyatory/dlya_ibp/agm/2977/,33Ah,,AGM,Leoch,DJW 12-33,185,ok,Y,,
2978,"Аккумулятор Marathon L12V32 (AGM, 32Ah)",akkumulyatory/dlya_ibp/agm,https://microchips.by/catalog/akkumulyatory/dlya_ibp/agm/2978/,32Ah,,AGM,Marathon,L12V32,401.5,ok,Y,,
2979,"Аккумулятор Marathon L12V32 V0 (AGM, 32Ah)",akkumulyatory/dlya_ibp/agm,https://microchips.by/catalog/akkumulyatory/dlya_ibp/agm/2979/,32Ah,,AGM,Marathon,L12V32 V0,418,ok,Y,,
2980,"Аккумулятор MNB MM 33-12 (AGM, 33Ah)",akkumulyatory/dlya_ibp/agm,https://microchips.by/catalog/akkumulyatory/dlya_ibp/agm/2980/,33Ah,,AGM,MNB,MM 33-12,192,ok,Y,,
2981,"Аккумулятор MNB MNG 33-12 для ИБП (GEL, 33Ah)",akkumulyatory/dlya_ibp/gelevye,https://microchips.by/catalog/akkumulyatory/dlya_ibp/gelevye/2981/,33Ah,,GEL,MNB,MNG 33-12,220,ok,Y,,
2982,"Аккумулятор Восток PRO СК-1233 (AGM, 33Ah)",akkumulyatory/dlya_ibp/agm,https://microchips.by/catalog/akkumulyatory/dlya_ibp/agm/2982/,33Ah,,AGM,Восток,PRO СК-1233,182,ok,Y,,
2983,"Аккумулятор CSB GP12340 (AGM, 34Ah)",akkumulyatory/dlya_ibp/agm,https://microchips.by/catalog/akkumulyatory/dlya_ibp/agm/2983/,34Ah,,AGM,CSB,GP12340,258,ok,Y,,
2985,"Аккумулятор Marathon M12V35FT (AGM, 35Ah)",akkumulyatory/dlya_ibp/agm,https://microchips.by/catalog/akkumulyatory/dlya_ibp/agm/2985/,35Ah,,AGM,Marathon,M12V35FT,597,ok,Y,,
2986,"Аккумулятор Marathon M12V35FT V0 (AGM, 35Ah)",akkumulyatory/dlya_ibp/agm,https://microchips.by/catalog/akkumulyatory/dlya_ibp/agm/2986/,35Ah,,AGM,Marathon,M12V35FT V0,514,ok,Y,,
2987,"Аккумулятор Marathon M12V40 (AGM, 37Ah)",akkumulyatory/dlya_ibp/agm,https://microchips.by/catalog/akkumulyatory/dlya_ibp/agm/2987/,37Ah,,AGM,Marathon,M12V40,397,ok,Y,,
2988,"Аккумулятор Marathon M12V40 F V0 (AGM, 37Ah)",akkumulyatory/dlya_ibp/agm,https://microchips.by/catalog/akkumulyatory/dlya_ibp/agm/2988/,37Ah,,AGM,Marathon,M12V40 F V0,,zero_or_invalid,Y,,
2989,"Аккумулятор Leoch DJM 1238 (AGM, 38Ah)",akkumulyatory/dlya_ibp/agm,https://microchips.by/catalog/akkumulyatory/dlya_ibp/agm/2989/,38Ah,,AGM,Leoch,DJM 1238,214,ok,Y,,
2990,"Аккумулятор CSB HRL12150W (AGM, 38Ah)",akkumulyatory/dlya_ibp/agm,https://microchips.by/catalog/akkumulyatory/dlya_ibp/agm/2990/,38Ah,,AGM,CSB,HRL12150W,650,ok,Y,,
2991,"Аккумулятор MNB MM 38-12 (AGM, 38Ah)",akkumulyatory/dlya_ibp/agm,https://microchips.by/catalog/akkumulyatory/dlya_ibp/agm/2991/,38Ah,,AGM,MNB,MM 38-12,238.5,ok,Y,,
2993,"Аккумулятор Yuasa NP 38–12I (AGM, 38Ah)",akkumulyatory/dlya_ibp/agm,https://microchips.by/catalog/akkumulyatory/dlya_ibp/agm/2993/,38Ah,,AGM,Yuasa,NP 38–12I,359.5,ok,Y,,
2994,"Аккумулятор Yuasa NPL 38–12l (AGM, 38Ah)",akkumulyatory/dlya_ibp/agm,https://microchips.by/catalog/akkumulyatory/dlya_ibp/agm/2994/,38Ah,,AGM,Yuasa,NPL 38–12l,409,ok,Y,,
2995,"Аккумулятор Delta CT 1204 (AGM, 4Ah)",akkumulyatory/dlya_ibp/agm,https://microchips.by/catalog/akkumulyatory/dlya_ibp/agm/2995/,4Ah,,AGM,Delta,CT 1204,55,ok,Y,,
2996,"Аккумулятор WBR GP 640 (AGM, 4Ah)",akkumulyatory/dlya_ibp/agm,https://microchips.by/catalog/akkumulyatory/dlya_ibp/agm/2996/,4Ah,,AGM,WBR,GP 640,31,ok,Y,,
2997,"Аккумулятор Yuasa NP 4-6 (AGM, 4Ah)",akkumulyatory/dlya_ibp/agm,https://microchips.by/catalog/akkumulyatory/dlya_ibp/agm/2997/,4Ah,,AGM,Yuasa,NP 4-6,34.5,ok,Y,,
2998,"Аккумулятор Yuasa NP 4-12 (AGM, 4Ah)",akkumulyatory/dlya_ibp/agm,https://microchips.by/catalog/akkumulyatory/dlya_ibp/agm/2998/,4Ah,,AGM,Yuasa,NP 4-12,67.5,ok,Y,,
2999,"Аккумулятор Alarm Force FB 4.5-12 (AGM, 4.5Ah)",akkumulyatory/dlya_ibp/agm,https://microchips.by/catalog/akkumulyatory/dlya_ibp/agm/2999/,4.5Ah,,AGM,Alarm Force,FB 4.5-12,36.5,ok,Y,,
3000,"Аккумулятор CSB GP1245 F2 (AGM, 4.5Ah)",akkumulyatory/dlya_ibp/agm,https://microchips.by/catalog/akkumulyatory/dlya_ibp/agm/3000/,4.5Ah,,AGM,CSB,GP1245 F2,59,ok,Y,,
3002,"Аккумулятор CSB GP645 F2 (AGM, 4.5Ah)",akkumulyatory/dlya_ibp/agm,https://microchips.by/catalog/akkumulyatory/dlya_ibp/agm/3002/,4.5Ah,,AGM,CSB,GP645 F2,40,ok,Y,,
3003,"Аккумулятор Delta DT 12045 (AGM, 4.5Ah)",akkumulyatory/dlya_ibp/agm,https://microchips.by/catalog/akkumulyatory/dlya_ibp/agm/3003/,4.5Ah,,AGM,Delta,DT 12045,30,ok,Y,,
3004,"Аккумулятор Delta DT 4045 (AGM, 4.5Ah)",akkumulyatory/dlya_ibp/agm,https://microchips.by/catalog/akkumulyatory/dlya_ibp/agm/3004/,4.5Ah,,AGM,Delta,DT 4045,18,ok,Y,,
3005,"Аккумулятор Delta DT 6045 (AGM, 4.5Ah)",akkumulyatory/dlya_ibp/agm,https://microchips.by/catalog/akkumulyatory/dlya_ibp/agm/3005/,4.5Ah,,AGM,Delta,DT 6045,17,ok,Y,,
3006,"Аккумулятор Delta DTM 12045 (AGM, 4.5Ah)",akkumulyatory/dlya_ibp/agm,https://microchips.by/catalog/akkumulyatory/dlya_ibp/agm/3006/,4.5Ah,,AGM,Delta,DTM 12045,37,ok,Y,,
3007,"Аккумулятор Delta DTM 6045 (AGM, 4.5Ah)",akkumulyatory/dlya_ibp/agm,https://microchips.by/catalog/akkumulyatory/dlya_ibp/agm/3007/,4.5Ah,,AGM,Delta,DTM 6045,22,ok,Y,,
3008,"Аккумулятор Delta HR 12-4.5 (AGM, 4.5Ah)",akkumulyatory/dlya_ibp/agm,https://microchips.by/catalog/akkumulyatory/dlya_ibp/agm/3008/,4.5Ah,,AGM,Delta,HR 12-4.5,49,ok,Y,,
3009,"Аккумулятор Delta HR 6-4.5 (AGM, 4.5Ah)",akkumulyatory/dlya_ibp/agm,https://microchips.by/catalog/akkumulyatory/dlya_ibp/agm/3009/,4.5Ah,,AGM,Delta,HR 6-4.5,22,ok,Y,,
3010,"Аккумулятор Fiamm FG10451 (AGM, 4.5Ah)",akkumulyatory/dlya_ibp/agm,https://microchips.by/catalog/akkumulyatory/dlya_ibp/agm/3010/,4.5Ah,,AGM,Fiamm,FG10451,22,ok,Y,,
3011,"Аккумулятор Fiamm FG20451 (AGM, 4.5Ah)",akkumulyatory/dlya_ibp/agm,https://microchips.by/catalog/akkumulyatory/dlya_ibp/agm/3011/,4.5Ah,,AGM,Fiamm,FG20451,41.5,ok,Y,,
3012,"Аккумулятор General Security GS 4.5-12 (AGM, 4.5Ah)",akkumulyatory/dlya_ibp/agm,https://microchips.by/catalog/akkumulyatory/dlya_ibp/agm/3012/,4.5Ah,,AGM,General Security,GS 4.5-12,19,ok,Y,,
3013,"Аккумулятор General Security GS 4.5-6 (AGM, 4.5Ah)",akkumulyatory/dlya_ibp/agm,https://microchips.by/catalog/akkumulyatory/dlya_ibp/agm/3013/,4.5Ah,,AGM,General Security,GS 4.5-6,25,ok,Y,,
3014,"Аккумулятор General Security GSL 4.5-12 (AGM, 4.5Ah)",akkumulyatory/dlya_ibp/agm,https://microchips.by/catalog/akkumulyatory/dlya_ibp/agm/3014/,4.5Ah,,AGM,General Security,GSL 4.5-12,31,ok,Y,,
3015,"Аккумулятор General Security GSL 4.5-6 (AGM, 4.5Ah)",akkumulyatory/dlya_ibp/agm,https://microchips.by/catalog/akkumulyatory/dlya_ibp/agm/3015/,4.5Ah,,AGM,General Security,GSL 4.5-6,18,ok,Y,,
3016,"Аккумулятор Leoch DJW 12-4.5 (AGM, 4.5Ah)",akkumulyatory/dlya_ibp/agm,https://microchips.by/catalog/akkumulyatory/dlya_ibp/agm/3016/,4.5Ah,,AGM,Leoch,DJW 12-4.5,25,ok,Y,,
3017,"Аккумулятор Leoch DJW 6-4.5 (AGM, 4.5Ah)",akkumulyatory/dlya_ibp/agm,https://microchips.by/catalog/akkumulyatory/dlya_ibp/agm/3017/,4.5Ah,,AGM,Leoch,DJW 6-4.5,14,ok,Y,,
3018,"Аккумулятор MNB MS 4.5-12 F1 (AGM, 4.5Ah)",akkumulyatory/dlya_ibp/agm,https://microchips.by/catalog/akkumulyatory/dlya_ibp/agm/3018/,4.5Ah,,AGM,MNB,MS 4.5-12 F1,35,ok,Y,,
3019,"Аккумулятор MNB MS 4.5-6 F1 (AGM, 4.5Ah)",akkumulyatory/dlya_ibp/agm,https://microchips.by/catalog/akkumulyatory/dlya_ibp/agm/3019/,4.5Ah,,AGM,MNB,MS 4.5-6 F1,15,ok,Y,,
3020,"Аккумулятор Optimus OP 12045 (AGM, 4.5Ah)",akkumulyatory/dlya_ibp/agm,https://microchips.by/catalog/akkumulyatory/dlya_ibp/agm/3020/,4.5Ah,,AGM,Optimus,OP 12045,17,ok,Y,,
3021,"Аккумулятор Panasonic LC-R124R5PD (AGM, 4.5Ah)",akkumulyatory/dlya_ibp/agm,https://microchips.by/catalog/akkumulyatory/dlya_ibp/agm/3021/,4.5Ah,,AGM,Panasonic,LC-R124R5PD,65,ok,Y,,
3022,"Аккумулятор Security Force SF 12045 (AGM, 4.5Ah)",akkumulyatory/dlya_ibp/agm,https://microchips.by/catalog/akkumulyatory/dlya_ibp/agm/3022/,4.5Ah,,AGM,Security Force,SF 12045,20,ok,Y,,
3023,"Аккумулятор Security Force SF 6045 (AGM, 4.5Ah)",akkumulyatory/dlya_ibp/agm,https://microchips.by/catalog/akkumulyatory/dlya_ibp/agm/3023/,4.5Ah,,AGM,Security Force,SF 6045,10,ok,Y,,
3024,"Аккумулятор WBR GP 1245 (AGM, 4.5Ah)",akkumulyatory/dlya_ibp/agm,https://microchips.by/catalog/akkumulyatory/dlya_ibp/agm/3024/,4.5Ah,,AGM,WBR,GP 1245,24,ok,Y,,
3025,"Аккумулятор WBR GP 645 (AGM, 4.5Ah)",akkumulyatory/dlya_ibp/agm,https://microchips.by/catalog/akkumulyatory/dlya_ibp/agm/3025/,4.5Ah,,AGM,WBR,GP 645,13,ok,Y,,
3026,"Аккумулятор Alarm Force FB 40-12 (AGM, 40Ah)",akkumulyatory/dlya_ibp/agm,https://microchips.by/catalog/akkumulyatory/dlya_ibp/agm/3026/,40Ah,,AGM,Alarm Force,FB 40-12,202.65,ok,Y,,
3027,"Аккумулятор CSB GP12400 (AGM, 40Ah)",akkumulyatory/dlya_ibp/agm,https://microchips.by/catalog/akkumulyatory/dlya_ibp/agm/3027/,40Ah,,AGM,CSB,GP12400,236,ok,Y,,
3028,"Аккумулятор CSB GPL12400 (AGM, 40Ah)",akkumulyatory/dlya_ibp/agm,https://microchips.by/catalog/akkumulyatory/dlya_ibp/agm/3028/,40Ah,,AGM,CSB,GPL12400,624,ok,Y,,
3029,"Аккумулятор Delta DT 1240 (AGM, 40Ah)",akkumulyatory/dlya_ibp/agm,https://microchips.by/catalog/akkumulyatory/dlya_ibp/agm/3029/,40Ah,,AGM,Delta,DT 1240,262,ok,Y,,
3030,"Аккумулятор Delta DTM 1240 L (AGM, 40Ah)",akkumulyatory/dlya_ibp/agm,https://microchips.by/catalog/akkumulyatory/dlya_ibp/agm/3030/,40Ah,,AGM,Delta,DTM 1240 L,269,ok,Y,,
3031,"Аккумулятор Fiamm 12FIT40 (AGM, 40Ah)",akkumulyatory/dlya_ibp/agm,https://microchips.by/catalog/akkumulyatory/dlya_ibp/agm/3031/,40Ah,,AGM,Fiamm,12FIT40,381.5,ok,Y,,
3032,"Аккумулятор Fiamm 12FLB150 P (AGM, 40Ah)",akkumulyatory/dlya_ibp/agm,https://microchips.by/catalog/akkumulyatory/dlya_ibp/agm/3032/,40Ah,,AGM,Fiamm,12FLB150 P,331,ok,Y,,
3033,"Аккумулятор General Security GS 40-12 (AGM, 40Ah)",akkumulyatory/dlya_ibp/agm,https://microchips.by/catalog/akkumulyatory/dlya_ibp/agm/3033/,40Ah,,AGM,General Security,GS 40-12,254,ok,Y,,
3034,"Аккумулятор General Security GSL 40-12 (AGM, 40Ah)",akkumulyatory/dlya_ibp/agm,https://microchips.by/catalog/akkumulyatory/dlya_ibp/agm/3034/,40Ah,,AGM,General Security,GSL 40-12,65.5,ok,Y,,
3035,"Аккумулятор MNB MNG 40-12 для ИБП (GEL, 40Ah)",akkumulyatory/dlya_ibp/gelevye,https://microchips.by/catalog/akkumulyatory/dlya_ibp/gelevye/3035/,40Ah,,GEL,MNB,MNG 40-12,283,ok,Y,,
3036,"Аккумулятор Optimus OP 1240 (AGM, 40Ah)",akkumulyatory/dlya_ibp/agm,https://microchips.by/catalog/akkumulyatory/dlya_ibp/agm/3036/,40Ah,,AGM,Optimus,OP 1240,,zero_or_invalid,Y,,
3037,"Аккумулятор Security Force SF 1240 (AGM, 40Ah)",akkumulyatory/dlya_ibp/agm,https://microchips.by/catalog/akkumulyatory/dlya_ibp/agm/3037/,40Ah,,AGM,Security Force,SF 1240,171.5,ok,Y,,
3038,"Аккумулятор Sonnenschein A512/40 A для ИБП (GEL, 40Ah)",akkumulyatory/dlya_ibp/gelevye,https://microchips.by/catalog/akkumulyatory/dlya_ibp/gelevye/3038/,40Ah,,GEL,Sonnenschein,A512/40 A,465,ok,Y,,
3039,"Аккумулятор Sonnenschein A512/40 G6 для ИБП (GEL, 40Ah)",akkumulyatory/dlya_ibp/gelevye,https://microchips.by/catalog/akkumulyatory/dlya_ibp/gelevye/3039/,40Ah,,GEL,Sonnenschein,A512/40 G6,476,ok,Y,,
3040,"Аккумулятор Sprinter S12V170 (AGM, 40Ah)",akkumulyatory/dlya_ibp/agm,https://microchips.by/catalog/akkumulyatory/dlya_ibp/agm/3040/,40Ah,,AGM,Sprinter,S12V170,467,ok,Y,,
3041,"Аккумулятор WBR GP 12400 (AGM, 40Ah)",akkumulyatory/dlya_ibp/agm,https://microchips.by/catalog/akkumulyatory/dlya_ibp/agm/3041/,40Ah,,AGM,WBR,GP 12400,203.5,ok,Y,,
3042,"Аккумулятор Yuasa SWL1100 (AGM, 40Ah)",akkumulyatory/dlya_ibp/agm,https://microchips.by/catalog/akkumulyatory/dlya_ibp/agm/3042/,40Ah,,AGM,Yuasa,SWL1100,248,ok,Y,,
3043,"Аккумулятор Восток PRO СК-1240 (AGM, 40Ah)",akkumulyatory/dlya_ibp/agm,https://microchips.by/catalog/akkumulyatory/dlya_ibp/agm/3043/,40Ah,,AGM,Восток,PRO СК-1240,240.5,ok,Y,,
3044,"Аккумулятор Sonnenschein Dryfit Solar S 12/41 A для ИБП (GEL, 41Ah)",akkumulyatory/dlya_ibp/gelevye,https://microchips.by/catalog/akkumulyatory/dlya_ibp/gelevye/3044/,41Ah,,GEL,Sonnenschein,Dryfit Solar S 12/41 A,689,ok,Y,,
3045,"Аккумулятор Sprinter P12V875 (AGM, 40Ah)",akkumulyatory/dlya_ibp/agm,https://microchips.by/catalog/akkumulyatory/dlya_ibp/agm/3045/,40Ah,,AGM,Sprinter,P12V875,497,ok,Y,,
3047,"Аккумулятор Fiamm 12FGL42 (AGM, 42Ah)",akkumulyatory/dlya_ibp/agm,https://microchips.by/catalog/akkumulyatory/dlya_ibp/agm/3047/,42Ah,,AGM,Fiamm,12FGL42,313,ok,Y,,
3048,"Аккумулятор Fiamm FG24204 (AGM, 42Ah)",akkumulyatory/dlya_ibp/agm,https://microchips.by/catalog/akkumulyatory/dlya_ibp/agm/3048/,42Ah,,AGM,Fiamm,FG24204,278.5,ok,Y,,
3050,"Аккумулятор Panasonic LC-P1242AP (AGM, 42Ah)",akkumulyatory/dlya_ibp/agm,https://microchips.by/catalog/akkumulyatory/dlya_ibp/agm/3050/,42Ah,,AGM,Panasonic,LC-P1242AP,355.5,ok,Y,,
3051,"Аккумулятор Panasonic LC-QA1242AP (AGM, 42Ah)",akkumulyatory/dlya_ibp/agm,https://microchips.by/catalog/akkumulyatory/dlya_ibp/agm/3051/,42Ah,,AGM,Panasonic,LC-QA1242AP,515,ok,Y,,
3052,"Аккумулятор Sonnenschein A706/42 для ИБП (GEL, 42Ah)",akkumulyatory/dlya_ibp/gelevye,https://microchips.by/catalog/akkumulyatory/dlya_ibp/gelevye/3052/,42Ah,,GEL,Sonnenschein,A706/42,565,ok,Y,,
3053,"Аккумулятор Delta HRL 12-211W (AGM, 45Ah)",akkumulyatory/dlya_ibp/agm,https://microchips.by/catalog/akkumulyatory/dlya_ibp/agm/3053/,45Ah,,AGM,Delta,HRL 12-211W,310,ok,Y,,
3054,"Аккумулятор Delta HRL 12-45 (AGM, 45Ah)",akkumulyatory/dlya_ibp/agm,https://microchips.by/catalog/akkumulyatory/dlya_ibp/agm/3054/,45Ah,,AGM,Delta,HRL 12-45,237,ok,Y,,
3055,"Аккумулятор Leoch DJM 1245 (AGM, 45Ah)",akkumulyatory/dlya_ibp/agm,https://microchips.by/catalog/akkumulyatory/dlya_ibp/agm/3055/,45Ah,,AGM,Leoch,DJM 1245,229.5,ok,Y,,
3056,"Аккумулятор MNB MM 45-12 (AGM, 45Ah)",akkumulyatory/dlya_ibp/agm,https://microchips.by/catalog/akkumulyatory/dlya_ibp/agm/3056/,45Ah,,AGM,MNB,MM 45-12,266,ok,Y,,
3057,"Аккумулятор Marathon M12V50FT (AGM, 47Ah)",akkumulyatory/dlya_ibp/agm,https://microchips.by/catalog/akkumulyatory/dlya_ibp/agm/3057/,47Ah,,AGM,Marathon,M12V50FT,678,ok,Y,,
3058,"Аккумулятор Marathon M12V50FT V0 (AGM, 50Ah)",akkumulyatory/dlya_ibp/agm,https://microchips.by/catalog/akkumulyatory/dlya_ibp/agm/3058/,50Ah,,AGM,Marathon,M12V50FT V0,618,ok,Y,,
3059,"Аккумулятор Delta CT 1205 (AGM, 5Ah)",akkumulyatory/dlya_ibp/agm,https://microchips.by/catalog/akkumulyatory/dlya_ibp/agm/3059/,5Ah,,AGM,Delta,CT 1205,60,ok,Y,,
3060,"Аккумулятор Delta DTM 1205 (AGM, 5Ah)",akkumulyatory/dlya_ibp/agm,https://microchips.by/catalog/akkumulyatory/dlya_ibp/agm/3060/,5Ah,,AGM,Delta,DTM 1205,43,ok,Y,,
3061,"Аккумулятор Delta HR 12-21W (AGM, 5Ah)",akkumulyatory/dlya_ibp/agm,https://microchips.by/catalog/akkumulyatory/dlya_ibp/agm/3061/,5Ah,,AGM,Delta,HR 12-21W,55,ok,Y,,
3062,"Аккумулятор Delta HR 12-5 (AGM, 5Ah)",akkumulyatory/dlya_ibp/agm,https://microchips.by/catalog/akkumulyatory/dlya_ibp/agm/3062/,5Ah,,AGM,Delta,HR 12-5,45,ok,Y,,
3063,"Аккумулятор Fiamm 12FGH23 (AGM, 5Ah)",akkumulyatory/dlya_ibp/agm,https://microchips.by/catalog/akkumulyatory/dlya_ibp/agm/3063/,5Ah,,AGM,Fiamm,12FGH23,46,ok,Y,,
3065,"Аккумулятор Fiamm 12FGHL22 (AGM, 5Ah)",akkumulyatory/dlya_ibp/agm,https://microchips.by/catalog/akkumulyatory/dlya_ibp/agm/3065/,5Ah,,AGM,Fiamm,12FGHL22,49,ok,Y,,
3067,"Аккумулятор General Security GS 5-12 F2 (AGM, 5Ah)",akkumulyatory/dlya_ibp/agm,https://microchips.by/catalog/akkumulyatory/dlya_ibp/agm/3067/,5Ah,,AGM,General Security,GS 5-12 F2,22,ok,Y,,
3068,"Аккумулятор General Security GSL 5-12 F2 (AGM, 5Ah)",akkumulyatory/dlya_ibp/agm,https://microchips.by/catalog/akkumulyatory/dlya_ibp/agm/3068/,5Ah,,AGM,General Security,GSL 5-12 F2,24,ok,Y,,
3069,"Аккумулятор MNB HR 1221W F2 (AGM, 5Ah)",akkumulyatory/dlya_ibp/agm,https://microchips.by/catalog/akkumulyatory/dlya_ibp/agm/3069/,5Ah,,AGM,MNB,HR 1221W F2,43,ok,Y,,
3070,"Аккумулятор WBR HR 1221W F2 (AGM, 50Ah)",akkumulyatory/dlya_ibp/agm,https://microchips.by/catalog/akkumulyatory/dlya_ibp/agm/3070/,50Ah,,AGM,WBR,HR 1221W F2,34,ok,Y,,
3071,"Аккумулятор Yuasa NPH 5-12 (AGM, 5Ah)",akkumulyatory/dlya_ibp/agm,https://microchips.by/catalog/akkumulyatory/dlya_ibp/agm/3071/,5Ah,,AGM,Yuasa,NPH 5-12,99.5,ok,Y,,
3072,"Аккумулятор Восток PRO СК-1205 (AGM, 5Ah)",akkumulyatory/dlya_ibp/agm,https://microchips.by/catalog/akkumulyatory/dlya_ibp/agm/3072/,5Ah,,AGM,Восток,PRO СК-1205,31,ok,Y,,
3073,"Аккумулятор WBR HR 1224W (AGM, 6Ah)",akkumulyatory/dlya_ibp/agm,https://microchips.by/catalog/akkumulyatory/dlya_ibp/agm/3073/,6Ah,,AGM,WBR,HR 1224W,65,ok,Y,,
3074,"Аккумулятор Leoch DJW 12-5.4 F1 (AGM, 5.4Ah)",akkumulyatory/dlya_ibp/agm,https://microchips.by/catalog/akkumulyatory/dlya_ibp/agm/3074/,5.4Ah,,AGM,Leoch,DJW 12-5.4 F1,32,ok,Y,,
3077,"Аккумулятор Delta HR 12-5.8 (AGM, 5.8Ah)",akkumulyatory/dlya_ibp/agm,https://microchips.by/catalog/akkumulyatory/dlya_ibp/agm/3077/,5.8Ah,,AGM,Delta,HR 12-5.8,55,ok,Y,,
3078,"Аккумулятор Delta FTS 12-50 (AGM, 50Ah)",akkumulyatory/dlya_ibp/agm,https://microchips.by/catalog/akkumulyatory/dlya_ibp/agm/3078/,50Ah,,AGM,Delta,FTS 12-50,279,ok,Y,,
3079,"Аккумулятор Fiamm 12SLA50L (AGM, 50Ah)",akkumulyatory/dlya_ibp/agm,https://microchips.by/catalog/akkumulyatory/dlya_ibp/agm/3079/,50Ah,,AGM,Fiamm,12SLA50L,745,ok,Y,,
3080,"Аккумулятор Leoch DJM 1250 (AGM, 50Ah)",akkumulyatory/dlya_ibp/agm,https://microchips.by/catalog/akkumulyatory/dlya_ibp/agm/3080/,50Ah,,AGM,Leoch,DJM 1250,249.5,ok,Y,,
3081,"Аккумулятор Sonnenschein A412/50 A для ИБП (GEL, 50Ah)",akkumulyatory/dlya_ibp/gelevye,https://microchips.by/catalog/akkumulyatory/dlya_ibp/gelevye/3081/,50Ah,,GEL,Sonnenschein,A412/50 A,624.95,ok,Y,,
3082,"Аккумулятор Sonnenschein A412/50 F10 для ИБП (GEL, 50Ah)",akkumulyatory/dlya_ibp/gelevye,https://microchips.by/catalog/akkumulyatory/dlya_ibp/gelevye/3082/,50Ah,,GEL,Sonnenschein,A412/50 F10,683.38,ok,Y,,
3084,"Аккумулятор Sonnenschein A412/50 G6 для ИБП (GEL, 50Ah)",akkumulyatory/dlya_ibp/gelevye,https://microchips.by/catalog/akkumulyatory/dlya_ibp/gelevye/3084/,50Ah,,GEL,Sonnenschein,A412/50 G6,645.27,ok,Y,,
3085,"Аккумулятор Восток PRO TC-1250 (AGM, 50Ah)",akkumulyatory/dlya_ibp/agm,https://microchips.by/catalog/akkumulyatory/dlya_ibp/agm/3085/,50Ah,,AGM,Восток,PRO TC-1250,361,ok,Y,,
3086,"Аккумулятор CSB GPL12520 (AGM, 52Ah)",akkumulyatory/dlya_ibp/agm,https://microchips.by/catalog/akkumulyatory/dlya_ibp/agm/3086/,52Ah,,AGM,CSB,GPL12520,765,ok,Y,,
3087,"Аккумулятор CSB HRL12200W FR (AGM, 52Ah)",akkumulyatory/dlya_ibp/agm,https://microchips.by/catalog/akkumulyatory/dlya_ibp/agm/3087/,52Ah,,AGM,CSB,HRL12200W FR,678,ok,Y,,
3088,"Аккумулятор Marathon XL12V50 (AGM, 50Ah)",akkumulyatory/dlya_ibp/agm,https://microchips.by/catalog/akkumulyatory/dlya_ibp/agm/3088/,50Ah,,AGM,Marathon,XL12V50,,zero_or_invalid,Y,,
3089,"Аккумулятор Marathon XL12V50 V0 (AGM, 55Ah)",akkumulyatory/dlya_ibp/agm,https://microchips.by/catalog/akkumulyatory/dlya_ibp/agm/3089/,55Ah,,AGM,Marathon,XL12V50 V0,,zero_or_invalid,Y,,
3090,"Аккумулятор Delta DTM 1255 L (AGM, 55Ah)",akkumulyatory/dlya_ibp/agm,https://microchips.by/catalog/akkumulyatory/dlya_ibp/agm/3090/,55Ah,,AGM,Delta,DTM 1255 L,329,ok,Y,,
3091,"Аккумулятор Delta HRL 12-260W (AGM, 55Ah)",akkumulyatory/dlya_ibp/agm,https://microchips.by/catalog/akkumulyatory/dlya_ibp/agm/3091/,55Ah,,AGM,Delta,HRL 12-260W,350,ok,Y,,
3092,"Аккумулятор Delta HRL 12-55 (AGM, 55Ah)",akkumulyatory/dlya_ibp/agm,https://microchips.by/catalog/akkumulyatory/dlya_ibp/agm/3092/,55Ah,,AGM,Delta,HRL 12-55,248,ok,Y,,
3093,"Аккумулятор Fiamm 12FGL55 (AGM, 55Ah)",akkumulyatory/dlya_ibp/agm,https://microchips.by/catalog/akkumulyatory/dlya_ibp/agm/3093/,55Ah,,AGM,Fiamm,12FGL55,699,ok,Y,,
3094,"Аккумулятор Fiamm 12FLB200 P (AGM, 55Ah)",akkumulyatory/dlya_ibp/agm,https://microchips.by/catalog/akkumulyatory/dlya_ibp/agm/3094/,55Ah,,AGM,Fiamm,12FLB200 P,695,ok,Y,,
3096,"Аккумулятор Leoch DJM 1255 (AGM, 55Ah)",akkumulyatory/dlya_ibp/agm,https://microchips.by/catalog/akkumulyatory/dlya_ibp/agm/3096/,55Ah,,AGM,Leoch,DJM 1255,266.5,ok,Y,,
3097,"Аккумулятор MNB MM 55-12 (AGM, 55Ah)",akkumulyatory/dlya_ibp/agm,https://microchips.by/catalog/akkumulyatory/dlya_ibp/agm/3097/,55Ah,,AGM,MNB,MM 55-12,312.5,ok,Y,,
3098,"Аккумулятор MNB MNG 55-12 для ИБП (GEL, 55Ah)",akkumulyatory/dlya_ibp/gelevye,https://microchips.by/catalog/akkumulyatory/dlya_ibp/gelevye/3098/,55Ah,,GEL,MNB,MNG 55-12,334,ok,Y,,
3099,"Аккумулятор MNB MR 55-12FT (AGM, 55Ah)",akkumulyatory/dlya_ibp/agm,https://microchips.by/catalog/akkumulyatory/dlya_ibp/agm/3099/,55Ah,,AGM,MNB,MR 55-12FT,384,ok,Y,,
3100,"Аккумулятор Sonnenschein A512/55 A для ИБП (GEL, 55Ah)",akkumulyatory/dlya_ibp/gelevye,https://microchips.by/catalog/akkumulyatory/dlya_ibp/gelevye/3100/,55Ah,,GEL,Sonnenschein,A512/55 A,612.25,ok,Y,,
3101,"Аккумулятор WBR GPL 12520 (AGM, 55Ah)",akkumulyatory/dlya_ibp/agm,https://microchips.by/catalog/akkumulyatory/dlya_ibp/agm/3101/,55Ah,,AGM,WBR,GPL 12520,292.5,ok,Y,,
3102,"Аккумулятор Yuasa SWL1800 (AGM, 55Ah)",akkumulyatory/dlya_ibp/agm,https://microchips.by/catalog/akkumulyatory/dlya_ibp/agm/3102/,55Ah,,AGM,Yuasa,SWL1800,338,ok,Y,,
3103,"Аккумулятор Восток PRO СК-1255 (AGM, 55Ah)",akkumulyatory/dlya_ibp/agm,https://microchips.by/catalog/akkumulyatory/dlya_ibp/agm/3103/,55Ah,,AGM,Восток,PRO СК-1255,302,ok,Y,,
3104,"Аккумулятор Sprinter XP12V1800 (AGM, 56Ah)",akkumulyatory/dlya_ibp/agm,https://microchips.by/catalog/akkumulyatory/dlya_ibp/agm/3104/,56Ah,,AGM,Sprinter,XP12V1800,508,ok,Y,,
3105,"Аккумулятор Marathon M12V60FT (AGM, 59Ah)",akkumulyatory/dlya_ibp/agm,https://microchips.by/catalog/akkumulyatory/dlya_ibp/agm/3105/,59Ah,,AGM,Marathon,M12V60FT,706,ok,Y,,
3106,"Аккумулятор Marathon M12V60FT V0 (AGM, 60Ah)",akkumulyatory/dlya_ibp/agm,https://microchips.by/catalog/akkumulyatory/dlya_ibp/agm/3106/,60Ah,,AGM,Marathon,M12V60FT V0,623,ok,Y,,
3108,"Аккумулятор CSB HRL1223W F2FR (AGM, 6Ah)",akkumulyatory/dlya_ibp/agm,https://microchips.by/catalog/akkumulyatory/dlya_ibp/agm/3108/,6Ah,,AGM,CSB,HRL1223W F2FR,87,ok,Y,,
3109,"Аккумулятор Delta DT 606 (AGM, 6Ah)",akkumulyatory/dlya_ibp/agm,https://microchips.by/catalog/akkumulyatory/dlya_ibp/agm/3109/,6Ah,,AGM,Delta,DT 606,18,ok,Y,,
3110,"Аккумулятор Delta HR 12-24W (AGM, 6Ah)",akkumulyatory/dlya_ibp/agm,https://microchips.by/catalog/akkumulyatory/dlya_ibp/agm/3110/,6Ah,,AGM,Delta,HR 12-24W,60,ok,Y,,
3111,"Аккумулятор Panasonic UP-VW1228P1 (AGM, 6Ah)",akkumulyatory/dlya_ibp/agm,https://microchips.by/catalog/akkumulyatory/dlya_ibp/agm/3111/,6Ah,,AGM,Panasonic,UP-VW1228P1,64,ok,Y,,
3112,"Аккумулятор CSB HR1224W F2F1 (AGM, 6.2Ah)",akkumulyatory/dlya_ibp/agm,https://microchips.by/catalog/akkumulyatory/dlya_ibp/agm/3112/,6.2Ah,,AGM,CSB,HR1224W F2F1,117,ok,Y,,
3116,"Аккумулятор Panasonic UP-VWA1232P2 (AGM, 6.6Ah)",akkumulyatory/dlya_ibp/agm,https://microchips.by/catalog/akkumulyatory/dlya_ibp/agm/3116/,6.6Ah,,AGM,Panasonic,UP-VWA1232P2,79.5,ok,Y,,
3117,"Аккумулятор Sonnenschein Dryfit Solar S 12/6.6 S для ИБП (GEL, 6.6Ah)",akkumulyatory/dlya_ibp/gelevye,https://microchips.by/catalog/akkumulyatory/dlya_ibp/gelevye/3117/,6.6Ah,,GEL,Sonnenschein,Dryfit Solar S 12/6.6 S,368,ok,Y,,
3118,"Аккумулятор Fiamm 12FIT60 (AGM, 60Ah)",akkumulyatory/dlya_ibp/agm,https://microchips.by/catalog/akkumulyatory/dlya_ibp/agm/3118/,60Ah,,AGM,Fiamm,12FIT60,953,ok,Y,,
3119,"Аккумулятор Fiamm 12FGL33 (AGM, 33Ah)",akkumulyatory/dlya_ibp/agm,https://microchips.by/catalog/akkumulyatory/dlya_ibp/agm/3119/,33Ah,,AGM,Fiamm,12FGL33,510,ok,Y,,
3120,"Аккумулятор Leoch DJM 1260 (AGM, 60Ah)",akkumulyatory/dlya_ibp/agm,https://microchips.by/catalog/akkumulyatory/dlya_ibp/agm/3120/,60Ah,,AGM,Leoch,DJM 1260,298,ok,Y,,
3121,"Аккумулятор Leoch DJM 660 (AGM, 60Ah)",akkumulyatory/dlya_ibp/agm,https://microchips.by/catalog/akkumulyatory/dlya_ibp/agm/3121/,60Ah,,AGM,Leoch,DJM 660,149,ok,Y,,
3123,"Аккумулятор Sonnenschein A512/60 A для ИБП (GEL, 60Ah)",akkumulyatory/dlya_ibp/gelevye,https://microchips.by/catalog/akkumulyatory/dlya_ibp/gelevye/3123/,60Ah,,GEL,Sonnenschein,A512/60 A,654,ok,Y,,
3124,"Аккумулятор Sonnenschein A512/60 G6 для ИБП (GEL, 60Ah)",akkumulyatory/dlya_ibp/gelevye,https://microchips.by/catalog/akkumulyatory/dlya_ibp/gelevye/3124/,60Ah,,GEL,Sonnenschein,A512/60 G6,661,ok,Y,,
3125,"Аккумулятор Sonnenschein Dryfit Solar Block SB 12/60 A для ИБП (GEL, 60Ah)",akkumulyatory/dlya_ibp/gelevye,https://microchips.by/catalog/akkumulyatory/dlya_ibp/gelevye/3125/,60Ah,,GEL,Sonnenschein,Dryfit Solar Block SB 12/60 A,1063,ok,Y,,
3126,"Аккумулятор Sonnenschein Dryfit Solar S 12/60 A для ИБП (GEL, 60Ah)",akkumulyatory/dlya_ibp/gelevye,https://microchips.by/catalog/akkumulyatory/dlya_ibp/gelevye/3126/,60Ah,,GEL,Sonnenschein,Dryfit Solar S 12/60 A,1063,ok,Y,,
3129,"Аккумулятор CSB GP12650 (AGM, 65Ah)",akkumulyatory/dlya_ibp/agm,https://microchips.by/catalog/akkumulyatory/dlya_ibp/agm/3129/,65Ah,,AGM,CSB,GP12650,386,ok,Y,,
3130,"Аккумулятор Delta DT 1265 (AGM, 65Ah)",akkumulyatory/dlya_ibp/agm,https://microchips.by/catalog/akkumulyatory/dlya_ibp/agm/3130/,65Ah,,AGM,Delta,DT 1265,383,ok,Y,,
3131,"Аккумулятор Delta DTM 1265 L (AGM, 65Ah)",akkumulyatory/dlya_ibp/agm,https://microchips.by/catalog/akkumulyatory/dlya_ibp/agm/3131/,65Ah,,AGM,Delta,DTM 1265 L,480,ok,Y,,
3132,"Аккумулятор Fiamm FG26505 (AGM, 65Ah)",akkumulyatory/dlya_ibp/agm,https://microchips.by/catalog/akkumulyatory/dlya_ibp/agm/3132/,65Ah,,AGM,Fiamm,FG26505,653,ok,Y,,
3133,"Аккумулятор Fiamm FG26507 (AGM, 65Ah)",akkumulyatory/dlya_ibp/agm,https://microchips.by/catalog/akkumulyatory/dlya_ibp/agm/3133/,65Ah,,AGM,Fiamm,FG26507,555,ok,Y,,
3134,"Аккумулятор General Security GS 65-12 (AGM, 65Ah)",akkumulyatory/dlya_ibp/agm,https://microchips.by/catalog/akkumulyatory/dlya_ibp/agm/3134/,65Ah,,AGM,General Security,GS 65-12,289.5,ok,Y,,
3135,"Аккумулятор General Security GSL 65-12 (AGM, 65Ah)",akkumulyatory/dlya_ibp/agm,https://microchips.by/catalog/akkumulyatory/dlya_ibp/agm/3135/,65Ah,,AGM,General Security,GSL 65-12,290.5,ok,Y,,
3136,"Аккумулятор Leoch DJM 1265 (AGM, 65Ah)",akkumulyatory/dlya_ibp/agm,https://microchips.by/catalog/akkumulyatory/dlya_ibp/agm/3136/,65Ah,,AGM,Leoch,DJM 1265,343,ok,Y,,
3137,"Аккумулятор MNB MM 65-12 (AGM, 65Ah)",akkumulyatory/dlya_ibp/agm,https://microchips.by/catalog/akkumulyatory/dlya_ibp/agm/3137/,65Ah,,AGM,MNB,MM 65-12,384,ok,Y,,
3138,"Аккумулятор MNB MNG 65-12 для ИБП (GEL, 65Ah)",akkumulyatory/dlya_ibp/gelevye,https://microchips.by/catalog/akkumulyatory/dlya_ibp/gelevye/3138/,65Ah,,GEL,MNB,MNG 65-12,414,ok,Y,,
3139,"Аккумулятор Panasonic LC-X1265PG (AGM, 65Ah)",akkumulyatory/dlya_ibp/agm,https://microchips.by/catalog/akkumulyatory/dlya_ibp/agm/3139/,65Ah,,AGM,Panasonic,LC-X1265PG,,zero_or_invalid,Y,,
3140,"Аккумулятор Security Force SF 1265 (AGM, 65Ah)",akkumulyatory/dlya_ibp/agm,https://microchips.by/catalog/akkumulyatory/dlya_ibp/agm/3140/,65Ah,,AGM,Security Force,SF 1265,278,ok,Y,,
3141,"Аккумулятор Sonnenschein A412/65 F10 для ИБП (GEL, 65Ah)",akkumulyatory/dlya_ibp/gelevye,https://microchips.by/catalog/akkumulyatory/dlya_ibp/gelevye/3141/,65Ah,,GEL,Sonnenschein,A412/65 F10,899,ok,Y,,
3142,"Аккумулятор Sonnenschein A412/65 G6 для ИБП (GEL, 65Ah)",akkumulyatory/dlya_ibp/gelevye,https://microchips.by/catalog/akkumulyatory/dlya_ibp/gelevye/3142/,65Ah,,GEL,Sonnenschein,A412/65 G6,796,ok,Y,,
3143,"Аккумулятор Sonnenschein A512/65 A для ИБП (GEL, 65Ah)",akkumulyatory/dlya_ibp/gelevye,https://microchips.by/catalog/akkumulyatory/dlya_ibp/gelevye/3143/,65Ah,,GEL,Sonnenschein,A512/65 A,742,ok,Y,,
3144,"Аккумулятор Sonnenschein A512/65 G6 для ИБП (GEL, 65Ah)",akkumulyatory/dlya_ibp/gelevye,https://microchips.by/catalog/akkumulyatory/dlya_ibp/gelevye/3144/,65Ah,,GEL,Sonnenschein,A512/65 G6,731,ok,Y,,
3145,"Аккумулятор WBR GP 12650 (AGM, 65Ah)",akkumulyatory/dlya_ibp/agm,https://microchips.by/catalog/akkumulyatory/dlya_ibp/agm/3145/,65Ah,,AGM,WBR,GP 12650,354.5,ok,Y,,
3146,"Аккумулятор Yuasa NP 65–12I (AGM, 65Ah)",akkumulyatory/dlya_ibp/agm,https://microchips.by/catalog/akkumulyatory/dlya_ibp/agm/3146/,65Ah,,AGM,Yuasa,NP 65–12I,599.5,ok,Y,,
3147,"Аккумулятор Yuasa NPL 65-12l (AGM, 65Ah)",akkumulyatory/dlya_ibp/agm,https://microchips.by/catalog/akkumulyatory/dlya_ibp/agm/3147/,65Ah,,AGM,Yuasa,NPL 65-12l,732,ok,Y,,
3148,"Аккумулятор Восток PRO СК-1265 (AGM, 65Ah)",akkumulyatory/dlya_ibp/agm,https://microchips.by/catalog/akkumulyatory/dlya_ibp/agm/3148/,65Ah,,AGM,Восток,PRO СК-1265,361.5,ok,Y,,
3149,"Аккумулятор Yuasa SWL1850 (AGM, 65Ah)",akkumulyatory/dlya_ibp/agm,https://microchips.by/catalog/akkumulyatory/dlya_ibp/agm/3149/,65Ah,,AGM,Yuasa,SWL1850,471.5,ok,Y,,
3150,"Аккумулятор Sprinter S12V285 (AGM, 67Ah)",akkumulyatory/dlya_ibp/agm,https://microchips.by/catalog/akkumulyatory/dlya_ibp/agm/3150/,67Ah,,AGM,Sprinter,S12V285,648,ok,Y,,
3152,"Аккумулятор Sprinter S12V300 (AGM, 69Ah)",akkumulyatory/dlya_ibp/agm,https://microchips.by/catalog/akkumulyatory/dlya_ibp/agm/3152/,69Ah,,AGM,Sprinter,S12V300,650,ok,Y,,
3154,"Аккумулятор Delta CT 1207 (AGM, 7Ah)",akkumulyatory/dlya_ibp/agm,https://microchips.by/catalog/akkumulyatory/dlya_ibp/agm/3154/,7Ah,,AGM,Delta,CT 1207,80,ok,Y,,
3155,"Аккумулятор Delta DT 1207 (AGM, 7Ah)",akkumulyatory/dlya_ibp/agm,https://microchips.by/catalog/akkumulyatory/dlya_ibp/agm/3155/,7Ah,,AGM,Delta,DT 1207,38,ok,Y,,
3156,"Аккумулятор Delta DTM 607 (AGM, 7Ah)",akkumulyatory/dlya_ibp/agm,https://microchips.by/catalog/akkumulyatory/dlya_ibp/agm/3156/,7Ah,,AGM,Delta,DTM 607,36,ok,Y,,
3157,"Аккумулятор Delta HR 12-28W (AGM, 7Ah)",akkumulyatory/dlya_ibp/agm,https://microchips.by/catalog/akkumulyatory/dlya_ibp/agm/3157/,7Ah,,AGM,Delta,HR 12-28W,62,ok,Y,,
3158,"Аккумулятор General Security GS 7-6 (AGM, 7Ah)",akkumulyatory/dlya_ibp/agm,https://microchips.by/catalog/akkumulyatory/dlya_ibp/agm/3158/,7Ah,,AGM,General Security,GS 7-6,18.5,ok,Y,,
3159,"Аккумулятор General Security GSL 7-6 (AGM, 7Ah)",akkumulyatory/dlya_ibp/agm,https://microchips.by/catalog/akkumulyatory/dlya_ibp/agm/3159/,7Ah,,AGM,General Security,GSL 7-6,18.5,ok,Y,,
3160,"Аккумулятор Leoch DJW 12-7 (AGM, 7Ah)",akkumulyatory/dlya_ibp/agm,https://microchips.by/catalog/akkumulyatory/dlya_ibp/agm/3160/,7Ah,,AGM,Leoch,DJW 12-7,38.6,ok,Y,,
3161,"Аккумулятор Leoch DJW 6-7 (AGM, 7Ah)",akkumulyatory/dlya_ibp/agm,https://microchips.by/catalog/akkumulyatory/dlya_ibp/agm/3161/,7Ah,,AGM,Leoch,DJW 6-7,19,ok,Y,,
3162,"Аккумулятор MNB MS 7-6 F1 (AGM, 7Ah)",akkumulyatory/dlya_ibp/agm,https://microchips.by/catalog/akkumulyatory/dlya_ibp/agm/3162/,7Ah,,AGM,MNB,MS 7-6 F1,23,ok,Y,,
3163,"Аккумулятор Optimus OP 1207 (AGM, 7Ah)",akkumulyatory/dlya_ibp/agm,https://microchips.by/catalog/akkumulyatory/dlya_ibp/agm/3163/,7Ah,,AGM,Optimus,OP 1207,18,ok,Y,,
3164,"Аккумулятор Panasonic UP-VW1236P1 (AGM, 7Ah)",akkumulyatory/dlya_ibp/agm,https://microchips.by/catalog/akkumulyatory/dlya_ibp/agm/3164/,7Ah,,AGM,Panasonic,UP-VW1236P1,67,ok,Y,,
3165,"Аккумулятор Security Force SF 1207 (AGM, 7Ah)",akkumulyatory/dlya_ibp/agm,https://microchips.by/catalog/akkumulyatory/dlya_ibp/agm/3165/,7Ah,,AGM,Security Force,SF 1207,20,ok,Y,,
3166,"Аккумулятор Yuasa NP 7-6 (AGM, 7Ah)",akkumulyatory/dlya_ibp/agm,https://microchips.by/catalog/akkumulyatory/dlya_ibp/agm/3166/,7Ah,,AGM,Yuasa,NP 7-6,77.5,ok,Y,,
3167,"Аккумулятор Yuasa NP 7-12 (AGM, 7Ah)",akkumulyatory/dlya_ibp/agm,https://microchips.by/catalog/akkumulyatory/dlya_ibp/agm/3167/,7Ah,,AGM,Yuasa,NP 7-12,52,ok,Y,,
3168,"Аккумулятор Alarm Force FB 7.2-12 (AGM, 7.2Ah)",akkumulyatory/dlya_ibp/agm,https://microchips.by/catalog/akkumulyatory/dlya_ibp/agm/3168/,7.2Ah,,AGM,Alarm Force,FB 7.2-12,38.85,ok,Y,,
3174,"Аккумулятор Delta DTM 1207 (AGM, 7.2Ah)",akkumulyatory/dlya_ibp/agm,https://microchips.by/catalog/akkumulyatory/dlya_ibp/agm/3174/,7.2Ah,,AGM,Delta,DTM 1207,51,ok,Y,,
3175,"Аккумулятор Delta HR 12-7.2 (AGM, 7.2Ah)",akkumulyatory/dlya_ibp/agm,https://microchips.by/catalog/akkumulyatory/dlya_ibp/agm/3175/,7.2Ah,,AGM,Delta,HR 12-7.2,55,ok,Y,,
3176,"Аккумулятор Delta HR 6-7.2 (AGM, 7.2Ah)",akkumulyatory/dlya_ibp/agm,https://microchips.by/catalog/akkumulyatory/dlya_ibp/agm/3176/,7.2Ah,,AGM,Delta,HR 6-7.2,32,ok,Y,,
3177,"Аккумулятор Delta HRL 12-7.2 (AGM, 7.2Ah)",akkumulyatory/dlya_ibp/agm,https://microchips.by/catalog/akkumulyatory/dlya_ibp/agm/3177/,7.2Ah,,AGM,Delta,HRL 12-7.2,59,ok,Y,,
3178,"Аккумулятор Fiamm 12FGHL28 (AGM, 7.2Ah)",akkumulyatory/dlya_ibp/agm,https://microchips.by/catalog/akkumulyatory/dlya_ibp/agm/3178/,7.2Ah,,AGM,Fiamm,12FGHL28,63,ok,Y,,
3179,"Аккумулятор Fiamm  FG10721 (AGM, 7.2Ah)",akkumulyatory/dlya_ibp/agm,https://microchips.by/catalog/akkumulyatory/dlya_ibp/agm/3179/,7.2Ah,,AGM,Fiamm,FG10721,64,ok,Y,,
3180,"Аккумулятор Fiamm FG20721 (AGM, 7.2Ah)",akkumulyatory/dlya_ibp/agm,https://microchips.by/catalog/akkumulyatory/dlya_ibp/agm/3180/,7.2Ah,,AGM,Fiamm,FG20721,62,ok,Y,,
3181,"Аккумулятор Fiamm FG20722 (AGM, 7.2Ah)",akkumulyatory/dlya_ibp/agm,https://microchips.by/catalog/akkumulyatory/dlya_ibp/agm/3181/,7.2Ah,,AGM,Fiamm,FG20722,47,ok,Y,,
3182,"Аккумулятор General Security GS 7.2-12 F1 (AGM, 7.2Ah)",akkumulyatory/dlya_ibp/agm,https://microchips.by/catalog/akkumulyatory/dlya_ibp/agm/3182/,7.2Ah,,AGM,General Security,GS 7.2-12 F1,25.5,ok,Y,,
3183,"Аккумулятор General Security GSL 7.2-12 F1 (AGM, 7.2Ah)",akkumulyatory/dlya_ibp/agm,https://microchips.by/catalog/akkumulyatory/dlya_ibp/agm/3183/,7.2Ah,,AGM,General Security,GSL 7.2-12 F1,27.5,ok,Y,,
3184,"Аккумулятор Leoch DJW 12-7.2 (AGM, 7.2Ah)",akkumulyatory/dlya_ibp/agm,https://microchips.by/catalog/akkumulyatory/dlya_ibp/agm/3184/,7.2Ah,,AGM,Leoch,DJW 12-7.2,37.5,ok,Y,,
3185,"Аккумулятор MNB MS 7.2-12 F2 (AGM, 7.2Ah)",akkumulyatory/dlya_ibp/agm,https://microchips.by/catalog/akkumulyatory/dlya_ibp/agm/3185/,7.2Ah,,AGM,MNB,MS 7.2-12 F2,41,ok,Y,,
3189,"Аккумулятор Panasonic LC-R067R2P (AGM, 7.2Ah)",akkumulyatory/dlya_ibp/agm,https://microchips.by/catalog/akkumulyatory/dlya_ibp/agm/3189/,7.2Ah,,AGM,Panasonic,LC-R067R2P,42.5,ok,Y,,
3190,"Аккумулятор Panasonic LC-R067R2P1 (AGM, 7.2Ah)",akkumulyatory/dlya_ibp/agm,https://microchips.by/catalog/akkumulyatory/dlya_ibp/agm/3190/,7.2Ah,,AGM,Panasonic,LC-R067R2P1,42.5,ok,Y,,
3191,"Аккумулятор Panasonic LC-R127R2PG (AGM, 7.2Ah)",akkumulyatory/dlya_ibp/agm,https://microchips.by/catalog/akkumulyatory/dlya_ibp/agm/3191/,7.2Ah,,AGM,Panasonic,LC-R127R2PG,56,ok,Y,,
3192,"Аккумулятор Panasonic LC-R127R2PG1 (AGM, 7.2Ah)",akkumulyatory/dlya_ibp/agm,https://microchips.by/catalog/akkumulyatory/dlya_ibp/agm/3192/,7.2Ah,,AGM,Panasonic,LC-R127R2PG1,56,ok,Y,,
3194,"Аккумулятор WBR GP 1272 F2 (AGM, 7.2Ah)",akkumulyatory/dlya_ibp/agm,https://microchips.by/catalog/akkumulyatory/dlya_ibp/agm/3194/,7.2Ah,,AGM,WBR,GP 1272 F2,34,ok,Y,,
3195,"Аккумулятор WBR GP 672 (AGM, 7.2Ah)",akkumulyatory/dlya_ibp/agm,https://microchips.by/catalog/akkumulyatory/dlya_ibp/agm/3195/,7.2Ah,,AGM,WBR,GP 672,18,ok,Y,,
3196,"Аккумулятор WBR GPL 1272 F2 (AGM, 7.2Ah)",akkumulyatory/dlya_ibp/agm,https://microchips.by/catalog/akkumulyatory/dlya_ibp/agm/3196/,7.2Ah,,AGM,WBR,GPL 1272 F2,41,ok,Y,,
3197,"Аккумулятор Восток СК-1207 (AGM, 7.2Ah)",akkumulyatory/dlya_ibp/agm,https://microchips.by/catalog/akkumulyatory/dlya_ibp/agm/3197/,7.2Ah,,AGM,Восток,СК-1207,44,ok,Y,,
3199,"Аккумулятор Fiamm 12FGL70/L (AGM, 70Ah)",akkumulyatory/dlya_ibp/agm,https://microchips.by/catalog/akkumulyatory/dlya_ibp/agm/3199/,70Ah,,AGM,Fiamm,12FGL70/L,896,ok,Y,,
3200,"Аккумулятор Fiamm 12FLB250 P (AGM, 70Ah)",akkumulyatory/dlya_ibp/agm,https://microchips.by/catalog/akkumulyatory/dlya_ibp/agm/3200/,70Ah,,AGM,Fiamm,12FLB250 P,968,ok,Y,,
3201,"Аккумулятор Fiamm FG27004 (AGM, 70Ah)",akkumulyatory/dlya_ibp/agm,https://microchips.by/catalog/akkumulyatory/dlya_ibp/agm/3201/,70Ah,,AGM,Fiamm,FG27004,350,ok,Y,,
3203,"Аккумулятор Panasonic LC-QA1270P (AGM, 70Ah)",akkumulyatory/dlya_ibp/agm,https://microchips.by/catalog/akkumulyatory/dlya_ibp/agm/3203/,70Ah,,AGM,Panasonic,LC-QA1270P,769,ok,Y,,
3204,"Аккумулятор Panasonic LC-T1270P (AGM, 70Ah)",akkumulyatory/dlya_ibp/agm,https://microchips.by/catalog/akkumulyatory/dlya_ibp/agm/3204/,70Ah,,AGM,Panasonic,LC-T1270P,653,ok,Y,,
3205,"Аккумулятор Sprinter XP12V2500 (AGM, 69Ah)",akkumulyatory/dlya_ibp/agm,https://microchips.by/catalog/akkumulyatory/dlya_ibp/agm/3205/,69Ah,,AGM,Sprinter,XP12V2500,852,ok,Y,,
3206,"Аккумулятор CSB HRL12280W (AGM, 72Ah)",akkumulyatory/dlya_ibp/agm,https://microchips.by/catalog/akkumulyatory/dlya_ibp/agm/3206/,72Ah,,AGM,CSB,HRL12280W,955,ok,Y,,
3207,"Аккумулятор Marathon M12V70 (AGM, 72Ah)",akkumulyatory/dlya_ibp/agm,https://microchips.by/catalog/akkumulyatory/dlya_ibp/agm/3207/,72Ah,,AGM,Marathon,M12V70,890.7,ok,Y,,
3208,"Аккумулятор Marathon M12V70 V0 (AGM, 72Ah)",akkumulyatory/dlya_ibp/agm,https://microchips.by/catalog/akkumulyatory/dlya_ibp/agm/3208/,72Ah,,AGM,Marathon,M12V70 V0,960.5,ok,Y,,
3209,"Аккумулятор Marathon XL12V70 (AGM, 72Ah)",akkumulyatory/dlya_ibp/agm,https://microchips.by/catalog/akkumulyatory/dlya_ibp/agm/3209/,72Ah,,AGM,Marathon,XL12V70,632.5,ok,Y,,
3210,"Аккумулятор Marathon XL12V70 V0 (AGM, 72Ah)",akkumulyatory/dlya_ibp/agm,https://microchips.by/catalog/akkumulyatory/dlya_ibp/agm/3210/,72Ah,,AGM,Marathon,XL12V70 V0,652,ok,Y,,
3211,"Аккумулятор CSB GPL12750 (AGM, 75Ah)",akkumulyatory/dlya_ibp/agm,https://microchips.by/catalog/akkumulyatory/dlya_ibp/agm/3211/,75Ah,,AGM,CSB,GPL12750,748,ok,Y,,
3212,"Аккумулятор Delta DT 1275 (AGM, 75Ah)",akkumulyatory/dlya_ibp/agm,https://microchips.by/catalog/akkumulyatory/dlya_ibp/agm/3212/,75Ah,,AGM,Delta,DT 1275,445,ok,Y,,
3213,"Аккумулятор Delta DTM 1275 L (AGM, 75Ah)",akkumulyatory/dlya_ibp/agm,https://microchips.by/catalog/akkumulyatory/dlya_ibp/agm/3213/,75Ah,,AGM,Delta,DTM 1275 L,495,ok,Y,,
3214,"Аккумулятор Delta HRL 12-320W (AGM, 75Ah)",akkumulyatory/dlya_ibp/agm,https://microchips.by/catalog/akkumulyatory/dlya_ibp/agm/3214/,75Ah,,AGM,Delta,HRL 12-320W,380,ok,Y,,
3215,"Аккумулятор Delta HRL 12-75 (AGM, 75Ah)",akkumulyatory/dlya_ibp/agm,https://microchips.by/catalog/akkumulyatory/dlya_ibp/agm/3215/,75Ah,,AGM,Delta,HRL 12-75,568,ok,Y,,
3217,"Аккумулятор Fiamm 12FLB300P (AGM, 75Ah)",akkumulyatory/dlya_ibp/agm,https://microchips.by/catalog/akkumulyatory/dlya_ibp/agm/3217/,75Ah,,AGM,Fiamm,12FLB300P,897,ok,Y,,
3218,"Аккумулятор Leoch DJM 1275 (AGM, 75Ah)",akkumulyatory/dlya_ibp/agm,https://microchips.by/catalog/akkumulyatory/dlya_ibp/agm/3218/,75Ah,,AGM,Leoch,DJM 1275,386,ok,Y,,
3219,"Аккумулятор  MNB MM 75-12 (AGM, 75Ah)",akkumulyatory/dlya_ibp/agm,https://microchips.by/catalog/akkumulyatory/dlya_ibp/agm/3219/,75Ah,,AGM,MNB,MM 75-12,439.5,ok,Y,,
3220,"Аккумулятор MNB MNG 75-12 для ИБП (GEL, 75Ah)",akkumulyatory/dlya_ibp/gelevye,https://microchips.by/catalog/akkumulyatory/dlya_ibp/gelevye/3220/,75Ah,,GEL,MNB,MNG 75-12,445,ok,Y,,
3221,"Аккумулятор MNB MR 65-12FT (AGM, 65Ah)",akkumulyatory/dlya_ibp/agm,https://microchips.by/catalog/akkumulyatory/dlya_ibp/agm/3221/,65Ah,,AGM,MNB,MR 65-12FT,418,ok,Y,,
3222,"Аккумулятор Panasonic LC-P1275P (AGM, 75Ah)",akkumulyatory/dlya_ibp/agm,https://microchips.by/catalog/akkumulyatory/dlya_ibp/agm/3222/,75Ah,,AGM,Panasonic,LC-P1275P,585,ok,Y,,
3223,"Аккумулятор Sonnenschein Dryfit Solar Block SB 12/75 A для ИБП (GEL, 75Ah)",akkumulyatory/dlya_ibp/gelevye,https://microchips.by/catalog/akkumulyatory/dlya_ibp/gelevye/3223/,75Ah,,GEL,Sonnenschein,Dryfit Solar Block SB 12/75 A,1325,ok,Y,,
3224,"Аккумулятор WBR GPL 12750 (AGM, 75Ah)",akkumulyatory/dlya_ibp/agm,https://microchips.by/catalog/akkumulyatory/dlya_ibp/agm/3224/,75Ah,,AGM,WBR,GPL 12750,366,ok,Y,,
3225,"Аккумулятор WBR HRL 12280W (AGM, 75Ah)",akkumulyatory/dlya_ibp/agm,https://microchips.by/catalog/akkumulyatory/dlya_ibp/agm/3225/,75Ah,,AGM,WBR,HRL 12280W,382,ok,Y,,
3226,"Аккумулятор Восток PRO СК-1275 (AGM, 75Ah)",akkumulyatory/dlya_ibp/agm,https://microchips.by/catalog/akkumulyatory/dlya_ibp/agm/3226/,75Ah,,AGM,Восток,PRO СК-1275,391,ok,Y,,
3227,"Аккумулятор Yuasa SWL2250 (AGM, 76Ah)",akkumulyatory/dlya_ibp/agm,https://microchips.by/catalog/akkumulyatory/dlya_ibp/agm/3227/,76Ah,,AGM,Yuasa,SWL2250,573,ok,Y,,
3228,"Аккумулятор Yuasa NPL78–12lFR (AGM, 78Ah)",akkumulyatory/dlya_ibp/agm,https://microchips.by/catalog/akkumulyatory/dlya_ibp/agm/3228/,78Ah,,AGM,Yuasa,NPL78–12lFR,796,ok,Y,,
3229,"Аккумулятор Yuasa SWL2300E (AGM, 78Ah)",akkumulyatory/dlya_ibp/agm,https://microchips.by/catalog/akkumulyatory/dlya_ibp/agm/3229/,78Ah,,AGM,Yuasa,SWL2300E,689,ok,Y,,
3230,"Аккумулятор Delta CT 1208 (AGM, 8Ah)",akkumulyatory/dlya_ibp/agm,https://microchips.by/catalog/akkumulyatory/dlya_ibp/agm/3230/,8Ah,,AGM,Delta,CT 1208,91,ok,Y,,
3232,"Аккумулятор Panasonic UP-VW0645P1 (AGM, 8Ah)",akkumulyatory/dlya_ibp/agm,https://microchips.by/catalog/akkumulyatory/dlya_ibp/agm/3232/,8Ah,,AGM,Panasonic,UP-VW0645P1,60.5,ok,Y,,
3233,"Аккумулятор Panasonic UP-VW1245P1 (AGM, 8Ah)",akkumulyatory/dlya_ibp/agm,https://microchips.by/catalog/akkumulyatory/dlya_ibp/agm/3233/,8Ah,,AGM,Panasonic,UP-VW1245P1,69,ok,Y,,
3234,"Аккумулятор Yuasa REW 45-12 (AGM, 8Ah)",akkumulyatory/dlya_ibp/agm,https://microchips.by/catalog/akkumulyatory/dlya_ibp/agm/3234/,8Ah,,AGM,Yuasa,REW 45-12,112,ok,Y,,
3236,"Аккумулятор Yuasa NPW 45-12 (AGM, 8.5Ah)",akkumulyatory/dlya_ibp/agm,https://microchips.by/catalog/akkumulyatory/dlya_ibp/agm/3236/,8.5Ah,,AGM,Yuasa,NPW 45-12,79,ok,Y,,
3237,"Аккумулятор Delta FTS 12-80 (AGM, 80Ah)",akkumulyatory/dlya_ibp/agm,https://microchips.by/catalog/akkumulyatory/dlya_ibp/agm/3237/,80Ah,,AGM,Delta,FTS 12-80,410,ok,Y,,
3238,"Аккумулятор Delta HRL 12-370W (AGM, 80Ah)",akkumulyatory/dlya_ibp/agm,https://microchips.by/catalog/akkumulyatory/dlya_ibp/agm/3238/,80Ah,,AGM,Delta,HRL 12-370W,499,ok,Y,,
3239,"Аккумулятор Delta HRL 12-80 (AGM, 80Ah)",akkumulyatory/dlya_ibp/agm,https://microchips.by/catalog/akkumulyatory/dlya_ibp/agm/3239/,80Ah,,AGM,Delta,HRL 12-80,418,ok,Y,,
3241,"Аккумулятор Fiamm 12SLA80L (AGM, 80Ah)",akkumulyatory/dlya_ibp/agm,https://microchips.by/catalog/akkumulyatory/dlya_ibp/agm/3241/,80Ah,,AGM,Fiamm,12SLA80L,986,ok,Y,,
3242,"Аккумулятор Fiamm FG28009 (AGM, 80Ah)",akkumulyatory/dlya_ibp/agm,https://microchips.by/catalog/akkumulyatory/dlya_ibp/agm/3242/,80Ah,,AGM,Fiamm,FG28009,744,ok,Y,,
3243,"Аккумулятор MNB MR 80-12FT (AGM, 80Ah)",akkumulyatory/dlya_ibp/agm,https://microchips.by/catalog/akkumulyatory/dlya_ibp/agm/3243/,80Ah,,AGM,MNB,MR 80-12FT,492,ok,Y,,
3244,"Аккумулятор Восток PRO TC-1280 (AGM, 80Ah)",akkumulyatory/dlya_ibp/agm,https://microchips.by/catalog/akkumulyatory/dlya_ibp/agm/3244/,80Ah,,AGM,Восток,PRO TC-1280,542,ok,Y,,
3247,"Аккумулятор CSB HRL12330W (AGM, 85Ah)",akkumulyatory/dlya_ibp/agm,https://microchips.by/catalog/akkumulyatory/dlya_ibp/agm/3247/,85Ah,,AGM,CSB,HRL12330W,780,ok,Y,,
3248,"Аккумулятор Sonnenschein A512/85 A для ИБП (GEL, 85Ah)",akkumulyatory/dlya_ibp/gelevye,https://microchips.by/catalog/akkumulyatory/dlya_ibp/gelevye/3248/,85Ah,,GEL,Sonnenschein,A512/85 A,958,ok,Y,,
3249,"Аккумулятор Sonnenschein Dryfit Solar S 12/85 A для ИБП (GEL, 85Ah)",akkumulyatory/dlya_ibp/gelevye,https://microchips.by/catalog/akkumulyatory/dlya_ibp/gelevye/3249/,85Ah,,GEL,Sonnenschein,Dryfit Solar S 12/85 A,1180,ok,Y,,
3250,"Аккумулятор Marathon M12V90FT (AGM, 90Ah)",akkumulyatory/dlya_ibp/agm,https://microchips.by/catalog/akkumulyatory/dlya_ibp/agm/3250/,90Ah,,AGM,Marathon,M12V90FT,846,ok,Y,,
3251,"Аккумулятор Marathon M12V90FT V0 (AGM, 90Ah)",akkumulyatory/dlya_ibp/agm,https://microchips.by/catalog/akkumulyatory/dlya_ibp/agm/3251/,90Ah,,AGM,Marathon,M12V90FT V0,831,ok,Y,,
3252,"Аккумулятор Sprinter S12V370 (AGM, 87Ah)",akkumulyatory/dlya_ibp/agm,https://microchips.by/catalog/akkumulyatory/dlya_ibp/agm/3252/,87Ah,,AGM,Sprinter,S12V370,710,ok,Y,,
3254,"Аккумулятор CSB GPL12880 (AGM, 88Ah)",akkumulyatory/dlya_ibp/agm,https://microchips.by/catalog/akkumulyatory/dlya_ibp/agm/3254/,88Ah,,AGM,CSB,GPL12880,1030,ok,Y,,
3255,"Аккумулятор Marathon M12V90 (AGM, 90Ah)",akkumulyatory/dlya_ibp/agm,https://microchips.by/catalog/akkumulyatory/dlya_ibp/agm/3255/,90Ah,,AGM,Marathon,M12V90,750,ok,Y,,
3256,"Аккумулятор Marathon M12V90 F V0 (AGM, 90Ah)",akkumulyatory/dlya_ibp/agm,https://microchips.by/catalog/akkumulyatory/dlya_ibp/agm/3256/,90Ah,,AGM,Marathon,M12V90 F V0,733,ok,Y,,
3257,"Аккумулятор CSB HR1234W F2 (AGM, 9Ah)",akkumulyatory/dlya_ibp/agm,https://microchips.by/catalog/akkumulyatory/dlya_ibp/agm/3257/,9Ah,,AGM,CSB,HR1234W F2,80,ok,Y,,
3258,"Аккумулятор CSB HRL1234W F2FR (AGM, 9Ah)",akkumulyatory/dlya_ibp/agm,https://microchips.by/catalog/akkumulyatory/dlya_ibp/agm/3258/,9Ah,,AGM,CSB,HRL1234W F2FR,99,ok,Y,,
3259,"Аккумулятор CSB HRL634W F2 (AGM, 9Ah)",akkumulyatory/dlya_ibp/agm,https://microchips.by/catalog/akkumulyatory/dlya_ibp/agm/3259/,9Ah,,AGM,CSB,HRL634W F2,90,ok,Y,,
3260,"Аккумулятор Delta CT 1209 (AGM, 9Ah)",akkumulyatory/dlya_ibp/agm,https://microchips.by/catalog/akkumulyatory/dlya_ibp/agm/3260/,9Ah,,AGM,Delta,CT 1209,92,ok,Y,,
3261,"Аккумулятор Delta DTM 1209 (AGM, 9Ah)",akkumulyatory/dlya_ibp/agm,https://microchips.by/catalog/akkumulyatory/dlya_ibp/agm/3261/,9Ah,,AGM,Delta,DTM 1209,51,ok,Y,,
3262,"Аккумулятор Delta HR 12-34W (AGM, 9Ah)",akkumulyatory/dlya_ibp/agm,https://microchips.by/catalog/akkumulyatory/dlya_ibp/agm/3262/,9Ah,,AGM,Delta,HR 12-34W,65,ok,Y,,
3263,"Аккумулятор Delta HR 12-9 (AGM, 9Ah)",akkumulyatory/dlya_ibp/agm,https://microchips.by/catalog/akkumulyatory/dlya_ibp/agm/3263/,9Ah,,AGM,Delta,HR 12-9,69,ok,Y,,
3264,"Аккумулятор Delta HR 6-9 (AGM, 8.8Ah)",akkumulyatory/dlya_ibp/agm,https://microchips.by/catalog/akkumulyatory/dlya_ibp/agm/3264/,8.8Ah,,AGM,Delta,HR 6-9,42,ok,Y,,
3265,"Аккумулятор Delta HRL 12-9 (1234W) (AGM, 9Ah)",akkumulyatory/dlya_ibp/agm,https://microchips.by/catalog/akkumulyatory/dlya_ibp/agm/3265/,9Ah,,AGM,Delta,HRL 12-9,60,ok,Y,,
3266,"Аккумулятор Fiamm 12FGH36 (AGM, 9Ah)",akkumulyatory/dlya_ibp/agm,https://microchips.by/catalog/akkumulyatory/dlya_ibp/agm/3266/,9Ah,,AGM,Fiamm,12FGH36,126,ok,Y,,
3267,"Аккумулятор Fiamm 12FGHL34 (AGM, 9Ah)",akkumulyatory/dlya_ibp/agm,https://microchips.by/catalog/akkumulyatory/dlya_ibp/agm/3267/,9Ah,,AGM,Fiamm,12FGHL34,114,ok,Y,,
3268,"Аккумулятор General Security GS 9-12 (AGM, 9Ah)",akkumulyatory/dlya_ibp/agm,https://microchips.by/catalog/akkumulyatory/dlya_ibp/agm/3268/,9Ah,,AGM,General Security,GS 9-12,32.5,ok,Y,,
3269,"Аккумулятор General Security GSL 9-12 (AGM, 9Ah)",akkumulyatory/dlya_ibp/agm,https://microchips.by/catalog/akkumulyatory/dlya_ibp/agm/3269/,9Ah,,AGM,General Security,GSL 9-12,35.5,ok,Y,,
3270,"Аккумулятор MNB HR 1234W F2 (AGM, 9Ah)",akkumulyatory/dlya_ibp/agm,https://microchips.by/catalog/akkumulyatory/dlya_ibp/agm/3270/,9Ah,,AGM,MNB,HR 1234W F2,65.5,ok,Y,,
3271,"Аккумулятор WBR HR 1234W F2 (AGM, 9Ah)",akkumulyatory/dlya_ibp/agm,https://microchips.by/catalog/akkumulyatory/dlya_ibp/agm/3271/,9Ah,,AGM,WBR,HR 1234W F2,42.5,ok,Y,,
3272,"Аккумулятор WBR HRL 1234W (AGM, 9Ah)",akkumulyatory/dlya_ibp/agm,https://microchips.by/catalog/akkumulyatory/dlya_ibp/agm/3272/,9Ah,,AGM,WBR,HRL 1234W,65.5,ok,Y,,
3273,"Аккумулятор Восток PRO СК-1209 (AGM, 9Ah)",akkumulyatory/dlya_ibp/agm,https://microchips.by/catalog/akkumulyatory/dlya_ibp/agm/3273/,9Ah,,AGM,Восток,PRO СК-1209,43.5,ok,Y,,
3274,"Аккумулятор Delta DTM 1290 L (AGM, 90Ah)",akkumulyatory/dlya_ibp/agm,https://microchips.by/catalog/akkumulyatory/dlya_ibp/agm/3274/,90Ah,,AGM,Delta,DTM 1290 L,549,ok,Y,,
3275,"Аккумулятор Delta HRL 12-420W (AGM, 90Ah)",akkumulyatory/dlya_ibp/agm,https://microchips.by/catalog/akkumulyatory/dlya_ibp/agm/3275/,90Ah,,AGM,Delta,HRL 12-420W,550,ok,Y,,
3276,"Аккумулятор Delta HRL 12-90 (AGM, 90Ah)",akkumulyatory/dlya_ibp/agm,https://microchips.by/catalog/akkumulyatory/dlya_ibp/agm/3276/,90Ah,,AGM,Delta,HRL 12-90,420,ok,Y,,
3277,"Аккумулятор Fiamm 12FIT90 (AGM, 90Ah)",akkumulyatory/dlya_ibp/agm,https://microchips.by/catalog/akkumulyatory/dlya_ibp/agm/3277/,90Ah,,AGM,Fiamm,12FIT90,1590,ok,Y,,
3278,"Аккумулятор Leoch DJM 1290 (AGM, 90Ah)",akkumulyatory/dlya_ibp/agm,https://microchips.by/catalog/akkumulyatory/dlya_ibp/agm/3278/,90Ah,,AGM,Leoch,DJM 1290,448,ok,Y,,
3279,"Аккумулятор Marathon XL12V85 (AGM, 85Ah)",akkumulyatory/dlya_ibp/agm,https://microchips.by/catalog/akkumulyatory/dlya_ibp/agm/3279/,85Ah,,AGM,Marathon,XL12V85,737,ok,Y,,
3280,"Аккумулятор Marathon XL12V85 V0 (AGM, 85Ah)",akkumulyatory/dlya_ibp/agm,https://microchips.by/catalog/akkumulyatory/dlya_ibp/agm/3280/,85Ah,,AGM,Marathon,XL12V85 V0,752,ok,Y,,
3281,"Аккумулятор MNB MNG 90-12 для ИБП (GEL, 90Ah)",akkumulyatory/dlya_ibp/gelevye,https://microchips.by/catalog/akkumulyatory/dlya_ibp/gelevye/3281/,90Ah,,GEL,MNB,MNG 90-12,,zero_or_invalid,Y,,
3283,"Аккумулятор Sonnenschein A412/90 A для ИБП (GEL, 90Ah)",akkumulyatory/dlya_ibp/gelevye,https://microchips.by/catalog/akkumulyatory/dlya_ibp/gelevye/3283/,90Ah,,GEL,Sonnenschein,A412/90 A,1045,ok,Y,,
3284,"Аккумулятор Sonnenschein A412/90 F10 для ИБП (GEL, 90Ah)",akkumulyatory/dlya_ibp/gelevye,https://microchips.by/catalog/akkumulyatory/dlya_ibp/gelevye/3284/,90Ah,,GEL,Sonnenschein,A412/90 F10,1096,ok,Y,,
3285,"Аккумулятор Sonnenschein Dryfit Solar S 12/90 A для ИБП (GEL, 90Ah)",akkumulyatory/dlya_ibp/gelevye,https://microchips.by/catalog/akkumulyatory/dlya_ibp/gelevye/3285/,90Ah,,GEL,Sonnenschein,Dryfit Solar S 12/90 A,930,ok,Y,,
3286,"Аккумулятор Yuasa SWL2500 (AGM, 90Ah)",akkumulyatory/dlya_ibp/agm,https://microchips.by/catalog/akkumulyatory/dlya_ibp/agm/3286/,90Ah,,AGM,Yuasa,SWL2500,651,ok,Y,,
3287,"Аккумулятор Yuasa SWL2500FR (AGM, 90Ah)",akkumulyatory/dlya_ibp/agm,https://microchips.by/catalog/akkumulyatory/dlya_ibp/agm/3287/,90Ah,,AGM,Yuasa,SWL2500FR,664.5,ok,Y,,
3288,"Аккумулятор Восток PRO СК-1290 (AGM, 90Ah)",akkumulyatory/dlya_ibp/agm,https://microchips.by/catalog/akkumulyatory/dlya_ibp/agm/3288/,90Ah,,AGM,Восток,PRO СК-1290,448.5,ok,Y,,
3289,"Аккумулятор Sonnenschein A612/100 для ИБП (GEL, 91Ah)",akkumulyatory/dlya_ibp/gelevye,https://microchips.by/catalog/akkumulyatory/dlya_ibp/gelevye/3289/,91Ah,,GEL,Sonnenschein,A612/100,1116,ok,Y,,
3291,"Аккумулятор Sprinter XP12V3000 (AGM, 92Ah)",akkumulyatory/dlya_ibp/agm,https://microchips.by/catalog/akkumulyatory/dlya_ibp/agm/3291/,92Ah,,AGM,Sprinter,XP12V3000,1132,ok,Y,,
3293,"Аккумулятор Fiamm 12FLB350P (AGM, 95Ah)",akkumulyatory/dlya_ibp/agm,https://microchips.by/catalog/akkumulyatory/dlya_ibp/agm/3293/,95Ah,,AGM,Fiamm,12FLB350P,1147,ok,Y,,
3736,"Аккумулятор Восток PRO СК-1212 (AGM, 12Ah)",akkumulyatory/dlya_ibp/agm,https://microchips.by/catalog/akkumulyatory/dlya_ibp/agm/3736/,12Ah,,AGM,Восток,PRO СК-1212,75,ok,Y,,
4728,Источник бесперебойного питания Hiden Expert UDC9206S-RT,istochniki-pitaniya/ibp,https://microchips.by/catalog/istochniki-pitaniya/ibp/4728/,,,,Hiden Expert,UDC9206S-RT,5950,ok,Y,,
4729,Источник бесперебойного питания Hiden Expert UDC9201S,istochniki-pitaniya/ibp,https://microchips.by/catalog/istochniki-pitaniya/ibp/4729/,,,,Hiden Expert,UDC9201S,1365,ok,Y,,
4805,"Аккумулятор Panasonic LC-CA1212P1 (AGM, 12Ah)",akkumulyatory/dlya_ibp/agm,https://microchips.by/catalog/akkumulyatory/dlya_ibp/agm/4805/,12Ah,,AGM,Panasonic,LC-CA1212P1,,zero_or_invalid,Y,,
741,"Аккумулятор EnerSys Cyclon D Cell (AGM, 2.5 Ah)",akkumulyatory/promyshlennye,https://microchips.by/catalog/akkumulyatory/promyshlennye/741/,2.5 Ah,,AGM,EnerSys,Cyclon D Cell,38,ok,Y,,
742,"Аккумулятор EnerSys Cyclon X Cell (AGM, 5 Ah, 2V)",akkumulyatory/promyshlennye,https://microchips.by/catalog/akkumulyatory/promyshlennye/742/,5 Ah,2V,AGM,EnerSys,Cyclon X Cell,75,ok,Y,,
754,"Аккумулятор CSB GP1272 F2 (AGM, 7Ah)",akkumulyatory/dlya_ibp/agm,https://microchips.by/catalog/akkumulyatory/dlya_ibp/agm/754/,7Ah,,AGM,CSB,GP1272 F2,56,ok,Y,,
845,"Аккумулятор Fiamm LM/S 435 для ИБП (OPzS, 435Ah)",akkumulyatory/dlya_ibp/opzs,https://microchips.by/catalog/akkumulyatory/dlya_ibp/opzs/845/,435Ah,,OPzS,Fiamm,LM/S 435,,zero_or_invalid,Y,,
849,"Аккумулятор Fiamm 2SLA500 (AGM, 500Ah)",akkumulyatory/dlya_ibp/agm,https://microchips.by/catalog/akkumulyatory/dlya_ibp/agm/849/,500Ah,,AGM,Fiamm,2SLA500,1198,ok,Y,,
853,"Аккумулятор Fiamm 2SLA580 (AGM, 580Ah)",akkumulyatory/dlya_ibp/agm,https://microchips.by/catalog/akkumulyatory/dlya_ibp/agm/853/,580Ah,,AGM,Fiamm,2SLA580,1263,ok,Y,,
857,"Аккумулятор Fiamm SMG 720 для ИБП (GEL, 720Ah)",akkumulyatory/dlya_ibp/gelevye,https://microchips.by/catalog/akkumulyatory/dlya_ibp/gelevye/857/,720Ah,,GEL,Fiamm,SMG 720,,zero_or_invalid,Y,,
858,"Аккумулятор Fiamm 2SLA800 (AGM, 800Ah)",akkumulyatory/dlya_ibp/agm,https://microchips.by/catalog/akkumulyatory/dlya_ibp/agm/858/,800Ah,,AGM,Fiamm,2SLA800,2228,ok,Y,,
862,"Аккумулятор FL-250 P (ТНЖ-250 П-У2) (NiFe, 250Ah)",akkumulyatory/promyshlennye/zhelezo-nikelevye,https://microchips.by/catalog/akkumulyatory/promyshlennye/zhelezo-nikelevye/862/,250Ah,,,,,,нет данных в бэкапе,,,
863,"Аккумулятор FL-300 P (ВНЖ-300 П-У2) (NiFe, 300Ah)",akkumulyatory/promyshlennye/zhelezo-nikelevye,https://microchips.by/catalog/akkumulyatory/promyshlennye/zhelezo-nikelevye/863/,300Ah,,,,,,нет данных в бэкапе,,,
864,"Аккумулятор FL-300 ВМP (ТНЖ-300 ВМП-У2) (NiFe, 300Ah)",akkumulyatory/promyshlennye/zhelezo-nikelevye,https://microchips.by/catalog/akkumulyatory/promyshlennye/zhelezo-nikelevye/864/,300Ah,,,,,,нет данных в бэкапе,,,
865,"Аккумулятор FL-350 II KP (ТНЖК-350-II П-У2) (NiFe, 350Ah)",akkumulyatory/promyshlennye/zhelezo-nikelevye,https://microchips.by/catalog/akkumulyatory/promyshlennye/zhelezo-nikelevye/865/,350Ah,,,,,,нет данных в бэкапе,,,
866,"Аккумулятор FL-350 M (ТНЖ-350 У5) (NiFe, 350Ah)",akkumulyatory/promyshlennye/zhelezo-nikelevye,https://microchips.by/catalog/akkumulyatory/promyshlennye/zhelezo-nikelevye/866/,350Ah,,,,,,нет данных в бэкапе,,,
867,"Аккумулятор FL-400 P (ТНЖ-400 П-У2) (NiFe, 400Ah)",akkumulyatory/promyshlennye/zhelezo-nikelevye,https://microchips.by/catalog/akkumulyatory/promyshlennye/zhelezo-nikelevye/867/,400Ah,,,,,,нет данных в бэкапе,,,
868,"Аккумулятор FL-450 P (ТНЖ-450 П-У2) (NiFe, 450Ah)",akkumulyatory/promyshlennye/zhelezo-nikelevye,https://microchips.by/catalog/akkumulyatory/promyshlennye/zhelezo-nikelevye/868/,450Ah,,,,,,нет данных в бэкапе,,,
869,"Аккумулятор FL-500 KP (ТНЖК-500 П-У2) (NiFe, 500Ah)",akkumulyatory/promyshlennye/zhelezo-nikelevye,https://microchips.by/catalog/akkumulyatory/promyshlennye/zhelezo-nikelevye/869/,500Ah,,,,,,нет данных в бэкапе,,,
870,"Аккумулятор FL-500 M (ТНЖIII-500-У5) (NiFe, 500Ah)",akkumulyatory/promyshlennye/zhelezo-nikelevye,https://microchips.by/catalog/akkumulyatory/promyshlennye/zhelezo-nikelevye/870/,500Ah,,,,,,нет данных в бэкапе,,,
875,Аккумулятор KGL- 70 P (с электролитом) (ЗАИТ),akkumulyatory/promyshlennye/dlya_rezervnogo_pitaniya,https://microchips.by/catalog/akkumulyatory/promyshlennye/dlya_rezervnogo_pitaniya/875/,,,,ЗАИТ,KGL- 70 P,,missing,Y,,
876,Аккумулятор KGL-100 P (с электролитом) (ЗАИТ),akkumulyatory/promyshlennye/dlya_rezervnogo_pitaniya,https://microchips.by/catalog/akkumulyatory/promyshlennye/dlya_rezervnogo_pitaniya/876/,,,,ЗАИТ,KGL-100 P,43651,ok,Y,,
877,Аккумулятор KGL-125 P (с электролитом) (ЗАИТ),akkumulyatory/promyshlennye/dlya_rezervnogo_pitaniya,https://microchips.by/catalog/akkumulyatory/promyshlennye/dlya_rezervnogo_pitaniya/877/,,,,ЗАИТ,KGL-125 P,43471,ok,Y,,
878,Аккумулятор KGL-140P (с электролитом) (ЗАИТ),akkumulyatory/promyshlennye/dlya_rezervnogo_pitaniya,https://microchips.by/catalog/akkumulyatory/promyshlennye/dlya_rezervnogo_pitaniya/878/,,,,ЗАИТ,KGL-140P,,missing,Y,,
879,Аккумулятор KGL-160 P (с электролитом) (ЗАИТ),akkumulyatory/promyshlennye/dlya_rezervnogo_pitaniya,https://microchips.by/catalog/akkumulyatory/promyshlennye/dlya_rezervnogo_pitaniya/879/,,,,ЗАИТ,KGL-160 P,,missing,Y,,
880,Аккумулятор KGL-300 P (с электролитом) (ЗАИТ),akkumulyatory/promyshlennye/dlya_rezervnogo_pitaniya,https://microchips.by/catalog/akkumulyatory/promyshlennye/dlya_rezervnogo_pitaniya/880/,,,,ЗАИТ,KGL-300 P,,missing,Y,,
881,Аккумулятор KGL-350 P (с электролитом) (ЗАИТ),akkumulyatory/promyshlennye/dlya_rezervnogo_pitaniya,https://microchips.by/catalog/akkumulyatory/promyshlennye/dlya_rezervnogo_pitaniya/881/,,,,ЗАИТ,KGL-350 P,,missing,Y,,
882,Аккумулятор KGL-450 P (с электролитом) (ЗАИТ),akkumulyatory/promyshlennye/dlya_rezervnogo_pitaniya,https://microchips.by/catalog/akkumulyatory/promyshlennye/dlya_rezervnogo_pitaniya/882/,,,,ЗАИТ,KGL-450 P,43727,ok,Y,,
883,Аккумулятор KGL-500 P (с электролитом) (ЗАИТ),akkumulyatory/promyshlennye/dlya_rezervnogo_pitaniya,https://microchips.by/catalog/akkumulyatory/promyshlennye/dlya_rezervnogo_pitaniya/883/,,,,ЗАИТ,KGL-500 P,,missing,Y,,
884,Аккумулятор KL- 55 P (НК 55П),akkumulyatory/promyshlennye/dlya_rezervnogo_pitaniya,https://microchips.by/catalog/akkumulyatory/promyshlennye/dlya_rezervnogo_pitaniya/884/,,,,,KL- 55 P,41.57,ok,Y,,
885,Аккумулятор KL- 80 P (НК 80П),akkumulyatory/promyshlennye/dlya_rezervnogo_pitaniya,https://microchips.by/catalog/akkumulyatory/promyshlennye/dlya_rezervnogo_pitaniya/885/,,,,,KL- 80 P,63.08,ok,Y,,
886,Аккумулятор KL-125 P (без электролита) (ЗАИТ),akkumulyatory/promyshlennye/dlya_rezervnogo_pitaniya,https://microchips.by/catalog/akkumulyatory/promyshlennye/dlya_rezervnogo_pitaniya/886/,,,,ЗАИТ,KL-125 P,43528,ok,Y,,
887,Аккумулятор KL-125 P (НК 125П),akkumulyatory/promyshlennye/dlya_rezervnogo_pitaniya,https://microchips.by/catalog/akkumulyatory/promyshlennye/dlya_rezervnogo_pitaniya/887/,,,,,KL-125 P,77.64,ok,Y,,
888,Аккумулятор KL-160 P (без электролита) (ЗАИТ),akkumulyatory/promyshlennye/dlya_rezervnogo_pitaniya,https://microchips.by/catalog/akkumulyatory/promyshlennye/dlya_rezervnogo_pitaniya/888/,,,,ЗАИТ,KL-160 P,43591,ok,Y,,
889,Аккумулятор KL-160 P (с электролитом) (ЗАИТ),akkumulyatory/promyshlennye/dlya_rezervnogo_pitaniya,https://microchips.by/catalog/akkumulyatory/promyshlennye/dlya_rezervnogo_pitaniya/889/,,,,ЗАИТ,KL-160 P,43593,ok,Y,,
890,Аккумулятор KL-250 P (без электролита) (ЗАИТ),akkumulyatory/promyshlennye/dlya_rezervnogo_pitaniya,https://microchips.by/catalog/akkumulyatory/promyshlennye/dlya_rezervnogo_pitaniya/890/,,,,ЗАИТ,KL-250 P,43624,ok,Y,,
891,Аккумулятор KL-250 P (с электролитом) (ЗАИТ),akkumulyatory/promyshlennye/dlya_rezervnogo_pitaniya,https://microchips.by/catalog/akkumulyatory/promyshlennye/dlya_rezervnogo_pitaniya/891/,,,,ЗАИТ,KL-250 P,12,ok,Y,,
892,Аккумулятор KL-300 P (без электролита) (ЗАИТ),akkumulyatory/promyshlennye/dlya_rezervnogo_pitaniya,https://microchips.by/catalog/akkumulyatory/promyshlennye/dlya_rezervnogo_pitaniya/892/,,,,ЗАИТ,KL-300 P,11,ok,Y,,
893,Аккумулятор KL-300 P (с электролитом) (ЗАИТ),akkumulyatory/promyshlennye/dlya_rezervnogo_pitaniya,https://microchips.by/catalog/akkumulyatory/promyshlennye/dlya_rezervnogo_pitaniya/893/,,,,ЗАИТ,KL-300 P,14,ok,Y,,
894,Аккумулятор KL-500 P (без электролита) (ЗАИТ),akkumulyatory/promyshlennye/dlya_rezervnogo_pitaniya,https://microchips.by/catalog/akkumulyatory/promyshlennye/dlya_rezervnogo_pitaniya/894/,,,,ЗАИТ,KL-500 P,,missing,Y,,
895,Аккумулятор KL-500 P (с электролитом) (ЗАИТ),akkumulyatory/promyshlennye/dlya_rezervnogo_pitaniya,https://microchips.by/catalog/akkumulyatory/promyshlennye/dlya_rezervnogo_pitaniya/895/,,,,ЗАИТ,KL-500 P,,missing,Y,,
896,Аккумулятор KM-260 P,akkumulyatory/promyshlennye/dlya_rezervnogo_pitaniya,https://microchips.by/catalog/akkumulyatory/promyshlennye/dlya_rezervnogo_pitaniya/896/,,,,,KM-260 P,,missing,Y,,
897,Аккумулятор KM-300 P,akkumulyatory/promyshlennye/dlya_rezervnogo_pitaniya,https://microchips.by/catalog/akkumulyatory/promyshlennye/dlya_rezervnogo_pitaniya/897/,,,,,KM-300 P,,missing,Y,,
898,Аккумулятор KPL- 55P (без электролита) (ЗАИТ),akkumulyatory/promyshlennye/dlya_rezervnogo_pitaniya,https://microchips.by/catalog/akkumulyatory/promyshlennye/dlya_rezervnogo_pitaniya/898/,,,,ЗАИТ,KPL- 55P,,missing,Y,,
899,Аккумулятор KPL- 70 P (без электролита) (ЗАИТ),akkumulyatory/promyshlennye/dlya_rezervnogo_pitaniya,https://microchips.by/catalog/akkumulyatory/promyshlennye/dlya_rezervnogo_pitaniya/899/,,,,ЗАИТ,KPL- 70 P,,missing,Y,,
900,Аккумулятор KPL- 70 P (с электролитом) (ЗАИТ),akkumulyatory/promyshlennye/dlya_rezervnogo_pitaniya,https://microchips.by/catalog/akkumulyatory/promyshlennye/dlya_rezervnogo_pitaniya/900/,,,,ЗАИТ,KPL- 70 P,43680,ok,Y,,
